lecture_name,entity_name,context,question,answer,generated_answer
18100a-lecture-1-multicammp4_360p_16_9,set theory,Full Lecture Transcript,"In the lecture, what does the symbol \in represent?",x ∈ S means x is an element (member) of the set S.,"In the lecture, the symbol \(\in\) denotes **membership** – it means “is an element of.” For example, \(A \in S\) reads “\(A\) is an element of \(S\).”"
18100a-lecture-1-multicammp4_360p_16_9,set theory,Full Lecture Transcript,"According to the lecture, how is the subset relation A⊆B defined?","A⊆B means: for every element x, if x∈A then x∈B.","According to the lecture, the subset relation \(A\subseteq B\) is defined as:

> **\(A\subseteq B\) means that every element of \(A\) is also an element of \(B\).**"
18100a-lecture-1-multicammp4_360p_16_9,set theory,Full Lecture Transcript,"According to the lecture, what additional condition distinguishes a proper subset from a subset?",A⊂B means A⊆B and A≠B (A does not equal B).,"A proper subset must be a subset **and** not equal to the larger set. In other words, \(A\subseteq B\) and \(A\neq B\)."
18100a-lecture-1-multicammp4_360p_16_9,set theory,Full Lecture Transcript,"In the lecture, how does one verify that two sets A and B are equal?",Show A⊆B and B⊆A (each set is a subset of the other).,"In the lecture, two sets \(A\) and \(B\) are verified to be equal by showing that each is a subset of the other. In other words, you prove \(A \subseteq B\) **and** \(B \subseteq A\); once both inclusions hold, the definition of set equality guarantees \(A = B\)."
18100a-lecture-1-multicammp4_360p_16_9,set theory,Full Lecture Transcript,"According to the lecture, what are the two statements of De Morgan’s laws for sets B and C with respect to complements?",(B∪C)^c = B^c∩C^c \quad \text{and} \quad (B∩C)^c = B^c∪C^c.,"According to the lecture, De Morgan’s laws for two sets \(B\) and \(C\) are:

1. The complement of the union equals the intersection of the complements  
   \[
   (B \cup C)^{c}=B^{c}\cap C^{c}.
   \]

2. The complement of the intersection equals the union of the complements  
   \[
   (B \cap C)^{c}=B^{c}\cup C^{c}.
   \]"
18100a-lecture-1-multicammp4_360p_16_9,axiom,Full Lecture Transcript,"In the lecture, how is a *set* formally defined, and what is the notation used for the *empty set*?",A *set* – a collection of objects called *elements* or *members*. The empty set is denoted by \\(\\varnothing\\) (a circle with a dash).,"In the lecture a **set** is defined as “a collection of objects called elements or members.”  
The **empty set** (the set with no elements) is denoted by the symbol  

\[
\varnothing
\]

(a circle with a dash through it)."
18100a-lecture-1-multicammp4_360p_16_9,axiom,Full Lecture Transcript,"According to the course material, what is the precise definition of *subset*, *proper subset*, and *equality* of two sets?",A set \(A\) is a *subset* of \(B\) (written \(A \\subseteq B\)) if every element of \(A\) is also an element of \(B\). \(A\) is a *proper subset* of \(B\) (written \(A \\subsetneq B\)) if \(A \\subseteq B\) and \(A \\neq B\). Two sets \(A\) and \(B\) are *equal* (written \(A = B\)) precisely when \(A \\subseteq B\) and \(B \\subseteq A\).,"**Subset**  
\(A\) is a *subset* of \(B\) (written \(A\subseteq B\)) when every element of \(A\) is also an element of \(B\); formally  

\[
A\subseteq B \;\Longleftrightarrow\; \forall x\,(x\in A \;\Rightarrow\; x\in B).
\]

**Proper subset**  
\(A\) is a *proper subset* of \(B\) (written \(A\subset B\) – the symbol is the usual “\(\subset\)” with a dash through the line underneath the “\(C\)” to indicate “not equal”) when \(A\) is a subset of \(B\) **and** \(A\neq B\); formally  

\[
A\subset B \;\Longleftrightarrow\; (A\subseteq B)\;\text{and}\;(A\neq B).
\]

**Equality of two sets**  
Two sets \(A\) and \(B\) are *equal* (written \(A=B\)) when each is a subset of the other; formally  

\[
A=B \;\Longleftrightarrow\; (A\subseteq B)\;\text{and}\;(B\subseteq A).
\]

These are the precise definitions given in the lecture material."
18100a-lecture-1-multicammp4_360p_16_9,axiom,Full Lecture Transcript,"Which symbols and operations were introduced to express the *union*, *intersection*, *set difference*, and *complement* of sets, and how is the complement of a set defined relative to a universe?","Union: \(A \\cup B\) is the set of all elements in \(A\) or in \(B\).  
   Intersection: \(A \\cap B\) contains all elements that are in both \(A\) and \(B\).  
   Set difference: \(A \\setminus B\) consists of elements in \(A\) that are not in \(B\).  
   Complement: If \(U\) denotes the chosen universe, the complement of \(A\) (written \(A^{c}\) or \(U \\setminus A\)) is the set of all elements in \(U\) that are not in \(A\).","**Symbols and operations introduced**

| Operation | Symbol used in the lecture | Meaning |
|-----------|---------------------------|---------|
| **Union** | \(A \cup B\) (or simply “\(A\) U \(B\)”) | The set of all elements that are in \(A\) **or** in \(B\). |
| **Intersection** | \(A \cap B\) | The set of all elements that are in **both** \(A\) and \(B\). |
| **Set difference** | \(A \setminus B\) (written “\(A\) backslash \(B\)”) | The set of all elements that are in \(A\) **and not** in \(B\). |
| **Complement** | \(A^{c}\) (sometimes written \(A^{\complement}\) or “\(A\) with a bar over it”) | The set of all elements that are **not** in \(A\). |

**Definition of the complement relative to a universe**

The complement of a set \(A\) is defined with respect to a chosen *universe* \(U\).  
It is the set of all elements that belong to the universe but do **not** belong to \(A\):

\[
A^{c} \;=\; \{\,x \in U \mid x \notin A\,\}.
\]

If the discussion is taking place inside a particular ambient set (for example, all subsets of \(\mathbb{R}\) or all subsets of \(\mathbb{Q}\)), that ambient set is the universe \(U\) for the complement operation. The lecture emphasizes that the complement is always taken relative to this universe, not to the entire “real” universe of all possible objects."
18100a-lecture-1-multicammp4_360p_16_9,axiom,Full Lecture Transcript,State De Morgan’s laws as presented in the lecture and explain the logical strategy used to prove the inclusion that \((B \cup C)^{c} \subseteq B^{c} \cap C^{c}\).,"De Morgan’s laws:  
    \\((B \\cup C)^{c} = B^{c} \\cap C^{c}\\),  
    \\((B \\cap C)^{c} = B^{c} \\cup C^{c}\\).  
    To prove \((B \\cup C)^{c} \\subseteq B^{c} \\cap C^{c}\) the lecturer shows: let \(x \\in (B \\cup C)^{c}\). Then \(x \\notin B \\cup C\\), so \(x \\notin B\\) and \(x \\notin C\\). Thus \(x \\in B^{c}\\) and \(x \\in C^{c}\\), hence \(x \\in B^{c} \\cap C^{c}\\).","**De Morgan’s laws (as stated in the lecture)**  

For any three sets \(A,B,C\) the lecture gives the following two identities:

1. \((B\cup C)^{c}=B^{c}\cap C^{c}\)  
2. \((B\cap C)^{c}=B^{c}\cup C^{c}\)

(And, in the same spirit, the relative version  
\(A\setminus(B\cup C)=(A\setminus B)\cap(A\setminus C)\).)

---

### Logical strategy for proving  
\[
(B\cup C)^{c}\subseteq B^{c}\cap C^{c}
\]

The proof is a **direct “element‑by‑element” argument** that uses only the
definitions of the set operations involved.

1. **Start with an arbitrary element.**  
   Let \(x\) be an arbitrary element of \((B\cup C)^{c}\).

2. **Unpack the definition of the complement.**  
   By definition,  
   \[
   x\in(B\cup C)^{c}\;\Longleftrightarrow\;x\notin B\cup C .
   \]

3. **Use the definition of the union.**  
   The statement \(x\notin B\cup C\) means that \(x\) is **not** in \(B\) **and** is **not** in \(C\):
   \[
   x\notin B\cup C\;\Longleftrightarrow\;(x\notin B)\;\text{and}\;(x\notin C).
   \]

4. **Translate back to complements.**  
   The conditions \(x\notin B\) and \(x\notin C\) are exactly the statements
   \(x\in B^{c}\) and \(x\in C^{c}\), respectively.

5. **Apply the definition of intersection.**  
   Therefore \(x\in B^{c}\) **and** \(x\in C^{c}\) implies
   \[
   x\in B^{c}\cap C^{c}.
   \]

6. **Conclude the inclusion.**  
   Since an arbitrary element \(x\) of \((B\cup C)^{c}\) was shown to belong to
   \(B^{c}\cap C^{c}\), we have proved
   \[
   (B\cup C)^{c}\subseteq B^{c}\cap C^{c}.
   \]

This is the logical strategy used in the lecture: start with an arbitrary element of the left‑hand side, apply the definitions of complement and union, and then use the definition of intersection to finish the argument. The proof is a straightforward application of the definitions, and it is one half of the two inclusions needed to establish the full equality \((B\cup C)^{c}=B^{c}\cap C^{c}\)."
18100a-lecture-1-multicammp4_360p_16_9,axiom,Full Lecture Transcript,"What are the two key assumptions required in a proof by induction according to the lecture, and how does the well‑ordering principle provide the argument that the induction hypothesis leads to a contradiction if the inductive set is non‑empty?","A proof by induction requires: 1) the *base case* – establishing the statement for \(n=1\); 2) the *inductive step* – proving that if the statement holds for an arbitrary \(n=m\), it holds for \(n=m+1\).  
    The well‑ordering principle is used contrapositive: Assume the set \(S\) of natural numbers for which the statement fails is non‑empty. By well‑ordering, \(S\) has a least element \(x\).  
    Since \(x>1\), \(x-1 \\notin S\), so the statement holds for \(x-1\). The inductive step then produces a contradiction, showing that \(x \\in S\) cannot occur. Therefore \(S\) is empty and the statement holds for all \(n\).","**Two key assumptions in a proof by induction (as stated in the lecture)**  

1. **Base case** – The statement \(P(1)\) is true.  
2. **Inductive step** – For every natural number \(m\), if \(P(m)\) is true then \(P(m+1)\) is also true.  

These two facts together allow us to conclude that \(P(n)\) holds for every natural number \(n\).

---

**How the well‑ordering principle is used to obtain a contradiction**

1. **Assume the contrary** – Suppose the set  
   \[
   S=\{\,n\in\mathbb N \mid P(n)\text{ is false}\,\}
   \]
   is non‑empty.  

2. **Apply the well‑ordering principle** – Because \(S\) is a non‑empty subset of the natural numbers, it has a least element. Call this least element \(x\).

3. **Analyze the least element**  
   * \(x\neq 1\): If \(x=1\), then \(P(1)\) would be false, contradicting the base case.  
   * Therefore \(x>1\), so \(x-1\) is a natural number smaller than \(x\).  
   * Since \(x\) is the *least* element of \(S\), \(x-1\) cannot belong to \(S\); hence \(P(x-1)\) is true.

4. **Use the inductive step** – From \(P(x-1)\) being true and the inductive hypothesis (“if \(P(m)\) then \(P(m+1)\)”), we deduce that \(P(x)\) must be true.

5. **Contradiction** – But \(x\) was chosen to be in \(S\), meaning \(P(x)\) is false. This contradiction shows that our assumption that \(S\) is non‑empty is impossible.

Thus, by the well‑ordering principle, the set of counter‑examples must be empty, and consequently \(P(n)\) holds for all natural numbers."
18100a-lecture-1-multicammp4_360p_16_9,logic,Full Lecture Transcript,"According to the lecture, what does the notation \(A \subseteq B\) signify in terms of elements \(x\)? Provide the formal statement.","For all \(x\), if \(x \in A\) then \(x \in B\).","According to the lecture, the notation  

\[
A \subseteq B
\]

means that **every element of \(A\) is also an element of \(B\)**.  Formally,

\[
A \subseteq B \;\;\Longleftrightarrow\;\; \forall x \bigl( x \in A \;\Rightarrow\; x \in B \bigr).
\]"
18100a-lecture-1-multicammp4_360p_16_9,logic,Full Lecture Transcript,"In the lecture, how is a proper subset denoted and what additional condition distinguishes it from a general subset? Write the definition.",A proper subset is denoted by a notation such as \(A \subset B\) or \(A \subseteq B\) with a ‘not equal’ sign. It is defined by the condition \(A \subseteq B\) and \(A \neq B\).,"**Proper subset notation**

In the lecture a proper subset is written with the subset symbol that has a slash (or a line) through it, e.g.

\[
A \;\subset\!\!\!\!/\; B
\]

**Definition**

\(A\) is a *proper subset* of \(B\) if

\[
A \subseteq B \quad\text{and}\quad A \neq B .
\]

The extra condition that distinguishes a proper subset from a general subset is that the two sets are not equal."
18100a-lecture-1-multicammp4_360p_16_9,logic,Full Lecture Transcript,Which of the following is one of the De Morgan laws as stated in the lecture? Provide the set equality.,One De Morgan law is \((A \cup B)^{c} = A^{c} \cap B^{c}\).,"One of De Morgan’s laws stated in the lecture is  

\[
(B\;\cup\;C)^{c}\;=\;B^{c}\;\cap\;C^{c}\,.
\]"
18100a-lecture-1-multicammp4_360p_16_9,logic,Full Lecture Transcript,"According to the lecture’s description of induction, what are the two properties that a statement \(P_n\) must satisfy for the theorem of induction to apply? Describe them in plain English.","The base case: \(P_1\) is true. The inductive step: for every \(m\), if \(P_m\) is true then \(P_{m+1}\) is true.","**The two conditions that a statement \(P_n\) must meet for the induction theorem to work are:**

1. **Base case (starting point)** – The statement must be true for the first natural number, usually \(n = 1\).  
   *In plain English:* “Check that the property holds when you plug in the very first number (1).”

2. **Inductive step (step‑by‑step propagation)** – Whenever the statement is true for an arbitrary natural number \(m\), it must also be true for the next number, \(m+1\).  
   *In plain English:* “Assume the property holds for some number \(m\); then show that this assumption forces it to hold for the following number \(m+1\).”

If both of these are established, the theorem of induction guarantees that \(P_n\) is true for every natural number \(n\)."
18100a-lecture-1-multicammp4_360p_16_9,logic,Full Lecture Transcript,"The lecturer proved by induction that for any \(c \neq 1\) and natural number \(n\), \[1 + c + c^2 + \dots + c^n = \frac{1 - c^{\,n+1}}{1 - c}.\] Which step of the induction proof corresponds to verifying the equality for \(n = 1\), and why is this step considered the base case?","The step where we substitute \(n = 1\) into the formula, checking that \(1 + c = \frac{1 - c^{2}}{1 - c}\). This verifies the statement for the smallest natural number, fulfilling the base case requirement.","The step that checks the equality for \(n=1\) is the **base‑case part of the induction**.  
In the lecture the instructor writes:

> “**Base case** – plug in \(n=1\).  
>  \(1 + c = \dfrac{1 - c^{\,2}}{1-c}\).  
>  This is true, so the statement holds for \(n=1\).”

This is the part where the lecturer explicitly substitutes \(n=1\) into the formula and verifies that the two sides are equal.  

It is called the *base case* because mathematical induction requires a starting point: the statement must be true for the smallest natural number (here \(n=1\)). Once the base case is established, the inductive step can then show that if the statement holds for some \(m\), it also holds for \(m+1\). The base case guarantees that the chain of implications can begin, ensuring the statement is true for all natural numbers."
18100a-lecture-1-multicammp4_360p_16_9,principle of mathematical induction,Full Lecture Transcript,"According to the discussion on the induction theorem, describe precisely the logical commitments one must make about a statement \\,P(n)\\, in order to apply induction. Provide the required two properties in mathematical notation.","The two properties are: 1. \\(P(1)\\) is true, 2. For all \\(m\\in\\mathbb N\\), \\(P(m)\\Rightarrow P(m+1)\\).","To use the induction theorem you must **commit** that the statement \(P(n)\) satisfies two specific logical conditions:

1. **Base case** – \(P(1)\) is true.  
   \[
   P(1)
   \]

2. **Inductive step** – For every natural number \(m\), if \(P(m)\) is true then \(P(m+1)\) is true.  
   \[
   \forall m\in\mathbb{N}\;\bigl(P(m)\;\Rightarrow\;P(m+1)\bigr)
   \]

With these two properties established, the induction theorem guarantees that \(P(n)\) holds for all natural numbers \(n\)."
18100a-lecture-1-multicammp4_360p_16_9,principle of mathematical induction,Full Lecture Transcript,"In the proof of the induction theorem given in the lecture, the set \\(S=\\{n\\in\\mathbb N:\\;P(n)\\text{ is false}\\}\\) is introduced. What role does the well‑ordering property of \\(\\mathbb N\\) play in the argument, and why does assuming \\(S\\neq\\varnothing\\) lead to a contradiction?","The well‑ordering property guarantees that a non‑empty subset of \\(\\mathbb N\\) has a least element. Assuming \\(S\\neq\\varnothing\\) yields a minimal \\(x\\in S\\). Because \\(x-1\\notin S\\), we have \\(P(x-1)\\) true, and by the inductive step \\(P(x)\\) must be true, contradicting \\(x\\in S\\).","In the proof we let  

\[
S=\{\,n\in\mathbb N : P(n)\text{ is false}\,\}.
\]

The goal is to show that \(S=\varnothing\).  
Assume, for the sake of contradiction, that \(S\neq\varnothing\).

---

### Role of the well‑ordering property  

The well‑ordering property of \(\mathbb N\) says that every non‑empty subset of \(\mathbb N\) has a least element.  
Because we have assumed \(S\neq\varnothing\), the well‑ordering property guarantees that \(S\) has a smallest element; call it \(x\).

This “least counterexample” is the key to the argument: it allows us to reason about the element just before \(x\) (namely \(x-1\)) and use the inductive hypothesis.

---

### Why the assumption leads to a contradiction  

1. **\(x\) cannot be \(1\).**  
   The base case of the induction hypothesis tells us that \(P(1)\) is true, so \(1\notin S\). Hence \(x>1\).

2. **\(x-1\) is not in \(S\).**  
   Since \(x\) is the smallest element of \(S\), every number smaller than \(x\) is not in \(S\). In particular, \(x-1\notin S\), so \(P(x-1)\) is true.

3. **Apply the inductive step.**  
   The inductive step says: if \(P(m)\) is true, then \(P(m+1)\) is true.  
   Taking \(m=x-1\), we get that \(P(x)\) must be true.

4. **Contradiction.**  
   But \(x\in S\) means \(P(x)\) is false. Thus we have both \(P(x)\) true and \(P(x)\) false—a contradiction.

Because the assumption \(S\neq\varnothing\) leads to an impossible situation, it must be false. Therefore \(S=\varnothing\), and \(P(n)\) holds for every natural number \(n\).

So the well‑ordering property supplies the minimal counterexample, and the contradiction arises from applying the base case and inductive step to that minimal element."
18100a-lecture-1-multicammp4_360p_16_9,principle of mathematical induction,Full Lecture Transcript,"The lecturer defines set equality via mutual inclusion. State this definition using set notation, and explain how this definition is used in proving an equality between two set expressions such as \\((B\\cup C)^c = B^c\\cap C^c\\).","Set equality is defined as \\(A=B\\iff (A\\subseteq B)\\wedge(B\\subseteq A)\\). To prove \\((B\\cup C)^c = B^c\\cap C^c\\), one shows each side is a subset of the other by unpacking the definitions of complement, union, and intersection, then applies the definition of equality.","**Definition (mutual inclusion)**  
For any two sets \(A\) and \(B\),

\[
A = B \quad\Longleftrightarrow\quad (A \subseteq B \;\text{and}\; B \subseteq A).
\]

In symbols this is often written

\[
A = B \;\;\Longleftrightarrow\;\; (A \subseteq B) \wedge (B \subseteq A).
\]

---

### Using the definition to prove  
\[
(B\cup C)^{c}=B^{c}\cap C^{c}
\]

1. **Show the first inclusion**  
   *Take an arbitrary element \(x\in (B\cup C)^{c}\).*  
   By the definition of complement, \(x\notin B\cup C\).  
   The definition of union gives \(x\notin B\) and \(x\notin C\).  
   Hence \(x\in B^{c}\) and \(x\in C^{c}\), so \(x\in B^{c}\cap C^{c}\).  
   Therefore \((B\cup C)^{c}\subseteq B^{c}\cap C^{c}\).

2. **Show the second inclusion**  
   *Take an arbitrary element \(x\in B^{c}\cap C^{c}\).*  
   Then \(x\in B^{c}\) and \(x\in C^{c}\), i.e. \(x\notin B\) and \(x\notin C\).  
   Thus \(x\notin B\cup C\), so \(x\in (B\cup C)^{c}\).  
   Hence \(B^{c}\cap C^{c}\subseteq (B\cup C)^{c}\).

3. **Conclude equality**  
   Since we have both inclusions, by the definition of set equality (mutual inclusion) we conclude

   \[
   (B\cup C)^{c}=B^{c}\cap C^{c}.
   \]

The lecturer repeatedly emphasizes that proving an equality of sets boils down to proving two inclusions, exactly as shown above."
18100a-lecture-1-multicammp4_360p_16_9,principle of mathematical induction,Full Lecture Transcript,"When applying induction to prove the formula \\(1+c+c^2+\\dots+c^n=\\frac{1-c^{\\,n+1}}{1-c}\\) with \\(c\\neq1\\), what is the inductive hypothesis and what is the inductive step? Express them in LaTeX.","Inductive hypothesis: \\(1+c+c^2+\\dots+c^m=\\frac{1-c^{\,m+1}}{1-c}\\). Inductive step: assuming the hypothesis for \\(m\\), prove \\(1+c+c^2+\\dots+c^{m+1}=\\frac{1-c^{\,m+2}}{1-c}\\).","**Inductive hypothesis**

Assume that for some fixed \(m\in\mathbb N\)

\[
1+c+c^{2}+\dots +c^{m}\;=\;\frac{1-c^{\,m+1}}{\,1-c\,}\qquad(\ast)
\]

holds.

**Inductive step**

Using \((\ast)\) we must prove that the formula also holds for \(n=m+1\), i.e.

\[
1+c+c^{2}+\dots +c^{m}+c^{m+1}\;=\;\frac{1-c^{\,m+2}}{\,1-c\,}.
\]

Indeed,

\[
\begin{aligned}
1+c+\dots +c^{m}+c^{m+1}
&= \left(1+c+\dots +c^{m}\right)+c^{m+1}  \\
&= \frac{1-c^{\,m+1}}{1-c}+c^{m+1} \qquad\text{(by the hypothesis)}\\
&= \frac{1-c^{\,m+1}+c^{m+1}(1-c)}{1-c} \\
&= \frac{1-c^{\,m+2}}{1-c}.
\end{aligned}
\]

Thus the statement holds for \(n=m+1\), completing the inductive step."
18100a-lecture-1-multicammp4_360p_16_9,principle of mathematical induction,Full Lecture Transcript,"The lecturer mentions that in a proof by contradiction one ""assumes the negation of the desired statement and derives a contradiction"". In the context of the induction theorem proof, what exact statement is assumed to be false, and what contradictory statement is eventually derived?","Assumed false statement: that there exists an \\(n\\) with \\(P(n)\\) false, i.e. \\(S\\neq\\varnothing\\). Derived contradiction: from this assumption one finds a minimal element \\(x\\in S\\) such that, using the inductive step, one also deduces \\(x\\notin S\\); thus \\(x\\in S\\) and \\(x\\notin S\\) simultaneously, a logical impossibility.\n","In the proof of the induction theorem the lecturer first rewrites the goal as

\[
\text{“\(P(n)\) is true for every natural number \(n\)”} \;\;\Longleftrightarrow\;\; S=\varnothing ,
\]

where  

\[
S=\{\,n\in\mathbb N : P(n)\text{ is **not** true}\,\}.
\]

**What is assumed to be false?**  
The negation of the desired statement is that \(S\) is **not** empty; equivalently, that there exists at least one natural number for which \(P(n)\) fails. In symbols:

\[
\exists n\in\mathbb N\; (\,P(n)\text{ is false}\,) \quad\text{or}\quad S\neq\varnothing .
\]

**What contradictory statement is eventually derived?**  
Using the well‑ordering principle, let \(x\) be the least element of \(S\).  
Because \(x>1\), the number \(x-1\) is not in \(S\), so \(P(x-1)\) is true.  
By the inductive step (the hypothesis that \(P(m)\Rightarrow P(m+1)\)), this implies \(P(x)\) is true.  

But \(x\in S\) means \(P(x)\) is false. Thus we obtain the contradiction

\[
P(x)\text{ is true} \;\;\text{and}\;\; P(x)\text{ is false}.
\]

Hence the assumption that \(S\) is non‑empty leads to an impossible statement, proving that \(S\) must be empty and therefore \(P(n)\) holds for all \(n\)."
18100a-lecture-1-multicammp4_360p_16_9,set difference,Full Lecture Transcript,"According to the lecture, what does the notation \(A \setminus B\) mean in set theory?","The notation \(A \setminus B\) denotes the set difference of \(A\) and \(B\), i.e. the set of all elements that belong to \(A\) but not to \(B\). Formally, \\[ A \\setminus B = \\{x \\mid x \\in A \\text{ and } x \\notin B\\}. \\]","In the lecture, \(A \setminus B\) (the “backslash” notation) denotes the **set difference**: it is the set of all elements that belong to \(A\) but do **not** belong to \(B\). In other words,
\[
A \setminus B=\{\,x\in A \mid x\notin B\,\}.
\]"
18100a-lecture-1-multicammp4_360p_16_9,set difference,Full Lecture Transcript,"How is the empty set written in the lecture, and what is its defining property?","The empty set is written as a circle with a dash through it, often represented by \\(\\varnothing\\). Its defining property is that it contains no elements; there is no \(x\\) such that \\(x\\in\\varnothing\\).","In the lecture the empty set is written as a **circle with a dash through it** (often denoted by the symbol ∅).  
Its defining property is that it contains **no elements** – there is no object that belongs to it."
18100a-lecture-1-multicammp4_360p_16_9,set difference,Full Lecture Transcript,"What condition, as stated in the lecture, guarantees that two sets \(A\) and \(B\) are equal, and how is a proper subset formally described?","Two sets \(A\) and \(B\) are equal if each is a subset of the other, i.e. \\(A \\subseteq B\\) and \\(B \\subseteq A\\). A proper subset is written \\(A \\subsetneq B\\) and means \\(A \\subseteq B\\) while \\(A \\neq B\\); equivalently, every member of \(A\) is in \(B\) but there exists at least one element of \(B\) not in \(A\\).","**Equality of sets**  
Two sets \(A\) and \(B\) are equal precisely when each is a subset of the other:

\[
A = B \quad\Longleftrightarrow\quad A \subseteq B \ \text{and}\  B \subseteq A .
\]

**Proper subset**  
A set \(A\) is a *proper subset* of a set \(B\) when it is a subset of \(B\) but is not equal to \(B\):

\[
A \subset B \quad\Longleftrightarrow\quad A \subseteq B \ \text{and}\  A \neq B .
\]"
18100a-lecture-1-multicammp4_360p_16_9,set difference,Full Lecture Transcript,Write the first De Morgan law presented in the lecture and explain what it tells us about complements of unions.,"The first De Morgan law as given is \\[ (B \\cup C)^{c} = B^{c} \\cap C^{c}. \\] In words, the complement of the union of \(B\) and \(C\) consists exactly of those elements that are not in \(B\) and also not in \(C\); it is the intersection of the complements.","**First De Morgan law (as stated in the lecture)**  

\[
(B \cup C)^{c}=B^{c}\cap C^{c}.
\]

**What it tells us about complements of unions**

The law says that if we take the complement of the union of two sets \(B\) and \(C\), the resulting set is exactly the intersection of the individual complements of \(B\) and of \(C\). In other words, an element is *not* in the union \(B\cup C\) precisely when it is *not* in \(B\) **and** it is *not* in \(C\). Thus the complement of a union is obtained by intersecting the complements."
18100a-lecture-1-multicammp4_360p_16_9,set difference,Full Lecture Transcript,"When the universe is \(\mathbb{R}\), how is the complement of a set \(A\) defined in the lecture, and how does it relate to the set difference notation?","When the ambient space is \\(\\mathbb{R}\\), the complement of \(A\\) is \\[ A^{c} = \\{x \\in \\mathbb{R} \\mid x \\notin A\\}. \\] This can also be expressed as the set difference from the universe: \\(A^{c}=\\mathbb{R}\\setminus A\\). Thus the complement is simply the set of all real numbers that are not in \(A\\).","When the universe is taken to be the real numbers \(\mathbb{R}\), the lecture defines the complement of a set \(A\) as

\[
A^{c}\;=\;\{\,x\in\mathbb{R}\mid x\notin A\,\}.
\]

In other words, the complement consists of all real numbers that are **not** in \(A\).  
This is exactly the same as the set‑difference notation with respect to the universe:

\[
A^{c}= \mathbb{R}\setminus A .
\]

So, in the context of the lecture, the complement of \(A\) when the universe is \(\mathbb{R}\) is simply the set difference \(\mathbb{R}\setminus A\)."
18100a-lecture-1-multicammp4_360p_16_9,De Morgan's laws,Full Lecture Transcript,"In the lecture, how is the equality of two sets formally defined?","Two sets \(A\) and \(B\) are equal if and only if \(A\subseteq B\) and \(B\subseteq A\); that is, every element of \(A\) is in \(B\) and every element of \(B\) is in \(A\).","In the lecture, two sets are declared equal precisely when each one is a subset of the other.  That is, \(A = B\) iff \(A \subseteq B\) and \(B \subseteq A\)."
18100a-lecture-1-multicammp4_360p_16_9,De Morgan's laws,Full Lecture Transcript,"During the proof of De Morgan’s law for complements of unions, what logical reasoning is used after assuming an element \(x\) belongs to the left–hand side \((B\cup C)^c\) to conclude that \(x\) belongs to the right–hand side \(B^c\cap C^c\)?","Assuming \(x\in (B\cup C)^c\) means, by definition of complement, that \(x\notin B\cup C\). The definition of union then gives \(x\notin B\) and \(x\notin C\). By the definition of complement again, \(x\in B^c\) and \(x\in C^c\); hence \(x\in B^c\cap C^c\).","After assuming \(x\in (B\cup C)^{c}\) the proof uses the **definitions of complement and union** together with ordinary logical inference:

1. \(x\in (B\cup C)^{c}\) ⇒ \(x\notin B\cup C\)  (definition of complement).  
2. \(x\notin B\cup C\) ⇒ \(x\notin B\) **and** \(x\notin C\)  (definition of union).  
3. \(x\notin B\) ⇒ \(x\in B^{c}\); \(x\notin C\) ⇒ \(x\in C^{c}\)  (definition of complement).  
4. Therefore \(x\in B^{c}\) **and** \(x\in C^{c}\) ⇒ \(x\in B^{c}\cap C^{c}\).

Thus the logical reasoning is: “from \(x\) not belonging to the union, deduce \(x\) is not in each set, hence \(x\) belongs to each complement, so \(x\) is in their intersection.”"
18100a-lecture-1-multicammp4_360p_16_9,De Morgan's laws,Full Lecture Transcript,"The relative complement notation \(A\backslash B\) is introduced. According to the discussion, what is the precise set‑theoretic definition of \(A\backslash B\)?","The relative complement \(A\backslash B\) is defined as the set of all elements that belong to \(A\) but not to \(B\): \[
          A\backslash B=\{\,x\mid x\in A\text{ and }x\notin B\,\}.
          \]","\(A\backslash B\) is the **relative complement** of \(B\) in \(A\); it consists of all elements that belong to \(A\) but do **not** belong to \(B\).  In set‑theoretic notation  

\[
A\backslash B \;=\;\{\,x\in A \mid x\notin B\,\}\,.
\]"
18100a-lecture-1-multicammp4_360p_16_9,De Morgan's laws,Full Lecture Transcript,"Why does proving both inclusions \(X\subseteq Y\) and \(Y\subseteq X\) suffice to prove that the two sets \(X\) and \(Y\) are equal, as described in the lecture?","According to the definition of set equality, two sets are equal precisely when each is a subset of the other. Therefore, proving the two inclusions \(X\subseteq Y\) and \(Y\subseteq X\) shows that every element of \(X\) lies in \(Y\) and every element of \(Y\) lies in \(X\), which by definition implies \(X=Y\).","In the lecture the definition of “two sets are equal’’ is given explicitly:  

> **Definition.**  For sets \(X\) and \(Y\), we write \(X=Y\) iff  
>  \[
>  X\subseteq Y \quad\text{and}\quad Y\subseteq X .
>  \]

Thus, to show that \(X\) and \(Y\) are the same set, it is enough to prove the two inclusions.  
If every element of \(X\) is also an element of \(Y\) (i.e. \(X\subseteq Y\)), and conversely every element of \(Y\) is also an element of \(X\) (i.e. \(Y\subseteq X\)), then by the definition the two sets contain exactly the same elements, and therefore they are equal. This is why the lecture stresses proving both inclusions as the standard way to establish set equality."
18100a-lecture-1-multicammp4_360p_16_9,De Morgan's laws,Full Lecture Transcript,"In the lecture’s proof that \((B\cup C)^c = B^c\cap C^c\), what is the significance of the step where we deduce \(x\notin B\) and \(x\notin C\), and how does this relate to the definition of complement?","The deduction that \(x\notin B\) and \(x\notin C\) shows that \(x\) fails membership in each of the sets \(B\) and \(C\). This is exactly the condition for \(x\) to belong to the complements \(B^c\) and \(C^c\). Establishing both conditions simultaneously allows us to conclude that \(x\in B^c\cap C^c\), linking the complement operation with set membership.","In the proof we start with an element \(x\) that is **in the complement of the union**:
\[
x\in (B\cup C)^c .
\]

By the definition of a complement, “\(x\) is in \((B\cup C)^c\)” means exactly that  
\(x\) is **not** in the set \(B\cup C\):
\[
x\notin B\cup C .
\]

The next step is to unpack what “\(x\notin B\cup C\)” means.  
An element is not in a union precisely when it is not in either of the two sets that form the union. Formally,
\[
x\notin B\cup C \;\Longleftrightarrow\; x\notin B \text{ and } x\notin C .
\]

This deduction is significant because it translates the statement about the complement of a union into two separate statements about the complements of the individual sets. Using the definition of complement again,
\[
x\notin B \;\Longleftrightarrow\; x\in B^c , \qquad
x\notin C \;\Longleftrightarrow\; x\in C^c .
\]

Hence we obtain
\[
x\in B^c \text{ and } x\in C^c \;\Longleftrightarrow\; x\in B^c\cap C^c .
\]

So the step “\(x\notin B\) and \(x\notin C\)” is the bridge that connects membership in \((B\cup C)^c\) to membership in \(B^c\cap C^c\). It uses the definition of complement to show that being outside the union is equivalent to being outside each set, which is exactly the definition of the intersection of the complements. This establishes one inclusion needed for the equality \((B\cup C)^c = B^c\cap C^c\)."
18100a-lecture-1-multicammp4_360p_16_9,proper subset,Full Lecture Transcript,"According to the lecture, what is the precise definition of a set being a proper subset of another set, and how is this relationship denoted in notation used in the text?",A set \(A\) is a proper subset of \(B\) if every element of \(A\) lies in \(B\) and \(A\) is not equal to \(B\).  In the notation used in the lecture this is written as \(A\\subset B\) with a dash under the \\(\\subset\\) symbol.,"**Definition (proper subset)**  
A set \(A\) is a *proper subset* of a set \(B\) precisely when

1. every element of \(A\) is also an element of \(B\)  \((A\subseteq B)\), and  
2. \(A\) is **not** equal to \(B\)  \((A\neq B)\).

In other words, \(A\) is contained in \(B\) but does not contain all of \(B\)’s elements.

**Notation used in the lecture**  
The relationship is written with the symbol that looks like a “C” (the subset symbol) with a dash through it, i.e.

\[
A \subset B
\]

(That dash indicates the “not equal” part, distinguishing it from the ordinary subset symbol \(\subseteq\).)"
18100a-lecture-1-multicammp4_360p_16_9,proper subset,Full Lecture Transcript,"In the context of the lecture, if two sets \(A\) and \(B\) satisfy that every element of \(A\) is in \(B\) and every element of \(B\) is in \(A\), what conclusion can we draw about \(A\) and \(B\), and what rule from the lecture justifies this conclusion?",They are equal: \(A = B\).  This follows from the lecture’s definition that two sets are equal precisely when each is a subset of the other.,"**Conclusion:**  
The two sets are **equal**: \(A = B\).

**Justification from the lecture:**  
The lecture states that *“two sets are equal if and only if each is a subset of the other.”*  
Since every element of \(A\) is in \(B\) (so \(A \subseteq B\)) and every element of \(B\) is in \(A\) (so \(B \subseteq A\)), the rule for set equality applies, giving \(A = B\)."
18100a-lecture-1-multicammp4_360p_16_9,proper subset,Full Lecture Transcript,"During the proof of De Morgan’s laws, the lecturer states that to show equality of two sets it suffices to prove two inclusions. Explain why showing \( (B\cup C)^{c}\subseteq B^{c}\cap C^{c}\) and the reverse inclusion together establish the equality.","Because by definition two sets are equal iff each is contained in the other.  Proving \( (B\cup C)^{c}\subseteq B^{c}\cap C^{c}\) establishes one direction of inclusion, and proving the reverse inclusion gives the other direction.  Together they yield the equality of the two sets.","In set theory two sets are **equal** exactly when each one is contained in the other.  
Formally  

\[
A=B \quad\Longleftrightarrow\quad A\subseteq B\ \text{and}\ B\subseteq A .
\]

So, to prove that the complement of a union equals the intersection of the complements, the lecturer shows the two necessary inclusions:

1. **First inclusion**  
   \[
   (B\cup C)^{c}\subseteq B^{c}\cap C^{c}.
   \]
   This means: *every* element that is **not** in \(B\cup C\) is also **not** in \(B\) **and** **not** in \(C\). Hence it lies in the intersection of the two complements.

2. **Second inclusion**  
   \[
   B^{c}\cap C^{c}\subseteq (B\cup C)^{c}.
   \]
   This means: *every* element that is **not** in \(B\) **and** **not** in \(C\) is also **not** in \(B\cup C\). Thus it lies in the complement of the union.

Because we have shown that every element of the left‑hand set is in the right‑hand set **and** every element of the right‑hand set is in the left‑hand set, the two sets contain exactly the same elements. By the definition of set equality, this establishes

\[
(B\cup C)^{c}=B^{c}\cap C^{c}.
\]

Hence proving the two inclusions suffices to prove the equality."
18100a-lecture-1-multicammp4_360p_16_9,proper subset,Full Lecture Transcript,"Which logical connective is represented by the symbol ""\\leftrightarrow"" in the text, and when is this used in a proof according to the discussion?","""\\leftrightarrow"" denotes the logical connective ""if and only if"" (↔).  It is used in a proof to state that one statement implies another and vice versa, establishing the equivalence of two conditions.","The symbol **`\leftrightarrow`** denotes the **biconditional** connective, i.e. “if and only if” (↔).  

In the lecture it is used in a proof when one must establish an equivalence between two statements.  That means you prove both directions—show that \(P \implies Q\) and that \(Q \implies P\)—so that the two statements are logically equivalent."
18100a-lecture-1-multicammp4_360p_16_9,proper subset,Full Lecture Transcript,"In the proof sketch for proving a property for all natural numbers using induction, what role does the well‑ordering principle of \(\\mathbb{N}\) play, and how is it used to derive a contradiction?","The well‑ordering principle guarantees that any non‑empty set of natural numbers has a smallest element.  In a proof by contradiction, one assumes the existence of a counterexample set \(S\), takes its least element \(x\), and shows (using the base case and inductive step) that \(x\) cannot be in \(S\), yielding a contradiction.  Hence the original assumption was false.","In the induction‑style proof the well‑ordering principle is used to **guarantee the existence of a minimal counterexample**.

1. **Assume a counterexample set is non‑empty.**  
   Let  
   \[
   S=\{\,n\in\mathbb N\mid P(n)\text{ is false}\,\}.
   \]
   If we want to prove \(P(n)\) for every natural number, we start by assuming, for the sake of contradiction, that \(S\neq\varnothing\).

2. **Apply the well‑ordering principle.**  
   The well‑ordering principle says that every non‑empty subset of \(\mathbb N\) has a least element.  
   Hence \(S\) has a least element, call it \(x\).

3. **Derive a contradiction from the minimality of \(x\).**  
   - Because the base case \(P(1)\) is true, \(1\notin S\); therefore \(x>1\).  
   - Since \(x\) is the smallest element of \(S\), the number \(x-1\) cannot belong to \(S\); otherwise \(x-1\) would be a smaller counterexample.  
   - But the inductive hypothesis (the assumption that \(P(m)\) implies \(P(m+1)\)) applied to \(m=x-1\) shows that if \(P(x-1)\) is true, then \(P(x)\) must also be true.  
   - Because \(x-1\notin S\), \(P(x-1)\) is true, so \(P(x)\) must be true, contradicting the fact that \(x\in S\).

Thus the assumption that \(S\) is non‑empty leads to a contradiction. The well‑ordering principle is the key tool that allows us to pick the “least” counterexample and then use its minimality to reach the contradiction. Consequently, \(S\) must be empty, and \(P(n)\) holds for all natural numbers."
18100a-lecture-1-multicammp4_360p_16_9,not equal,Full Lecture Transcript,"In the lecture, when are two sets considered equal? Provide the condition in symbolic form.",Two sets A and B are equal if \(A\\subseteq B\) and \(B\\subseteq A\).,"In the lecture, two sets \(A\) and \(B\) are declared equal precisely when each is a subset of the other.  
Symbolically:

\[
A = B \;\Longleftrightarrow\; (A \subseteq B) \;\wedge\; (B \subseteq A).
\]"
18100a-lecture-1-multicammp4_360p_16_9,not equal,Full Lecture Transcript,"The lecturer defined a proper subset. Write the condition that distinguishes a proper subset from a general subset, and give the common notation for a proper subset.",A is a proper subset of B if \(A\\subseteq B\) and \(A\\neq B\).  The usual notation is \(A\\subsetneq B\).,"A set \(A\) is a **proper subset** of a set \(B\) when

\[
A \subseteq B \quad\text{and}\quad A \neq B .
\]

In other words, every element of \(A\) is in \(B\), but \(A\) is not identical to \(B\).

The usual notation for a proper subset is

\[
A \subset B \qquad\text{(sometimes written }A \subsetneq B\text{ or }A \subseteq B\text{ with a slash through the equals sign).}
\]"
18100a-lecture-1-multicammp4_360p_16_9,not equal,Full Lecture Transcript,"According to the lecture, the complement of a set A is defined relative to a universe U. State this definition using set membership notation.",The complement of A with respect to a universe U is defined as \\(A^{c}=\\{x\\in U : x\\notin A\\}\\).,"The complement of \(A\) is the set of all elements of the chosen universe that are **not** in \(A\).  
In set‑membership notation:

\[
x \in A^{c}\;\Longleftrightarrow\; x \in U \;\text{and}\; x \notin A,
\]

or equivalently

\[
A^{c}= \{\,x\in U \mid x\notin A\,\}.
\]"
18100a-lecture-1-multicammp4_360p_16_9,not equal,Full Lecture Transcript,"State one of De Morgan's laws for sets as presented in the lecture, using symbols for complement, union, and intersection.",One De Morgan law states \\((B\\cup C)^{c}=B^{c}\\cap C^{c}\\).,"One of De Morgan’s laws is  

\[
(B\;\cup\;C)^{c}\;=\;B^{c}\;\cap\;C^{c}\,,
\]

i.e. the complement of a union equals the intersection of the complements."
18100a-lecture-1-multicammp4_360p_16_9,not equal,Full Lecture Transcript,"When using induction, the lecturer described two critical components. What are they and what does each entail?",The two components are:\n1. Base case – prove the statement for \\(n=1\\).\n2. Inductive step – assume the statement holds for \\(n=m\\) and prove it for \\(n=m+1\\).,"**The two critical components of an induction proof**

| Component | What it means / what you must do |
|-----------|-----------------------------------|
| **Base case** | Show that the statement \(P(n)\) is true for the first natural number in the range (usually \(n=1\), or \(n=0\) if that’s the convention).  This is the “starting point” of the induction chain. |
| **Inductive step** | Assume that the statement holds for an arbitrary but fixed natural number \(m\) (the *induction hypothesis* \(P(m)\)).  Then use that assumption to prove that the statement must also hold for the next number, \(m+1\) (i.e., prove \(P(m+1)\)).  This shows that if the property is true at one step, it is true at the next, and therefore it propagates to all natural numbers. |

Together, proving the base case and the inductive step establishes that the statement is true for every natural number."
18100a-lecture-1-multicammp4_360p_16_9,complex number,Full Lecture Transcript,"In the lecture, how is a set defined and how is the empty set denoted symbolically?","A set is a collection of objects called elements or members.  The empty set is denoted by a circle with a slash through it, often written \(\varnothing\).","In the lecture a **set** is introduced simply as “a collection of objects called elements or members.”  
The **empty set** is the set that contains no elements at all, and it is symbolically written as a circle with a dash through it – the familiar symbol \( \varnothing \)."
18100a-lecture-1-multicammp4_360p_16_9,complex number,Full Lecture Transcript,"According to the lecture, how is the statement ""\(A\) is a subset of \(B\)"" written, and what is the additional condition needed for two sets \(A\) and \(B\) to be considered equal?","""\(A\) is a subset of \(B\)"" is written as \(A \subseteq B\) (sometimes denoted \(A \, C \, B\) in the lecture).  Two sets are equal, \(A = B\), if \(A \subseteq B\) and \(B \subseteq A\); equivalently, every element of \(A\) is in \(B\) and every element of \(B\) is in \(A\).","In the lecture the subset relation is written as  

\[
A \subseteq B
\]

(“\(A\) is a subset of \(B\)”).  

For two sets \(A\) and \(B\) to be considered equal, the lecture states that we must have **both** inclusions:

\[
A \subseteq B \quad\text{and}\quad B \subseteq A .
\]

Only when each set is a subset of the other are the sets declared equal."
18100a-lecture-1-multicammp4_360p_16_9,complex number,Full Lecture Transcript,The lecture presents De Morgan’s laws for set complements. State both identities that relate the complement of a union and the complement of an intersection with respect to a given universe.,"The two De Morgan identities are:
        \[
        (A \cup B)^{c} \;=\; A^{c}\cap B^{c},
        \qquad
        (A \cap B)^{c} \;=\; A^{c}\cup B^{c},
        \]
        where \((\cdot)^{c}\) denotes the complement relative to the chosen universe.","**De Morgan’s laws (relative to a fixed universe \(U\))**

1. **Complement of a union**  
   \[
   (B\cup C)^{c}\;=\;U\setminus(B\cup C)\;=\;(U\setminus B)\;\cap\;(U\setminus C)
   \]
   i.e. the complement of the union of \(B\) and \(C\) is the intersection of their complements.

2. **Complement of an intersection**  
   \[
   (B\cap C)^{c}\;=\;U\setminus(B\cap C)\;=\;(U\setminus B)\;\cup\;(U\setminus C)
   \]
   i.e. the complement of the intersection of \(B\) and \(C\) is the union of their complements."
18100a-lecture-1-multicammp4_360p_16_9,complex number,Full Lecture Transcript,"When using the principle of mathematical induction as described in the lecture, what are the two principal hypotheses that must be verified?","The principle of induction requires:
        1. **Base case** – the statement \(P_1\) is true.
        2. **Inductive step** – for every \(m\in\mathbb{N}\), if \(P_m\) is true then \(P_{m+1}\) is true.","The lecture states that to apply the principle of mathematical induction you must verify **two** things:

1. **Base case** – Show that the statement \(P(n)\) is true for the first natural number (usually \(n=1\)).  
2. **Inductive step** – Show that for an arbitrary natural number \(m\), if \(P(m)\) is true then \(P(m+1)\) is also true.

If both of these hypotheses hold, the induction theorem guarantees that \(P(n)\) is true for every natural number \(n\)."
18100a-lecture-1-multicammp4_360p_16_9,complex number,Full Lecture Transcript,The lecture proves a formula for the sum of powers of a real number \(c\neq 1\) by induction. What is the statement \(P_n\) that is claimed to hold for every natural number \(n\)?,"The statement proved by induction is:
        \[
        P_n:\quad 1 + c + c^2 + \dots + c^n \;=\; \frac{1 - c^{\,n+1}}{\,1 - c\,}\quad\text{for all }n\in\mathbb{N}\text{ and }c\neq 1.
        \]","The induction is used to prove the geometric‑series formula.  
For a fixed real number \(c\neq 1\) the statement \(P_n\) is

\[
P_n:\qquad 1+c+c^2+\dots +c^n \;=\; \frac{1-c^{\,n+1}}{\,1-c\,},
\]

i.e. the sum of the first \(n+1\) powers of \(c\) equals \((1-c^{n+1})/(1-c)\)."
18100a-lecture-1-multicammp4_360p_16_9,integers,Full Lecture Transcript,"In the morning lecture, how is a set defined?",A set is a collection of objects called elements or members.,"In the morning lecture a set is defined simply as **a collection of objects, called elements (or members)**.  The lecture also notes that the empty set is the set with no elements."
18100a-lecture-1-multicammp4_360p_16_9,integers,Full Lecture Transcript,What set is represented by the symbol \\(\\varnothing\\) and how is it described?,"The symbol \\(\\varnothing\\) denotes the empty set, i.e., a set that contains no elements.",The symbol \( \varnothing \) denotes the **empty set** – the set that contains **no elements at all**. It is often drawn as a circle with a diagonal slash through it.
18100a-lecture-1-multicammp4_360p_16_9,integers,Full Lecture Transcript,"According to the discussion, what is the condition that makes two sets, A and B, equal?",Two sets A and B are equal if and only if A is a subset of B and B is a subset of A.,"Two sets \(A\) and \(B\) are equal precisely when each is a subset of the other; that is,  
\(A = B\) if and only if \(A \subseteq B\) **and** \(B \subseteq A\)."
18100a-lecture-1-multicammp4_360p_16_9,integers,Full Lecture Transcript,State one of De Morgan's laws for sets as presented in the lecture.,One form of De Morgan's law is \\( (B\\cup C)^{c}=B^{c}\\cap C^{c} \\).,"**De Morgan’s law (one form)**  
For any sets \(B\) and \(C\),

\[
(B \cup C)^{c}=B^{c}\cap C^{c}.
\]

That is, the complement of the union of \(B\) and \(C\) equals the intersection of their complements."
18100a-lecture-1-multicammp4_360p_16_9,integers,Full Lecture Transcript,What is the precise statement of the induction principle that was proven using the well‑ordering property?,"If a property P(n) satisfies: (1) P(1) is true; (2) for every natural number m, P(m) ⇒ P(m+1), then P(n) is true for all n∈\\mathbb{N}.","**Induction Principle (as proved from the well‑ordering axiom)**  

Let \(P(n)\) be any statement that depends on a natural number \(n\).  
Assume

1. **Base case**: \(P(1)\) is true.  
2. **Inductive step**: For every \(m\in\mathbb N\),  
   \[
   P(m)\;\Longrightarrow\;P(m+1).
   \]

Then the conclusion is

\[
\forall n\in\mathbb N,\; P(n)\text{ is true.}
\]

In other words, if a property holds for \(1\) and the truth of the property for an arbitrary natural number \(m\) guarantees its truth for \(m+1\), then the property holds for every natural number. This is the precise statement of the induction principle that was derived using the well‑ordering property."
18100a-lecture-10-multicam_1_360p_16_9,absolute value,Full Lecture Transcript,"According to the lecture, how is a Cauchy sequence defined using the \u03b5‑\u03c9 notation?","A sequence \((x_n)\) is Cauchy if for every \(\varepsilon>0\) there exists a natural number \(M\) such that for all integers \(m,n\ge M\) we have \(|x_m-x_n|<\varepsilon\).","According to the lecture, a sequence \((x_n)\) is called **Cauchy** if it satisfies the following ε‑ω condition:

\[
\forall\,\varepsilon>0\;\exists\,M\in\mathbb N\;\text{such that}\;\forall\,n,k\ge M,\quad |x_n-x_k|<\varepsilon .
\]

In other words, for every positive tolerance \(\varepsilon\) we can find a stage \(M\) after which all later terms of the sequence are within \(\varepsilon\) of each other."
18100a-lecture-10-multicam_1_360p_16_9,absolute value,Full Lecture Transcript,"In the discussion, the sequence \(x_n=\frac{1}{n}\) is shown to be a Cauchy sequence. What choice of \(M\) is made and how does it ensure that \(|x_n-x_k|<\epsilon\) for all \(n,k\ge M\)?","For \(\varepsilon>0\) we choose \(M\) with \(M>2/\varepsilon\).  Then for any \(n,k\ge M\), \(\displaystyle|x_n-x_k|=\left|\frac{1}{n}-\frac{1}{k}\right|\le \frac{1}{n}+\frac{1}{k}\le \frac{1}{M}+\frac{1}{M}=\frac{2}{M}<\varepsilon\).","**Choice of \(M\)**  
In the proof we pick a natural number \(M\) that satisfies  

\[
\frac{1}{M}<\frac{\varepsilon}{2}\qquad\text{(equivalently }M>\frac{2}{\varepsilon}\text{).}
\]

**Why this works**  
For any indices \(n,k\ge M\),

\[
|x_n-x_k|=\left|\frac{1}{n}-\frac{1}{k}\right|
          \le \frac{1}{n}+\frac{1}{k}
          \le \frac{1}{M}+\frac{1}{M}
          =\frac{2}{M}
          <\varepsilon .
\]

Thus, with this choice of \(M\), the distance between any two terms of the sequence that are at least \(M\) places out is guaranteed to be less than the given \(\varepsilon\). This satisfies the definition of a Cauchy sequence."
18100a-lecture-10-multicam_1_360p_16_9,absolute value,Full Lecture Transcript,"What is the logical *negation* of the definition of a Cauchy sequence, and which simple example from the lecture illustrates that a sequence can fail to be Cauchy?","The negation is: there exists \(\varepsilon_0>0\) such that for every natural number \(M\) one can find integers \(m,n\ge M\) with \(|x_m-x_n|\ge\varepsilon_0\).  The lecture uses the sequence \(x_n=(-1)^n\); every tail contains two terms whose difference is \(2\), so the sequence is not Cauchy.","**Logical negation**

A sequence \((x_n)\) is *Cauchy* if  

\[
\forall \varepsilon>0\;\exists M\in\mathbb N\;\forall n,k\ge M:\;|x_n-x_k|<\varepsilon .
\]

The negation of this statement is obtained by flipping the quantifiers and the inequality:

\[
\exists \varepsilon>0\;\forall M\in\mathbb N\;\exists n,k\ge M:\;|x_n-x_k|\ge \varepsilon .
\]

In words: *there is a positive distance \(\varepsilon\) such that no matter how far out in the sequence you go, you can always find two terms that are at least \(\varepsilon\) apart.*

---

**Simple example that fails to be Cauchy**

The lecture gives the alternating sequence  

\[
x_n = (-1)^n \quad (\,\dots, -1, 1, -1, 1, \dots\,).
\]

For any \(M\) you can choose \(n=M\) and \(k=M+1\); then  

\[
|x_n-x_k| = |(-1)^M-(-1)^{M+1}| = 2 .
\]

Thus the distance between terms never becomes smaller than \(2\), so the sequence does **not** satisfy the Cauchy condition. This illustrates the negated statement: there exists \(\varepsilon=1\) (or any \(\varepsilon\le 2\)) such that for every \(M\) we can find two terms at least \(\varepsilon\) apart."
18100a-lecture-10-multicam_1_360p_16_9,absolute value,Full Lecture Transcript,Why does the lecture say that convergence implies the Cauchy property? What intuitive picture is used to motivate this implication?,"Convergent sequences eventually lie in a small \(\varepsilon\)-ball around the limit.  Hence, beyond some point, all terms are at most \(\varepsilon\) apart, giving the Cauchy condition.  The lecture visualises this as all points of the tail lying inside an interval of length \(\varepsilon\).","**Why the lecture says “convergence ⇒ Cauchy”**

The lecture proves that if a sequence \((x_n)\) converges to some limit \(x\), then it must satisfy the Cauchy condition: for every \(\varepsilon>0\) there is an index \(M\) such that for all \(m,n\ge M\),

\[
|x_m-x_n|<\varepsilon .
\]

The proof is a direct application of the definition of convergence: because the terms get arbitrarily close to the limit, they also get arbitrarily close to each other.

**Intuitive picture used to motivate the implication**

The lecturer uses a simple geometric picture on the real line:

1. **All terms eventually lie in a small interval around the limit.**  
   If \((x_n)\to x\), then for any \(\varepsilon>0\) there is an index \(M\) such that every term with index \(\ge M\) lies inside the interval \((x-\varepsilon/2,\;x+\varepsilon/2)\).

2. **Any two terms in that interval are close.**  
   Two points inside an interval of length \(\varepsilon\) can differ by at most \(\varepsilon\).  
   Hence, for \(m,n\ge M\),

   \[
   |x_m-x_n|\le |x_m-x|+|x-x_n|<\frac{\varepsilon}{2}+\frac{\varepsilon}{2}=\varepsilon .
   \]

The picture is that the sequence “clusters” around the limit point; once all the points are inside a tiny neighborhood of the limit, they are automatically close to each other. This visual intuition is what the lecture uses to explain why every convergent sequence is automatically Cauchy."
18100a-lecture-10-multicam_1_360p_16_9,absolute value,Full Lecture Transcript,"The lecture states the theorem: *If a series converges, then \(\displaystyle\lim_{n\to\infty}x_n=0\).* How is this conclusion deduced from the definition of a Cauchy series?","A convergent series has a Cauchy sequence of partial sums.  For a Cauchy series, the tail sum \(\sum_{k=n+1}^{m}x_k\) can be made arbitrarily small.  Taking \(m=n+1\) shows \(|x_n|<\varepsilon\) for large \(n\), so \(\lim_{n\to\infty}x_n=0\).","**Answer**

From the lecture we know that if a series \(\sum_{k=1}^{\infty}x_k\) converges, then its sequence of partial sums  

\[
S_n=\sum_{k=1}^{n}x_k
\]

is a **Cauchy sequence**.  
The definition of a Cauchy sequence says:

> For every \(\varepsilon>0\) there exists an integer \(N\) such that  
>  \[
>  |S_m-S_n|<\varepsilon \quad\text{whenever } m,n\ge N .
>  \]

To get a statement about the individual terms \(x_n\), choose \(m=n+1\).  
Then

\[
|S_{n+1}-S_n| = |x_{n+1}|.
\]

Because \(n+1\ge n\ge N\) for all \(n\ge N\), the Cauchy condition gives

\[
|x_{n+1}| = |S_{n+1}-S_n| < \varepsilon \qquad\text{for all } n\ge N .
\]

Since \(\varepsilon>0\) was arbitrary, this shows that the sequence \((x_n)\) satisfies

\[
\lim_{n\to\infty}x_n = 0 .
\]

Thus the conclusion “if a series converges, then \(\lim_{n\to\infty}x_n=0\)” follows directly from the Cauchy property of the partial‑sum sequence."
18100a-lecture-10-multicam_1_360p_16_9,cauchy sequence,Full Lecture Transcript,"According to the lecture, what is the formal definition of a Cauchy sequence?","A sequence \((x_n)\) of real numbers is Cauchy if for every \(\varepsilon>0\) there exists an integer \(M\) such that for all natural numbers \(n,k \ge M\) one has \(|x_n - x_k| < \varepsilon\).","**Formal definition (as stated in the lecture)**  

A sequence \((x_n)\) is called a **Cauchy sequence** if  

\[
\forall\,\varepsilon>0\;\exists\,M\in\mathbb N\;\text{such that}\;\forall\,m,n\ge M,\quad |x_m-x_n|<\varepsilon .
\]

In other words, beyond some index \(M\), every pair of terms of the sequence is within any prescribed distance \(\varepsilon\) of each other."
18100a-lecture-10-multicam_1_360p_16_9,cauchy sequence,Full Lecture Transcript,In the lecture an example is given of a Cauchy sequence that converges. State this sequence and explain briefly why it satisfies the Cauchy definition.,"The sequence \(x_n = 1/n\) is given. For a chosen \(\varepsilon>0\) choose \(M\) with \(M > 2/\varepsilon\). Then for all \(n,k \ge M\),
        \[
        |x_n - x_k| = \Bigl|\frac{1}{n} - \frac{1}{k}\Bigr|
        \le \frac{1}{n} + \frac{1}{k}
        \le \frac{2}{M}
        < \varepsilon,
        \]
        so the sequence is Cauchy. It also converges to \(0\).","**Example given in the lecture**

The lecture mentions a sequence of rational numbers that “converges to \(\sqrt{2}\)”.  
A concrete way to write it is

\[
x_n=\text{the rational number obtained by truncating the decimal expansion of }\sqrt{2}\text{ after }n\text{ places}
\]

(e.g. \(x_1=1,\;x_2=1.4,\;x_3=1.41,\;x_4=1.414,\dots\)).  
Each \(x_n\) is rational, and the sequence \((x_n)\) converges in \(\mathbb{R}\) to \(\sqrt{2}\).

**Why it is Cauchy**

For any \(\varepsilon>0\) choose \(N\) so large that the tail of the decimal expansion of \(\sqrt{2}\) after the \(N\)-th digit is less than \(\varepsilon/2\).  
Then for all \(m,n\ge N\),

\[
|x_m-x_n|\le |x_m-\sqrt{2}|+|x_n-\sqrt{2}|<\frac{\varepsilon}{2}+\frac{\varepsilon}{2}=\varepsilon .
\]

Thus the sequence satisfies the Cauchy condition: the terms become arbitrarily close to each other as the index grows. Since it also converges to \(\sqrt{2}\), it is an example of a Cauchy sequence that converges."
18100a-lecture-10-multicam_1_360p_16_9,cauchy sequence,Full Lecture Transcript,Reformulate the definition of a Cauchy sequence by negating it. Then give an example of a sequence that is not Cauchy and justify your choice using the negated definition.,"Negation: A sequence \((x_n)\) is **not** Cauchy if there exists a positive number \(\varepsilon_0\) such that for every integer \(M\) one can find natural numbers \(n,k \ge M\) with
        \[
        |x_n - x_k| \ge \varepsilon_0.
        \]
        Example: \(x_n = (-1)^n\). Take \(\varepsilon_0 = 1\). For any \(M\) choose \(n = M\) and \(k = M+1\); then \(|x_n - x_k| = 2 \ge \varepsilon_0\). Thus the sequence is not Cauchy.","**Negated definition (the “not‑Cauchy” condition)**  

A sequence \((x_n)\) is **not** Cauchy iff  

\[
\exists\,\varepsilon>0\;\; \forall\,M\in\mathbb N\;\; \exists\,n,k\ge M\;\; \text{such that}\;\; |x_n-x_k|\ge\varepsilon .
\]

In words: there is a fixed positive distance \(\varepsilon\) that can always be found between two terms of the sequence, no matter how far out you go.

---

**Example of a non‑Cauchy sequence**

Take the sequence  
\[
x_n = (-1)^n ,\qquad n=1,2,3,\dots
\]

*Justification using the negated definition*  

Choose \(\varepsilon = 1\).  
For any natural number \(M\) we can pick \(n=M\) and \(k=M+1\).  
Then

\[
|x_n - x_k| = |(-1)^M - (-1)^{M+1}| 
            = |(-1)^M - (-1)^M(-1)|
            = |(-1)^M(1+1)|
            = 2 \ge 1 = \varepsilon .
\]

Thus, for every \(M\) we have found indices \(n,k\ge M\) with \(|x_n-x_k|\ge\varepsilon\).  
This satisfies the negated condition, so \(((-1)^n)\) is **not** a Cauchy sequence."
18100a-lecture-10-multicam_1_360p_16_9,cauchy sequence,Full Lecture Transcript,The lecture shows that every Cauchy sequence is bounded. Summarize the key argument that leads to this conclusion.,"Because a Cauchy sequence has a point beyond which all terms stay within a fixed distance of each other. Choose \(M\) so that for all \(n,k \ge M\) we have \(|x_n-x_k|<1\). Fix \(m\ge M\); then for \(n\ge M\),
        \(|x_n| \le |x_n-x_m| + |x_m| < 1 + |x_m|\).
        The finitely many terms with indices below \(M\) are bounded by a constant \(B\). Taking the maximum of \(B\) and \(1+|x_m|\) gives a single \(C\) with \(|x_n| \le C\) for all \(n\), so the sequence is bounded.","**Key idea:**  
A Cauchy sequence eventually has all its terms within a fixed distance of one another.  
Choose a point in the tail of the sequence and use the Cauchy property to bound every later term by that point plus a fixed constant. Then add a bound for the finitely many initial terms.

**Step‑by‑step sketch**

1. **Cauchy property** – Since \((x_n)\) is Cauchy, there is an integer \(M\) such that  
   \[
   |x_n-x_k|<1 \quad\text{for all } n,k\ge M .
   \]

2. **Bound the tail** – Fix \(k=M\). For any \(n\ge M\),
   \[
   |x_n| \le |x_n-x_M|+|x_M| < 1+|x_M|.
   \]
   Thus every term with index \(\ge M\) is bounded by \(1+|x_M|\).

3. **Bound the head** – The first \(M-1\) terms are finite in number.  
   Let  
   \[
   b = |x_1|+|x_2|+\dots+|x_{M-1}|+|x_M| .
   \]
   Then each of the first \(M-1\) terms satisfies \(|x_n|\le b\).

4. **Uniform bound** – The number \(b\) is a single constant that dominates all terms of the sequence:
   \[
   |x_n|\le b \quad\text{for every } n\in\mathbb N .
   \]

Hence every Cauchy sequence is bounded."
18100a-lecture-10-multicam_1_360p_16_9,cauchy sequence,Full Lecture Transcript,How does the lecture use the equivalence between Cauchy sequences and convergent sequences to determine whether a series converges? Describe the tail‑sum criterion that appears in the discussion.,"The lecture states that a series \(\sum_{n=1}^{\infty}x_n\) converges exactly when its sequence of partial sums \(S_m = \sum_{n=1}^{m}x_n\) is Cauchy.  Equivalently,
        \[
        \forall \varepsilon>0\;\exists M\in\mathbb N\;\forall L\ge M:\;
        \Bigl|\sum_{n=M+1}^{L}x_n\Bigr|<\varepsilon,
        \]
        i.e. the tail of the series can be made arbitrarily small.  Checking this tail‑sum condition allows us to determine convergence without finding a specific limit of the series.","In the lecture the author first shows that a series \(\sum_{n=1}^{\infty}x_n\) is **Cauchy** exactly when the sequence of its partial sums  
\[
S_m=\sum_{n=1}^{m}x_n
\]
is a Cauchy sequence.  
Because the lecture has already proved the general fact that *every* Cauchy sequence of real numbers converges, it follows immediately that

\[
\sum_{n=1}^{\infty}x_n \text{ converges } \Longleftrightarrow
\sum_{n=1}^{\infty}x_n \text{ is Cauchy } \Longleftrightarrow
(S_m) \text{ is Cauchy } \Longleftrightarrow
(S_m) \text{ converges.}
\]

Thus, to decide whether a series converges one need only check whether its partial‑sum sequence is Cauchy, i.e. whether the “tails” of the series can be made arbitrarily small.

---

### Tail‑sum criterion

The lecture spells this out in the following form:

> For every \(\varepsilon>0\) there exists an integer \(M\) such that for all integers \(L\ge M\)
> \[
> \left|\sum_{n=M+1}^{L}x_n\right|<\varepsilon .
> \]

In words: **the sum of the terms of the series beyond some index \(M\) can be made as small as we wish**.  
If this condition holds, the series is Cauchy and therefore convergent; if it fails, the series is not Cauchy and hence does not converge.

So the lecture uses the equivalence between Cauchy and convergent sequences to reduce the question “Does the series converge?” to the question “Can the tail sums be made arbitrarily small?” – the tail‑sum criterion."
18100a-lecture-10-multicam_1_360p_16_9,limit,Full Lecture Transcript,"In the illustration of Cauchy sequences, how is a Cauchy sequence of real numbers defined in terms of \\\\varepsilon\\\\ and a natural number\\\\ M\\\\?","A sequence \\((x_n)\\) is Cauchy if for every \\(\\varepsilon > 0\\) there exists a natural number \\(M\\) such that for all \\(n, k \\ge M\\) one has \\(|x_n - x_k| < \\varepsilon\\).","A sequence \((x_n)\) of real numbers is called **Cauchy** if  

\[
\forall\,\varepsilon>0\;\exists\,M\in\mathbb N\;\text{such that}\;\forall\,m,n\ge M,\quad |x_m-x_n|<\varepsilon .
\]

In other words, given any tolerance \(\varepsilon\), we can find a stage \(M\) after which all later terms of the sequence lie within \(\varepsilon\) of each other."
18100a-lecture-10-multicam_1_360p_16_9,limit,Full Lecture Transcript,"According to the lecture, what is the formal negation of the Cauchy property? In other words, state precisely what it means for a sequence to **not** be Cauchy.","A sequence fails to be Cauchy when there exists a positive number \\(\\varepsilon_0\\) such that for every natural number \\(M\\) we can find indices \\(n, k \\ge M\\) with \\(|x_n - x_k| \\ge \\varepsilon_0\\).","**Formal negation (as stated in the lecture)**  

A sequence \((x_n)\) is **not** Cauchy iff  

\[
\exists\,\varepsilon>0\;\; \forall\,M\in\mathbb N\;\; \exists\,n,k\ge M\quad\text{such that}\quad |x_n-x_k|\ge\varepsilon .
\]

In words: there is a fixed positive distance \(\varepsilon\) that can always be found between two terms of the sequence no matter how far out you go."
18100a-lecture-10-multicam_1_360p_16_9,limit,Full Lecture Transcript,"During the proof that the sequence \(x_n = \\frac{1}{n}\\) is Cauchy, which inequality is chosen for \\(M\\) related to \\(\\varepsilon\\), and why is the value \\\\varepsilon\\\\ divided by 2 in the subsequent estimate?","The proof selects \\(M\\) so that \\(\\frac{1}{M} < \\frac{\\varepsilon}{2}\\). This choice ensures that for any \\(n, k \\ge M\\), both \\(\\frac{1}{n}\\) and \\(\\frac{1}{k}\\) are less than \\(\\frac{\\varepsilon}{2}\\), allowing the triangle inequality to give \\(|\\frac{1}{n} - \\frac{1}{k}| < \\varepsilon\\).","During the Cauchy‑proof we first pick an integer \(M\) that is **large enough** so that the tail of the sequence is already smaller than half of the prescribed tolerance.  
In symbols we choose  

\[
M\in\mathbb N\quad\text{such that}\quad \frac{1}{M}<\frac{\varepsilon}{2}\qquad
\bigl(\text{equivalently }M>\frac{2}{\varepsilon}\bigr).
\]

With this choice, for any \(n,k\ge M\) we have  

\[
\bigl|\tfrac{1}{n}\bigr|\le \tfrac{1}{M}<\tfrac{\varepsilon}{2},
\qquad
\bigl|\tfrac{1}{k}\bigr|\le \tfrac{1}{M}<\tfrac{\varepsilon}{2}.
\]

The factor \(\varepsilon/2\) appears because we use the triangle inequality

\[
\left|\frac{1}{n}-\frac{1}{k}\right|
\le \left|\frac{1}{n}\right|+\left|\frac{1}{k}\right|
< \frac{\varepsilon}{2}+\frac{\varepsilon}{2}
= \varepsilon .
\]

Thus each of the two terms is bounded by \(\varepsilon/2\), and their sum is bounded by \(\varepsilon\), completing the Cauchy condition."
18100a-lecture-10-multicam_1_360p_16_9,limit,Full Lecture Transcript,"The lecture gives a concrete example of a non‑Cauchy sequence. What property of the sequence \\\\(x_n = (-1)^n\\\\) demonstrates that it fails the Cauchy condition, and how is the offending \\(\\varepsilon\\) chosen?","Because the terms alternate between \\(+1\\) and \\(-1\\), for any large enough indices two consecutive terms differ by \\(2\\). Taking \\(\\varepsilon_0 = 1\\) (or any number in \\((0,2]\\)) shows that no single \\(M\\) can make all later differences smaller than \\(\\varepsilon_0\\).","In the lecture the sequence  

\[
x_n = (-1)^n \qquad (n=1,2,3,\dots)
\]

is used as a concrete counter‑example to the Cauchy property.  
The key property that shows it is **not** Cauchy is that the terms never get
closer to one another: the sequence alternates between the two values
\(-1\) and \(+1\).  Consequently, for any two consecutive indices

\[
|x_{n+1}-x_n| = |(-1)^{\,n+1}-(-1)^n| = |\,(-1)^{\,n}(-1-1)\,| = 2 .
\]

Thus the distance between successive terms is always \(2\); it never
shrinks below this value no matter how far out in the sequence we go.

To violate the Cauchy condition we pick an \(\varepsilon\) that is
smaller than or equal to this constant distance.  The lecture chooses

\[
\varepsilon = 2 .
\]

Then, for **any** natural number \(M\), we can take \(n=M\) and
\(k=M+1\) (both \(\ge M\)) and obtain

\[
|x_n - x_k| = 2 \ge \varepsilon .
\]

Since such a pair \((n,k)\) can always be found beyond any index \(M\),
the sequence fails the Cauchy condition.  (Any \(\varepsilon \le 2\)
would work, but \(\varepsilon=2\) is the simplest choice.)"
18100a-lecture-10-multicam_1_360p_16_9,limit,Full Lecture Transcript,"Why does the lecture say that for any convergent series the sequence of terms must tend to zero, and why does the converse fail? Provide the specific counter‑example mentioned in the lecture.","If a series \\(\\sum x_n\\) converges, the partial sums are Cauchy, so the tail \\(\\sum_{k=m+1}^l x_k\\) can be made arbitrarily small. From this the terms must satisfy \\(x_m \\to 0\\). The converse fails because there exist series whose terms go to zero yet the series diverges. The lecture cites the harmonic series (\\(\\sum 1/n\\)) as such an example.","**Why the lecture states the “terms must go to zero” rule**

If a series  
\[
\sum_{n=1}^{\infty}x_n
\]
converges, then its sequence of partial sums  
\[
S_m=\sum_{n=1}^{m}x_n
\]
converges to some finite limit \(S\).  
The \(m\)-th term is the difference of two successive partial sums:
\[
x_m=S_m-S_{m-1}.
\]
Because both \(S_m\) and \(S_{m-1}\) approach the same limit \(S\), their difference must approach \(0\).  
Hence, **if a series converges, the individual terms \(x_n\) must satisfy \(\lim_{n\to\infty}x_n=0\).**  
The lecture proves this by the usual \(\varepsilon\)–argument: for any \(\varepsilon>0\) there is an \(N\) such that for all \(m\ge N\),
\[
|S_m-S_{m-1}|=|x_m|<\varepsilon,
\]
so the terms go to zero.

---

**Why the converse fails**

The converse would say: *if the terms of a series tend to zero, then the series converges*.  
This is not true. The lecture gives the classic counter‑example:

\[
\sum_{n=1}^{\infty}\frac{1}{n}\quad\text{(the harmonic series)}.
\]

Here \(\displaystyle \lim_{n\to\infty}\frac{1}{n}=0\), yet the series diverges (its partial sums grow without bound).  
Thus, while convergence of a series forces its terms to go to zero, the vanishing of the terms does **not** guarantee convergence."
18100a-lecture-10-multicam_1_360p_16_9,Cauchy product,Full Lecture Transcript,"In the lecture, how is a Cauchy sequence defined using the \u03b5–M language?","A sequence \((x_n)\) is called Cauchy if for every \(\varepsilon>0\) there exists an integer \(M\) such that for all integers \(n,k \geq M\) we have \(|x_n-x_k|<\varepsilon\).","In the lecture a sequence \((x_n)\) is called **Cauchy** if it satisfies the following ε–M condition:

\[
\forall\,\varepsilon>0\;\exists\,M\in\mathbb N\;\text{such that}\;\forall\,n\ge M,\;\forall\,k\ge M,\quad |x_n-x_k|<\varepsilon .
\]

In words: for every positive tolerance ε there is a stage M after which every two terms of the sequence (with indices at least M) are within ε of each other."
18100a-lecture-10-multicam_1_360p_16_9,Cauchy product,Full Lecture Transcript,Show how the sequence \(x_n=\frac{1}{n}\) satisfies the Cauchy property by choosing an appropriate \(M\) for a given \(\varepsilon>0\).,"Given \(\varepsilon>0\), choose \(M\in\mathbb{N}\) with \(M>\frac{2}{\varepsilon}\). Then for any \(n,k\ge M\) we have \(\displaystyle |x_n-x_k|=\Bigl|\frac{1}{n}-\frac{1}{k}\Bigr|\le \frac{1}{n}+\frac{1}{k}\le\frac{1}{M}+\frac{1}{M}<\varepsilon\), so the Cauchy condition holds.","**Cauchy property for \(x_n=\dfrac1n\)**  

Let \(\varepsilon>0\) be given.  
We want to find an integer \(M\) such that for every pair of indices \(n,k\ge M\)

\[
\bigl|x_n-x_k\bigr|=\left|\frac1n-\frac1k\right|<\varepsilon .
\]

---

### Step 1 – Choose \(M\)

Because \(\dfrac1n\) is decreasing, for any \(n\ge M\) we have \(\dfrac1n\le\dfrac1M\).  
Hence

\[
\left|\frac1n-\frac1k\right|
   \le \frac1n+\frac1k
   \le \frac1M+\frac1M
   =\frac{2}{M}.
\]

So if we make \(\dfrac{2}{M}<\varepsilon\), the desired inequality will hold.  
Choose

\[
M>\frac{2}{\varepsilon}\qquad(\text{e.g. }M=\bigl\lceil \tfrac{2}{\varepsilon}\bigr\rceil).
\]

---

### Step 2 – Verify the inequality

Let \(n,k\ge M\).  Then

\[
\bigl|x_n-x_k\bigr|
   \le \frac{2}{M}
   < \varepsilon .
\]

Thus for this \(M\) the Cauchy condition is satisfied.

---

### Conclusion

For every \(\varepsilon>0\) we can pick \(M=\bigl\lceil 2/\varepsilon\bigr\rceil\).  
With this choice, any two terms of the sequence \(\{1/n\}\) beyond the \(M\)-th term differ by less than \(\varepsilon\).  
Hence the sequence \(x_n=\frac1n\) is Cauchy."
18100a-lecture-10-multicam_1_360p_16_9,Cauchy product,Full Lecture Transcript,"Rewrite the definition of a Cauchy sequence in its negated form; that is, state precisely what it means for a sequence not to be Cauchy.","A sequence \((x_n)\) is **not** Cauchy if there exists an \(\varepsilon_0>0\) such that for every integer \(M\) one can find integers \(n,k\ge M\) with \(|x_n-x_k|\ge\varepsilon_0\).","A sequence \((x_n)\) is **not** Cauchy precisely when the following holds:

\[
\exists\,\varepsilon>0\;\; \forall\,M\in\mathbb N\;\; \exists\,n,k\ge M\quad\text{such that}\quad |x_n-x_k|\ge\varepsilon .
\]

In words: there is some positive distance \(\varepsilon\) that can be found between terms of the sequence no matter how far out you go; for every natural number \(M\) you can locate two indices \(n\) and \(k\) both at least \(M\) with \(|x_n-x_k|\) at least \(\varepsilon\). This is the negation of the usual Cauchy condition."
18100a-lecture-10-multicam_1_360p_16_9,Cauchy product,Full Lecture Transcript,Identify an example of a real‑valued sequence that is **not** Cauchy and explain which part of the definition fails for this sequence.,"The sequence \(x_n=(-1)^n\) is not Cauchy. For \(\varepsilon_0=1\), no matter how large \(M\) is chosen, we can pick \(n=M\) and \(k=M+1\); then \(x_n-x_k=(-1)^M-(-1)^{M+1}=2(-1)^M\) so \(|x_n-x_k|=2\ge\varepsilon_0\).","**Example of a non‑Cauchy sequence**

\[
x_n = (-1)^n ,\qquad n=1,2,3,\dots
\]

**Why it is not Cauchy**

Recall the definition of a Cauchy sequence (from the lecture):

> A sequence \((x_n)\) is **Cauchy** if  
> for every \(\varepsilon>0\) there exists an integer \(M\) such that  
> whenever \(n\ge M\) and \(k\ge M\), we have \(|x_n-x_k|<\varepsilon\).

For the sequence \(x_n=(-1)^n\) this condition fails.  
Take \(\varepsilon = 1\).  
No matter how large \(M\) is chosen, we can always find indices \(n\ge M\) and \(k\ge M\) with opposite parity (one even, one odd).  
For such \(n\) and \(k\),

\[
|x_n-x_k| = |(-1)^n-(-1)^k| = |1-(-1)| = 2 \ge \varepsilon .
\]

Thus the requirement “for all \(n,k\ge M\)” cannot be satisfied for \(\varepsilon=1\).  
Consequently, the sequence \((-1)^n\) is **not** a Cauchy sequence."
18100a-lecture-10-multicam_1_360p_16_9,Cauchy product,Full Lecture Transcript,"According to the lecture, what does the equivalence theorem say about a Cauchy sequence that has a convergent subsequence?","The theorem states: if \((x_n)\) is a Cauchy sequence and some subsequence \((x_{n_j})\) converges to a limit \(L\), then the entire sequence \((x_n)\) also converges to \(L\).","According to the lecture, the equivalence theorem states that **if a sequence is Cauchy and it has a subsequence that converges to some limit \(x\), then the whole sequence must converge to that same limit \(x\).** In other words, for a Cauchy sequence, convergence of one subsequence forces convergence of the entire sequence to the same point."
18100a-lecture-10-multicam_1_360p_16_9,Banach space,Full Lecture Transcript,"According to the lecture, what is the precise definition of a Cauchy sequence of real numbers?",A sequence \((x_n)\) of real numbers is Cauchy if for every \(\varepsilon>0\) there exists a natural number \(M\) such that for all natural numbers \(n\ge M\) and \(k\ge M\) one has \(|x_n - x_k| < \varepsilon\).,"**Definition (as given in the lecture).**  
A sequence \((x_n)\) of real numbers is called a **Cauchy sequence** if

\[
\forall\,\varepsilon>0\;\exists\,M\in\mathbb N\;\text{such that}\;\forall\,m,n\ge M,\quad |x_m-x_n|<\varepsilon .
\]

In other words, beyond some index \(M\), every pair of terms of the sequence is within any prescribed distance \(\varepsilon\) of each other."
18100a-lecture-10-multicam_1_360p_16_9,Banach space,Full Lecture Transcript,How does the lecture obtain a formal negation of the Cauchy definition?,"By replacing the universal quantifier in the definition with an existential one and keeping the negated condition on the distance, the lecture obtains: there exists an \(\varepsilon_0>0\) such that for every natural number \(M\) there are indices \(n\ge M\) and \(k\ge M\) with \(|x_n-x_k|\ge \varepsilon_0\).","In the lecture the Cauchy property is first written in its usual “∀‑∃” form:

\[
\forall \varepsilon>0\;\exists M\in\mathbb N\;\forall n,k\ge M\;:\;|x_n-x_k|<\varepsilon .
\]

To obtain the formal negation the speaker simply applies the logical rules for negating quantified statements:

* “for all” becomes “there exists”,
* “there exists” becomes “for all”,
* the inequality \(<\varepsilon\) is reversed to \(\ge\varepsilon\).

Thus the negation is

\[
\exists \varepsilon>0\;\forall M\in\mathbb N\;\exists n,k\ge M\;:\;|x_n-x_k|\ge\varepsilon .
\]

In words: *there is a positive distance \(\varepsilon\) such that no matter how far out you go in the sequence you can always find two terms at least that far apart*. This is exactly the formal negation of the Cauchy definition that the lecture derives."
18100a-lecture-10-multicam_1_360p_16_9,Banach space,Full Lecture Transcript,Explain the argument presented in the lecture for why the sequence \(x_n=\frac{1}{n}\) is Cauchy.,"The lecture chooses an arbitrary \(\varepsilon>0\) and sets \(M>\frac{2}{\varepsilon}\). For any \(n,k\ge M\) we bound \(\bigl|\frac{1}{n}-\frac{1}{k}\bigr|\le\frac{1}{n}+\frac{1}{k}\le\frac{2}{M}<\varepsilon\). Thus the \(\varepsilon\)–\(M\) condition is satisfied, so \((1/n)\) is Cauchy.","In the lecture the proof that the sequence  

\[
x_n=\frac{1}{n}\qquad(n=1,2,3,\dots)
\]

is Cauchy is given in a very concrete, “epsilon–M” style.  
The steps are:

1. **Start with an arbitrary \(\varepsilon>0\).**  
   We must show that there is an integer \(M\) such that for all \(n,k\ge M\) the distance \(|x_n-x_k|\) is less than \(\varepsilon\).

2. **Choose \(M\) so that \(1/M<\varepsilon/2\).**  
   Equivalently, pick \(M>2/\varepsilon\).  
   This choice guarantees that the tail of the sequence is already very small.

3. **Apply the triangle inequality to the difference of two tail terms.**  
   For any \(n,k\ge M\),

   \[
   |x_n-x_k|=\left|\frac{1}{n}-\frac{1}{k}\right|
   \le \frac{1}{n}+\frac{1}{k}
   \le \frac{1}{M}+\frac{1}{M}
   =\frac{2}{M}.
   \]

4. **Use the choice of \(M\) to bound the right‑hand side by \(\varepsilon\).**  
   Since \(1/M<\varepsilon/2\), we have

   \[
   |x_n-x_k|\le \frac{2}{M}<\varepsilon .
   \]

5. **Conclude that the Cauchy condition holds.**  
   Because for every \(\varepsilon>0\) we found an \(M\) with the property that all terms beyond \(M\) are within \(\varepsilon\) of each other, the sequence \((1/n)\) is Cauchy.

Thus the lecture’s argument shows that the sequence \(x_n=1/n\) satisfies the definition of a Cauchy sequence by explicitly constructing the required \(M\) for an arbitrary \(\varepsilon\)."
18100a-lecture-10-multicam_1_360p_16_9,Banach space,Full Lecture Transcript,Which sequence does the lecture cite as an example of a non‑Cauchy sequence and why does it fail the Cauchy condition?,"The sequence \(x_n=(-1)^n\) is cited. For any choice of \(M\) we can take \(n=M\) (even) and \(k=M+1\) (odd); then \(|x_n-x_k|=|-1-1|=2\), so the distance never becomes arbitrarily small. Hence the definition of Cauchy fails.","The lecture points to the sequence  

\[
x_n = (-1)^n \qquad (n=1,2,3,\dots)
\]

as a concrete example of a sequence that is **not** Cauchy.  
It fails the Cauchy condition because the terms never get arbitrarily close to one another: for any index \(m\) we can take \(n=m\) and \(k=m+1\) and obtain  

\[
|x_n - x_k| = |(-1)^m - (-1)^{m+1}| = |(-1)^m - (-1)\,(-1)^m| = |(-1)^m + (-1)^m| = 2 .
\]

Thus the distance between successive terms is always \(2\). Consequently, for any \(\varepsilon < 2\) there is **no** natural number \(M\) such that \(|x_n - x_k| < \varepsilon\) whenever \(n, k \ge M\). Hence the sequence does not satisfy the Cauchy criterion."
18100a-lecture-10-multicam_1_360p_16_9,Banach space,Full Lecture Transcript,"What statement does the lecture make about the equivalence of convergence and the Cauchy property in \(\mathbb{R}\), and what role does completeness play in that statement?","The lecture states that a sequence of real numbers is Cauchy if and only if it is convergent. This equivalence relies on the completeness of \(\mathbb{R}\): every Cauchy sequence has a limit in \(\mathbb{R}\), whereas in \(\mathbb{Q}\) a Cauchy sequence need not converge (e.g., the rationals approximating \(\sqrt{2}\)).","The lecture says that **in the real numbers a sequence converges if and only if it is a Cauchy sequence**.  
This equivalence holds because \(\mathbb{R}\) is **complete** – it has the least‑upper‑bound (or completeness) property.  Completeness guarantees that every Cauchy sequence has a limit that lies in \(\mathbb{R}\), so the Cauchy condition is not only necessary but also sufficient for convergence.  In contrast, the rational numbers lack this property, so Cauchy sequences need not converge there."
18100a-lecture-10-multicam_1_360p_16_9,metric space,Full Lecture Transcript,"According to the lecture, what is the definition of a Cauchy sequence in \(\mathbb{R}\)?","A sequence \(\{x_{n}\}\) is Cauchy if for every \(\varepsilon>0\) there exists \(M\in\mathbb{N}\) such that for all \(n,k\ge M\) we have \(|x_{n}-x_{k}|<\varepsilon\).","According to the lecture, a sequence \((x_n)\) of real numbers is called a **Cauchy sequence** if

\[
\forall\,\varepsilon>0\;\exists\,M\in\mathbb N\;\text{such that}\;\forall\,n\ge M,\;\forall\,k\ge M,\quad |x_n-x_k|<\varepsilon .
\]

In other words, beyond some index \(M\), every pair of terms of the sequence is arbitrarily close to each other."
18100a-lecture-10-multicam_1_360p_16_9,metric space,Full Lecture Transcript,What is the negation of the Cauchy sequence definition presented in the lecture?,"The negation is: there exists \(\varepsilon_{0}>0\) such that for every \(M\in\mathbb{N}\) one can find \(n,k\ge M\) with \(|x_{n}-x_{k}|\ge\varepsilon_{0}\).","**Negation of the Cauchy definition**

A sequence \((x_n)\) is **not** Cauchy iff

\[
\exists\,\varepsilon>0\;\text{such that}\;\forall\,M\in\mathbb N\;\exists\,n,k\ge M
\quad\text{with}\quad |x_n-x_k|\ge\varepsilon .
\]

In words: there is a fixed positive distance \(\varepsilon\) that can always be found between two terms of the sequence no matter how far out you go."
18100a-lecture-10-multicam_1_360p_16_9,metric space,Full Lecture Transcript,"Why does the sequence \(x_{n} = \frac{1}{n}\) satisfy the Cauchy property, as shown in the lecture?","Choose \(M>\frac{2}{\varepsilon}\). Then for any \(n,k\ge M\), \(|\frac{1}{n}-\frac{1}{k}|\le\frac{1}{n}+\frac{1}{k}\le\frac{2}{M}<\varepsilon\); thus the sequence satisfies the Cauchy condition.","In the lecture the Cauchy condition is written out explicitly:

> A sequence \((x_n)\) is **Cauchy** if  
> \[
> \forall\,\varepsilon>0\;\exists\,M\in\mathbb N\text{ such that }  
> \forall\,n,k\ge M,\;|x_n-x_k|<\varepsilon .
> \]

For the particular sequence \(x_n=\dfrac{1}{n}\) the lecturer shows how to satisfy this condition.

1. **Choose \(M\) in terms of \(\varepsilon\).**  
   Pick \(M\) so large that  
   \[
   \frac{1}{M}<\frac{\varepsilon}{2}\qquad(\text{equivalently }M>\tfrac{2}{\varepsilon}).
   \]

2. **Estimate the difference for \(n,k\ge M\).**  
   Using the triangle inequality,
   \[
   \bigl|x_n-x_k\bigr|
   =\left|\frac{1}{n}-\frac{1}{k}\right|
   \le \left|\frac{1}{n}\right|+\left|\frac{1}{k}\right|
   <\frac{\varepsilon}{2}+\frac{\varepsilon}{2}
   =\varepsilon .
   \]

   The inequalities hold because \(n,k\ge M\) implies \(\frac{1}{n}\le\frac{1}{M}\) and \(\frac{1}{k}\le\frac{1}{M}\).

3. **Conclusion.**  
   For every \(\varepsilon>0\) we have found an \(M\) (any integer larger than \(2/\varepsilon\)) such that all terms of the sequence beyond the \(M\)-th term are within \(\varepsilon\) of each other. Hence \((1/n)\) satisfies the Cauchy property.

This is exactly the argument presented in the lecture: choose \(M\) so that \(1/M<\varepsilon/2\), then for \(n,k\ge M\) the difference \(|1/n-1/k|\) is bounded by \(\varepsilon\). Thus the sequence \(x_n=1/n\) is Cauchy."
18100a-lecture-10-multicam_1_360p_16_9,metric space,Full Lecture Transcript,"How does the lecture define a Cauchy series, and how is this related to the size of the series' tails?","A series \(\sum_{n=1}^{\infty}x_{n}\) is Cauchy if for every \(\varepsilon>0\) there is \(M\in\mathbb{N}\) such that for all \(L\ge M\), \(\left|\sum_{n=M+1}^{L}x_{n}\right|<\varepsilon\).  This is equivalent to saying that the sequence of partial sums is a Cauchy sequence.","**Definition in the lecture**

A series \(\sum_{n=1}^{\infty}x_n\) is called **Cauchy** if the sequence of its partial sums  
\[
S_m=\sum_{n=1}^{m}x_n
\]
is a Cauchy sequence.  In other words, for every \(\varepsilon>0\) there exists an integer \(M\) such that for all integers \(L\ge M\)

\[
|S_L-S_M|=\Bigl|\sum_{n=M+1}^{L}x_n\Bigr|<\varepsilon .
\]

**Relation to the size of the tails**

The condition above says that the “tail” of the series – the sum of the terms that come after the \(M\)-th term – can be made as small as we wish.  Thus a Cauchy series is one whose tails become arbitrarily small; equivalently, the series is Cauchy precisely when its tails can be bounded by any given \(\varepsilon>0\)."
18100a-lecture-10-multicam_1_360p_16_9,metric space,Full Lecture Transcript,Why does the series \(\sum_{n=1}^{\infty}(-1)^{n}\) fail to converge according to the lecture?,"The partial sums alternate: \(S_{1}=-1,\ S_{2}=0,\ S_{3}=-1,\ S_{4}=0,\ \dots\).  Because the sequence of partial sums does not converge, the series \(\sum_{n=1}^{\infty}(-1)^{n}\) diverges.","According to the lecture, the series  

\[
\sum_{n=1}^{\infty}(-1)^{n}
\]

does **not** converge for two reasons that are explicitly mentioned:

1. **The terms do not tend to zero.**  
   A necessary condition for a series \(\sum x_n\) to converge is that the sequence of terms \(x_n\) itself converges to \(0\).  
   Here \(x_n = (-1)^n\) alternates between \(-1\) and \(+1\); it has no limit, so the series cannot converge.

2. **The partial sums oscillate.**  
   The \(m\)-th partial sum is  
   \[
   S_m = \sum_{n=1}^{m}(-1)^n =
   \begin{cases}
   -1, & m \text{ odd},\\[4pt]
   0, & m \text{ even}.
   \end{cases}
   \]
   Thus the sequence \((S_m)\) alternates between \(-1\) and \(0\) and has no single limit.  

Because the terms fail to approach zero and the partial sums do not settle to a single value, the lecture concludes that the series \(\sum_{n=1}^{\infty}(-1)^n\) diverges."
18100a-lecture-10-multicam_1_360p_16_9,equation,Full Lecture Transcript,"According to this lecture, how is a Cauchy sequence formally defined in terms of \(\varepsilon>0\) and a natural number \(M\)?","A sequence \((x_n)\) is Cauchy if for every \(\varepsilon>0\) there exists a natural number \(M\) such that for all \(n,m \ge M\) one has \(|x_n-x_m|<\varepsilon\).","In the lecture a sequence \((x_n)\) is called **Cauchy** precisely when

\[
\forall\,\varepsilon>0\;\exists\,M\in\mathbb N\;\text{such that}\;\forall\,n,k\ge M,\quad |x_n-x_k|<\varepsilon .
\]

In words: for every positive tolerance \(\varepsilon\) we can find a stage \(M\) after which all later terms of the sequence are within \(\varepsilon\) of each other."
18100a-lecture-10-multicam_1_360p_16_9,equation,Full Lecture Transcript,"Using the method outlined in the lecture, explain why the sequence \(x_n=\frac1n\) satisfies the Cauchy property.","Given \(\varepsilon>0\) the lecture sets \(M>\frac{2}{\varepsilon}\). For any \(n,m\ge M\) we have \(\bigl|\frac1n-\frac1m\bigr|\le\frac1n+\frac1m\le\frac2M<\varepsilon\), proving the Cauchy condition.","**Why \(x_n=\dfrac1n\) is Cauchy (by the lecture’s method)**  

1. **State the Cauchy condition**  
   A sequence \((x_n)\) is Cauchy if  
   \[
   \forall\,\varepsilon>0\;\exists\,M\in\mathbb N\;\text{such that}\;\forall\,n,k\ge M,\;|x_n-x_k|<\varepsilon .
   \]

2. **Take an arbitrary \(\varepsilon>0\)**  
   We must find an \(M\) that works for this \(\varepsilon\).

3. **Choose \(M\) so that \(1/M<\varepsilon/2\)**  
   Since \(1/n\to0\), we can pick \(M\) large enough that  
   \[
   \frac1M<\frac{\varepsilon}{2}.
   \]
   (Equivalently, \(M>2/\varepsilon\).)

4. **Show the inequality for all \(n,k\ge M\)**  
   For \(n,k\ge M\),
   \[
   |x_n-x_k|=\left|\frac1n-\frac1k\right|
   \le \frac1n+\frac1k
   < \frac{\varepsilon}{2}+\frac{\varepsilon}{2}
   =\varepsilon .
   \]
   The triangle inequality was used in the middle step.

5. **Conclusion**  
   Since for every \(\varepsilon>0\) we found such an \(M\), the sequence \((1/n)\) satisfies the Cauchy property. This follows exactly the procedure described in the lecture: pick \(M\) based on \(\varepsilon\), then use the triangle inequality to bound \(|x_n-x_k|\)."
18100a-lecture-10-multicam_1_360p_16_9,equation,Full Lecture Transcript,What is the precise logical negation of the statement ‘\(x_n\) is a Cauchy sequence’ as presented in the lecture?,"Negation: There exists \(\varepsilon_0>0\) such that for every natural number \(M\) one can find integers \(n,m\ge M\) with \(|x_n-x_m|\ge\varepsilon_0\).","**Negation of “\(x_n\) is a Cauchy sequence”**

The definition of a Cauchy sequence given in the lecture is

\[
\forall \varepsilon>0\;\exists M\in\mathbb N\;\forall m,k\ge M:\;|x_m-x_k|<\varepsilon .
\]

To negate this statement we reverse every quantifier and change the
inequality:

\[
\boxed{\;\exists \varepsilon>0\;\forall M\in\mathbb N\;\exists m,k\ge M
\text{ such that }|x_m-x_k|\ge\varepsilon\;}
\]

In words: **there is a positive number \(\varepsilon\) such that no matter
how far out you go in the sequence, you can always find two terms beyond
that point whose distance is at least \(\varepsilon\).** This is exactly
the logical negation of the Cauchy property as presented in the lecture."
18100a-lecture-10-multicam_1_360p_16_9,equation,Full Lecture Transcript,State the equivalent ‘tail‑sum’ criterion for convergence of a series that is derived from the Cauchy idea in the lecture.,"A series \(\sum_{n=1}^{\infty}x_n\) converges iff for every \(\varepsilon>0\) there is an \(M\) such that for all integers \(L>M\), \(\left|\sum_{n=M+1}^{L}x_n\right|<\varepsilon\).","**Tail‑sum criterion (Cauchy form)**  
A series \(\sum_{n=1}^{\infty}x_n\) converges **iff** for every \(\varepsilon>0\) there exists an integer \(N\) such that for all integers \(m>n\ge N\)

\[
\Bigl|\sum_{k=n+1}^{m}x_k\Bigr|<\varepsilon .
\]

Equivalently, the “tails’’ of the series become arbitrarily small: for each \(\varepsilon>0\) there is \(N\) with

\[
\sum_{k=N+1}^{\infty}x_k \quad\text{(in absolute value)}\;<\;\varepsilon .
\]"
18100a-lecture-10-multicam_1_360p_16_9,equation,Full Lecture Transcript,Why does the lecture conclude that a Cauchy sequence which has a convergent subsequence must itself converge?,"Because a Cauchy sequence is bounded and every bounded sequence admits a convergent subsequence (Bolzano–Weierstrass). The lecture states that a Cauchy sequence having a convergent subsequence forces the whole sequence to converge to the same limit, by the theorem ‘Cauchy + convergent subsequence ⇒ convergence.’","**Answer**

The lecture shows that a Cauchy sequence which has a convergent subsequence must itself converge because the Cauchy property forces the whole tail of the sequence to stay arbitrarily close to any one of its terms, and the convergent subsequence supplies a point that the tail must approach.  

In more detail:

1. **Cauchy ⇒ bounded**  
   If \((x_n)\) is Cauchy, then it is bounded.  
   By the Bolzano–Weierstrass theorem a bounded sequence has a convergent subsequence.  
   So a Cauchy sequence always has at least one convergent subsequence.

2. **Cauchy + convergent subsequence ⇒ convergence**  
   Suppose \((x_n)\) is Cauchy and there is a subsequence \((x_{n_k})\) that converges to some limit \(L\).  
   Let \(\varepsilon>0\).  
   * Because \((x_n)\) is Cauchy, there exists \(N_1\) such that  
     \[
     |x_m-x_n|<\varepsilon/2 \quad\text{for all } m,n\ge N_1 .
     \]
   * Because \((x_{n_k})\) converges to \(L\), there exists \(N_2\) such that  
     \[
     |x_{n_k}-L|<\varepsilon/2 \quad\text{for all } k\ge N_2 .
     \]
   Take \(N=\max\{N_1,\,n_{N_2}\}\).  
   For any \(n\ge N\) choose \(k\) with \(n_k\ge N\). Then
   \[
   |x_n-L|\;\le\;|x_n-x_{n_k}|+|x_{n_k}-L|
   \;<\;\varepsilon/2+\varepsilon/2=\varepsilon .
   \]
   Thus every term of the sequence beyond \(N\) lies within \(\varepsilon\) of \(L\), which is exactly the definition of convergence to \(L\).

Because the limit \(L\) is forced by the convergent subsequence and the Cauchy property guarantees that all other terms eventually lie within any prescribed distance of each other, the whole sequence must converge to \(L\).

Hence the lecture concludes: **a Cauchy sequence that has a convergent subsequence must itself converge (to the same limit).**"
18100a-lecture-10-multicam_1_360p_16_9,series expansion,Full Lecture Transcript,"In the lecture, what is the formal definition of a Cauchy sequence in terms of ε and M?","A sequence (x_n) is Cauchy iff for every ε>0 there exists an M∈ℕ such that for all n,m≥M one has |x_n−x_m|<ε.","In the lecture the definition is given as:

> A sequence \((x_n)\) is called **Cauchy** if  
> \[
> \forall\,\varepsilon>0\;\exists\,M\in\mathbb N\text{ such that }\forall\,n\ge M,\;\forall\,k\ge M,\;|x_n-x_k|<\varepsilon .
> \]"
18100a-lecture-10-multicam_1_360p_16_9,series expansion,Full Lecture Transcript,"How does the lecturer describe the logical negation of the Cauchy condition, and what is the resulting statement?","The negation states: There exists an ε>0 such that for every M∈ℕ one can find n,m≥M with |x_n−x_m|≥ε.","The lecturer explains that to negate the Cauchy condition we simply flip every “for all” into an “there exists” (and vice‑versa).  In words he says:

> “If we look at the definition of a Cauchy sequence, we have a universal quantifier over ε and over the index M.  To get the negation we replace each of those universal quantifiers with an existential one.  So a sequence is **not** Cauchy if we can find a positive ε such that no matter how far out we go, we can always find two terms that are at least that far apart.”

Formally, the resulting statement is:

\[
\exists\,\varepsilon>0\;\forall\,M\in\mathbb N\;\exists\,n,k\ge M\quad\text{with}\quad |x_n-x_k|\ge\varepsilon .
\]

In other words, there is a fixed positive distance ε that is exceeded by the distance between some pair of terms beyond every index M."
18100a-lecture-10-multicam_1_360p_16_9,series expansion,Full Lecture Transcript,"Which specific sequence does the lecturer use to illustrate a non‑Cauchy example, and what value of ε is chosen to demonstrate failure of the Cauchy condition?","The lecturer uses x_n = (−1)^n; the bounding ε chosen is 2, showing that the distance between terms can stay at least 2.","The lecturer points to the alternating sequence  

\[
x_n = (-1)^n ,
\]

and uses the value  

\[
\varepsilon = 2
\]

to show that the Cauchy condition cannot be satisfied.  The difference between successive terms is always \(2\), so no matter how far out you go you can find two terms whose distance is at least \(2\), violating the Cauchy requirement."
18100a-lecture-10-multicam_1_360p_16_9,series expansion,Full Lecture Transcript,What conclusion does the lecturer reach about the terms of a convergent series?,"If a series ∑_{n=1}^∞ x_n converges, then its terms satisfy lim_{n→∞} x_n = 0.","The lecturer concludes that **the terms of a convergent series must tend to zero**. In other words, if \(\sum x_n\) converges, then \(\displaystyle \lim_{n\to\infty}x_n=0\)."
18100a-lecture-10-multicam_1_360p_16_9,series expansion,Full Lecture Transcript,"According to the lecture, what criterion involving the tails of a series must be satisfied for the series to be Cauchy?",A series is Cauchy precisely when for every ε>0 there is an M∈ℕ such that for all L>M the absolute value of the partial sum from n=M+1 to L of the terms is less than ε.,"According to the lecture, a series \(\sum_{n=1}^{\infty}x_n\) is Cauchy **iff** its tails can be made arbitrarily small.  In symbols:

\[
\forall\,\varepsilon>0\;\exists\,M\in\mathbb N\;\text{such that}\;\forall\,L\ge M,\qquad
\Bigl|\sum_{n=M+1}^{L}x_n\Bigr|<\varepsilon .
\]

In other words, beyond some index \(M\), the sum of any finite block of terms of the series is less than any prescribed \(\varepsilon\)."
18100a-lecture-10-multicam_1_360p_16_9,mathematical physics,Full Lecture Transcript,"According to the discussion on mathematical physics, what is the precise ε–M definition of a sequence being Cauchy?","For every \(\varepsilon>0\) there exists \(M\in\mathbb{N}\) such that for all \(n,k\geq M\) one has \(|x_n-x_k|<\varepsilon.\)","A sequence \((x_n)\) is **Cauchy** if and only if

\[
\forall\,\varepsilon>0\;\exists\,M\in\mathbb N\;\text{such that}\;\forall\,n,k\ge M,\quad |x_n-x_k|<\varepsilon .
\]

In other words, for every positive tolerance \(\varepsilon\) we can find a stage \(M\) after which all terms of the sequence are within \(\varepsilon\) of each other."
18100a-lecture-10-multicam_1_360p_16_9,mathematical physics,Full Lecture Transcript,"As explained regarding Cauchy sequences, why does the proof that the sequence \(x_n = 1/n\) is Cauchy use the choice \(M> 2/\varepsilon\)?","Choosing \(M>2/\varepsilon\) ensures that \(1/M<\varepsilon/2\). Then for \(n,k\geq M\) we have \(|1/n-1/k|\leq 1/n+1/k\leq 1/M+1/M<\varepsilon,\) proving the \(\varepsilon\)-definition.","In the proof we must show that for every \(\varepsilon>0\) we can find an index \(M\) such that  

\[
|x_n-x_k|=\Bigl|\frac1n-\frac1k\Bigr|<\varepsilon \qquad\text{whenever } n,k\ge M .
\]

Using the triangle inequality we have  

\[
\Bigl|\frac1n-\frac1k\Bigr|
   \le \frac1n+\frac1k .
\]

If we choose \(M\) so that every term beyond \(M\) is at most \(1/M\), i.e.  

\[
\frac1n\le\frac1M \quad\text{and}\quad \frac1k\le\frac1M \quad\text{for } n,k\ge M,
\]

then  

\[
\Bigl|\frac1n-\frac1k\Bigr|\le \frac1M+\frac1M=\frac{2}{M}.
\]

To make this bound smaller than \(\varepsilon\) we need  

\[
\frac{2}{M}<\varepsilon \quad\Longleftrightarrow\quad M>\frac{2}{\varepsilon}.
\]

Thus the proof chooses \(M>2/\varepsilon\) so that the difference between any two terms beyond \(M\) is guaranteed to be less than \(\varepsilon\). This choice directly satisfies the Cauchy condition for the sequence \(x_n=1/n\)."
18100a-lecture-10-multicam_1_360p_16_9,mathematical physics,Full Lecture Transcript,"In the lecture, what is the negation of the definition of a Cauchy sequence?","There exists an \(\varepsilon>0\) such that for every \(M\in\mathbb{N}\) there exist \(n,k\geq M\) with \(|x_n-x_k|\geq\varepsilon.\)","In the lecture the negation of the Cauchy condition is stated as:

> **A sequence \((x_n)\) is **not** Cauchy** iff there exists a positive number \(\varepsilon>0\) such that for every natural number \(M\) one can find indices \(n\ge M\) and \(k\ge M\) with  
> \[
> |x_n-x_k|\;\ge\;\varepsilon .
> \]

In other words, you can always go far enough out in the sequence and still find two terms that stay at least \(\varepsilon\) apart."
18100a-lecture-10-multicam_1_360p_16_9,mathematical physics,Full Lecture Transcript,What key property of Cauchy sequences is shown by the argument that the tail of the sequence is within a fixed distance from a particular term using \(\varepsilon = 1\)?,"It shows that every Cauchy sequence is bounded: the inequality \(|x_n-x_M|<1\) for \(n\geq M\) gives \(|x_n|\leq |x_M|+1\), and the finitely many terms before \(M\) can be bounded individually.","The argument shows that a Cauchy sequence is **bounded**.  
By taking \(\varepsilon = 1\) we find an index \(N\) such that for all \(m,n \ge N\),
\(|x_m-x_n|<1\).  Fixing one term, say \(x_N\), this gives \(|x_n-x_N|<1\) for every
\(n\ge N\).  Hence all terms of the tail lie in the interval \((x_N-1,\;x_N+1)\),
so the whole sequence is bounded."
18100a-lecture-10-multicam_1_360p_16_9,mathematical physics,Full Lecture Transcript,"According to the discussion, what condition on the terms \(x_n\) of a series \(\sum_{n=1}^{\infty} x_n\) guarantees that the series cannot converge?","If \(\displaystyle\lim_{n\to\infty}x_n\neq0\) (or the limit does not exist), then the series \(\sum_{n=1}^{\infty}x_n\) cannot converge.","The lecture states that **if a series converges, its terms must tend to zero**.  
Therefore, a necessary condition for a series \(\sum_{n=1}^{\infty} x_n\) to converge is  

\[
\lim_{n\to\infty} x_n = 0 .
\]

Consequently, **if the terms \(x_n\) do not converge to \(0\) (or the limit does not exist), the series cannot converge**."
18100a-lecture-10-multicam_1_360p_16_9,imfs,Full Lecture Transcript,"In the lecture, how is the definition of a Cauchy sequence expressed in the form of an \u03B5–\u004D statement?","A sequence \((x_{n})_{n\ge1}\) is Cauchy if \(\forall\,\varepsilon>0\;\exists\,M\in\mathbb{N}\) such that \(\forall\,n,k\ge M\) one has \(|x_{n}-x_{k}|<\varepsilon\).","In the lecture the Cauchy condition is written as an ε–M statement:

> **ε–M definition of a Cauchy sequence**  
> For every ε > 0 there exists an integer M such that  
> whenever n ≥ M and k ≥ M,  
> \[
> |x_n - x_k| < \varepsilon .
> \]"
18100a-lecture-10-multicam_1_360p_16_9,imfs,Full Lecture Transcript,"According to the discussion, what are the key steps used to prove that every Cauchy sequence is bounded?","The proof first fixes \(\varepsilon=1\) and obtains an index \(M\) so that \(|x_{n}-x_{k}|<1\) for all \(n,k\ge M\). Choosing \(k=M\) gives \(|x_{n}-x_{M}|<1\) for all \(n\ge M\), so \(|x_{n}|\le |x_{M}|+1\) for those \(n\). All earlier terms form a finite set, and taking the maximum of the absolute values of the first \(M-1\) terms together with the bound \(|x_{M}|+1\) yields a single number \(B\) such that \(|x_{n}|\le B\) for every \(n\). Thus the sequence is bounded.","**Key steps in the proof that every Cauchy sequence is bounded**

1. **Use the Cauchy property to control the tail of the sequence**  
   - Because the sequence \((x_n)\) is Cauchy, there exists an index \(m\) such that  
     \[
     |x_n-x_k|<1 \qquad\text{for all } n,k\ge m .
     \]
   - Fix one of those indices, say \(k=m\).  For any \(n\ge m\) we then have  
     \[
     |x_n|\;=\;|x_n-x_m+x_m|\;\le\;|x_n-x_m|+|x_m|\;<\;1+|x_m|.
     \]
     Thus every term with index \(\ge m\) is bounded by the constant \(1+|x_m|\).

2. **Bound the finitely many initial terms**  
   - The first \(m-1\) terms are a finite set.  Define a number \(b\) that dominates all of them, e.g.  
     \[
     b \;=\; |x_1|+|x_2|+\dots+|x_{m-1}|.
     \]
     Since \(b\) is a sum of non‑negative numbers, \(b\ge |x_n|\) for each \(n<m\).

3. **Combine the two bounds**  
   - Set  
     \[
     B \;=\; \max\{\,b,\;1+|x_m|\,\}.
     \]
   - Then for every index \(n\) we have \(|x_n|\le B\).  Hence the whole sequence is bounded.

These three steps—choosing an index from the Cauchy condition, bounding the tail, and bounding the finite initial segment—constitute the proof that every Cauchy sequence in \(\mathbb{R}\) is bounded."
18100a-lecture-10-multicam_1_360p_16_9,imfs,Full Lecture Transcript,The lecturer shows a correspondence between a Cauchy sequence of partial sums and the convergence of a series. What condition on the *tails* of a series represents the Cauchy criterion?,"For a series \(\sum x_{n}\) to be Cauchy, the lecturer states:  \(\forall\,\varepsilon>0\;\exists\,M\in\mathbb{N}\) such that \(\forall\,L\ge M\) the *tail* sum satisfies \(\Bigl|\sum_{n=M+1}^{L}x_{n}\Bigr|<\varepsilon\).","The Cauchy criterion for a series says that the “tails’’ of the series can be made arbitrarily small.  
In symbols, for a series \(\sum_{n=1}^{\infty}x_n\),

\[
\forall\,\varepsilon>0\;\exists\,N\in\mathbb N\;\text{such that}\;\forall\,m,n\ge N,\qquad
\Bigl|\sum_{k=m+1}^{\,n}x_k\Bigr|<\varepsilon .
\]

Equivalently, the sum of the terms from \(N+1\) onward (the tail) has absolute value less than \(\varepsilon\). This condition on the tails is exactly the Cauchy criterion for convergence of the series."
18100a-lecture-10-multicam_1_360p_16_9,imfs,Full Lecture Transcript,"In the reflected discussion of a sequence that is *not* Cauchy, what does the negated definition assert about ε and indices, and which concrete example is used to illustrate this?","The negated definition says there exists a positive number \(\varepsilon_{0}\) such that \(\forall\,M\in\mathbb{N}\) one can find indices \(n,k\ge M\) with \(|x_{n}-x_{k}|\ge\varepsilon_{0}\). The example given is \(x_{n}=(-1)^{n}\); choosing \(\varepsilon_{0}=2\) shows that the distance between suitable terms can always be made at least \(2\), so the sequence is not Cauchy.","In the lecture the negation of the Cauchy condition is stated as follows:

*There exists a positive number ε such that for **every** natural number m one can find indices n ≥ m and k ≥ m with  
\[
|x_n-x_k|\;\ge\;\varepsilon .
\]*

In other words, no matter how far out you go in the sequence, you can always locate two terms that are at least ε apart.

The concrete example that is used to illustrate a sequence that fails this property is the alternating sequence  

\[
x_n = (-1)^n \quad(\text{i.e. } 1,-1,1,-1,\dots).
\]

For this sequence one can take ε = 2; then for any m you can choose n = m and k = m+1, and \(|x_n-x_k|=2\ge\varepsilon\). Thus the sequence is not Cauchy."
18100a-lecture-10-multicam_1_360p_16_9,imfs,Full Lecture Transcript,"Why does the lecture state that if a series converges, then the general term tends to zero? Which part of the justification is provided, and why does the converse not hold?","The lecture uses the Cauchy criterion for series: if \(\sum x_{n}\) converges, its partial–sum sequence is Cauchy, hence the tail sums \( \sum_{n=M+1}^{L}x_{n}\) tend to zero. Taking \(L\to\infty\) with fixed \(M\) shows \(\lim_{n\to\infty}x_{n}=0\). The converse fails because a sequence like \(x_{n}=1/n\) satisfies \(x_{n}\to0\) yet its series \(\sum 1/n\) diverges; the lecture explicitly notes that “the converse does not hold.”","**Why the lecture says “if a series converges, then the general term tends to 0”**

The lecture proves that convergence of a series forces its terms to vanish.  
The argument is the standard “Cauchy‑sequence” proof:

1. **Assume the series \(\sum_{n=1}^{\infty}x_n\) converges.**  
   Then its sequence of partial sums  
   \[
   S_m=\sum_{n=1}^{m}x_n
   \]
   is a Cauchy sequence.

2. **Use the Cauchy property.**  
   For every \(\varepsilon>0\) there is an \(M\) such that for all \(L\ge M\) and all \(m\ge M\),
   \[
   \Bigl|\sum_{n=m+1}^{L}x_n\Bigr|<\varepsilon .
   \]

3. **Choose \(L=m+1\).**  
   Then the above inequality becomes  
   \[
   |x_{m+1}|<\varepsilon .
   \]

4. **Let \(m\to\infty\).**  
   Since \(\varepsilon\) was arbitrary, we conclude  
   \[
   \lim_{n\to\infty}x_n=0 .
   \]

Thus the lecture provides a concrete epsilon–\(M\) argument, derived from the Cauchy property of the partial‑sum sequence, to justify the statement.

---

**Why the converse does not hold**

The fact that \(x_n\to0\) is **necessary** but **not sufficient** for \(\sum x_n\) to converge.  
A classic counter‑example is the harmonic series
\[
\sum_{n=1}^{\infty}\frac{1}{n},
\]
whose terms \(1/n\) clearly tend to \(0\) yet the series diverges.  
Other divergent series with vanishing terms exist (e.g., \(\sum (-1)^n/n\) diverges conditionally, etc.).

Hence, while convergence of a series guarantees that its terms go to zero, the reverse implication fails because additional conditions (such as absolute convergence, comparison tests, ratio tests, etc.) are required to ensure convergence."
18100a-lecture-11-multicam_360p_16_9,power of two,Full Lecture Transcript,"According to the discussion on the subsequence \(S_{2^k}\) of partial sums for the harmonic series, which estimate is used to show that the sum of each block of terms from \(2^{\lambda-1}+1\) to \(2^{\lambda}\) is at least \(\dfrac12\)?","For each \( \lambda \), the block \( \sum_{n=2^{\lambda-1}+1}^{2^{\lambda}}\frac{1}{n} \) is bounded below by \( (2^{\lambda}-2^{\lambda-1})\cdot \frac{1}{2^{\lambda}} = \tfrac12 \).","The argument uses the simple lower‑bound

\[
\frac{1}{n}\;\ge\;\frac{1}{2^{\lambda}}\qquad\text{for every }n\in\{2^{\lambda-1}+1,\dots,2^{\lambda}\}.
\]

Since there are \(2^{\lambda-1}\) terms in that block, the block’s sum is at least  

\[
2^{\lambda-1}\cdot\frac{1}{2^{\lambda}}=\frac12 .
\]"
18100a-lecture-11-multicam_360p_16_9,power of two,Full Lecture Transcript,"Which series is cited as a counterexample showing that the implication ""terms tend to zero implies convergence"" does not hold for all series?",The harmonic series \(\displaystyle\sum_{n=1}^{\infty}\frac{1}{n}\) is presented as the counterexample.,"The counterexample cited is the **harmonic series**  
\[
\sum_{n=1}^{\infty}\frac{1}{n},
\]  
whose terms tend to 0 but whose series diverges."
18100a-lecture-11-multicam_360p_16_9,power of two,Full Lecture Transcript,"In the proof that absolute convergence implies ordinary convergence, which inequality is used to relate the partial sums of the original series to the partial sums of the series of absolute values?",The key inequality is \(\displaystyle\Bigl|\sum_{n=m+1}^{l}x_{n}\Bigr|\le \sum_{n=m+1}^{l}|x_{n}|\).,"In the proof we use the triangle‑inequality for finite sums:

\[
\Bigl|\sum_{n=m+1}^{l}x_n\Bigr|\;\le\;\sum_{n=m+1}^{l}|x_n|.
\]

This inequality relates the partial sum of the original series to the corresponding partial sum of the series of absolute values."
18100a-lecture-11-multicam_360p_16_9,power of two,Full Lecture Transcript,"In the comparison test, if \(0 \le a_n \le b_n\) for all \(n\) and \(\sum_{n=1}^{\infty}b_n\) converges, what conclusion can be drawn about \(\sum_{n=1}^{\infty}a_n\)?",The series \(\displaystyle\sum_{n=1}^{\infty}a_{n}\) must also converge.,"If \(0 \le a_n \le b_n\) for every \(n\) and the series \(\displaystyle \sum_{n=1}^{\infty} b_n\) converges, then the series \(\displaystyle \sum_{n=1}^{\infty} a_n\) also converges."
18100a-lecture-11-multicam_360p_16_9,power of two,Full Lecture Transcript,What is the range of exponents \(p\) for which the p‑series \(\displaystyle\sum_{n=1}^{\infty}\frac{1}{n^{p}}\) converges?,The series converges whenever \(p>1\); it diverges for \(p\le 1\).,"The p‑series  

\[
\sum_{n=1}^{\infty}\frac{1}{n^{p}}
\]

converges **if and only if** the exponent \(p\) is **greater than 1**. For \(p\le 1\) the series diverges."
18100a-lecture-11-multicam_360p_16_9,convergence test,Full Lecture Transcript,"In the lecture it was shown that the implication “if \(\sum_{n=1}^{\infty}x_{n}\) converges then \(\lim_{n\to\infty}x_{n}=0\)” does not have a converse.  What is the counter‑example presented, and why does its series fail to converge even though the terms approach \(0\)?","The counter‑example is the harmonic series \(\displaystyle \sum_{n=1}^{\infty}\frac{1}{n}\).  Each term satisfies \(\frac{1}{n}\to 0\) as \(n\to\infty\), but the series diverges because its partial sums grow without bound.","**Counter‑example:**  
The lecture used the **harmonic series**

\[
\sum_{n=1}^{\infty}\frac{1}{n}\; .
\]

**Why it works**

* The individual terms satisfy  
  \[
  \lim_{n\to\infty}\frac{1}{n}=0 ,
  \]
  so the “necessary” condition is met.

* Nevertheless the series **does not converge**.  
  The partial sums

  \[
  S_N=\sum_{n=1}^{N}\frac{1}{n}
  \]

  grow without bound.  One way to see this is to group the terms:

  \[
  S_{2^k}=1+\frac12+\Bigl(\frac13+\frac14\Bigr)+\Bigl(\frac15+\dots+\frac1{8}\Bigr)+\cdots
  \ge 1+\frac12+\frac12+\frac12+\cdots+\frac12
  =1+\frac{k}{2},
  \]

  so \(S_{2^k}\ge 1+\frac{k}{2}\to\infty\) as \(k\to\infty\).  
  Hence the sequence of partial sums is unbounded, and the series diverges.

Thus the harmonic series provides a counter‑example: its terms tend to \(0\), yet the series fails to converge."
18100a-lecture-11-multicam_360p_16_9,convergence test,Full Lecture Transcript,"The proof of divergence of the harmonic series used a subsequence of partial sums \(S_{2^{k}}\).  Explain how this subsequence is constructed and show, step by step, how a lower bound of \(\frac{1}{2}\) for each block leads to the estimate \(S_{2^{k}}\ge \frac{k}{2}\), proving the subsequence is unbounded.","The subsequence is obtained by taking partial sums at indices that are powers of two: \(S_{2^{k}}=\sum_{n=1}^{2^{k}}\frac{1}{n}\).  The terms are grouped into blocks where \(n\) runs from \(2^{\lambda-1}+1\) to \(2^{\lambda}\).  In each block \(\frac{1}{n}\ge\frac{1}{2^{\lambda}}\) and there are \(2^{\lambda-1}\) terms, so the block contributes at least \(\frac{1}{2}\).  Summing over \(\lambda=1,\dots ,k\) gives \(\displaystyle S_{2^{k}}\ge\frac{1}{2}\,k\), which tends to infinity as \(k\to\infty\).","**Construction of the subsequence \(S_{2^{k}}\)**  

Let  

\[
S_{n}= \sum_{i=1}^{n}\frac{1}{i}\qquad(n=1,2,3,\dots )
\]

be the sequence of partial sums of the harmonic series.  
To obtain a convenient subsequence we evaluate the partial sums only at
indices that are powers of two:

\[
S_{2^{k}}=\sum_{i=1}^{2^{k}}\frac{1}{i}\qquad(k=1,2,3,\dots ).
\]

Thus the subsequence is \(\{S_{2},S_{4},S_{8},S_{16},\dots\}\).

---

### Grouping the terms into “blocks”

For each integer \(l\ge 1\) consider the block of terms whose indices lie
between two successive powers of two:

\[
\text{Block }l:\quad
\frac{1}{2^{\,l-1}+1},\frac{1}{2^{\,l-1}+2},\dots ,\frac{1}{2^{\,l}} .
\]

There are exactly \(2^{\,l-1}\) terms in this block, because

\[
2^{\,l}-\bigl(2^{\,l-1}+1\bigr)+1 = 2^{\,l-1}.
\]

---

### Lower bound for a single block

Every term in block \(l\) is at least as large as the last term of the
block, namely \(1/2^{\,l}\).  Hence

\[
\sum_{\text{Block }l}\frac{1}{i}\;\ge\;
2^{\,l-1}\cdot\frac{1}{2^{\,l}}
=\frac{1}{2}.
\]

So **each block contributes at least \(1/2\) to the partial sum**.

---

### Summing the blocks up to \(2^{k}\)

The partial sum \(S_{2^{k}}\) contains exactly the first \(k\) blocks:
blocks \(1,2,\dots ,k\).  Using the lower bound for each block we get

\[
S_{2^{k}}
=\sum_{l=1}^{k}\;\sum_{\text{Block }l}\frac{1}{i}
\;\ge\;\sum_{l=1}^{k}\frac{1}{2}
= k\cdot\frac{1}{2}
=\frac{k}{2}.
\]

Thus

\[
\boxed{\,S_{2^{k}}\;\ge\;\frac{k}{2}\,}.
\]

---

### Consequence: the subsequence is unbounded

As \(k\to\infty\), the right–hand side \(\frac{k}{2}\) tends to infinity.
Therefore the subsequence \(\{S_{2^{k}}\}\) is unbounded.  Since a
convergent series would have a bounded sequence of partial sums, the
harmonic series cannot converge.

This completes the proof that the subsequence \(S_{2^{k}}\) is unbounded
and, consequently, that the harmonic series diverges."
18100a-lecture-11-multicam_360p_16_9,convergence test,Full Lecture Transcript,"To prove that absolute convergence implies ordinary convergence, a generalized triangle inequality was invoked.  State this inequality for a finite sum of real numbers and explain how it is used to show that a series with absolutely convergent terms is a Cauchy series.","The inequality is: for real numbers \(x_{1},\dots ,x_{m}\), \(\displaystyle \bigl|\sum_{n=1}^{m}x_{n}\bigr|\le \sum_{n=1}^{m}|x_{n}|\).  In the proof, given \(\varepsilon>0\) we find \(N\) so that \(\sum_{n=N+1}^{\infty}|x_{n}|<\varepsilon\).  For \(m>n\ge N\), the triangle inequality gives \(\bigl|\sum_{k=n+1}^{m}x_{k}\bigr|\le\sum_{k=n+1}^{m}|x_{k}|\le\varepsilon\), showing the series is Cauchy and hence convergent.","**Generalized triangle inequality (finite sum)**  

For any finite collection of real numbers \(x_{1},x_{2},\dots ,x_{m}\) (with \(m\ge 2\))

\[
\boxed{\;\Bigl|\sum_{n=1}^{m}x_{n}\Bigr|\;\le\;\sum_{n=1}^{m}\bigl|x_{n}\bigr|\;}
\]

This is the usual triangle inequality applied repeatedly to the partial sums.

---

**How it is used to prove that an absolutely convergent series is Cauchy**

1. **Absolute convergence gives a Cauchy condition for the absolute‑value series.**  
   If \(\sum_{n=1}^{\infty}x_{n}\) is absolutely convergent, then the series  
   \(\sum_{n=1}^{\infty}|x_{n}|\) converges.  
   Hence, for every \(\varepsilon>0\) there exists an integer \(M\) such that for all
   \(l>m\ge M\),

   \[
   \sum_{n=m+1}^{l}|x_{n}|<\varepsilon .
   \]

2. **Apply the generalized triangle inequality to the partial sums of the original series.**  
   For the same indices \(m<l\),

   \[
   \Bigl|\sum_{n=m+1}^{l}x_{n}\Bigr|
   \;\le\;\sum_{n=m+1}^{l}|x_{n}|
   \;<\;\varepsilon .
   \]

3. **Cauchy condition for the series.**  
   The inequality above shows that for every \(\varepsilon>0\) we can find \(M\) such that
   whenever \(l>m\ge M\),

   \[
   \Bigl|\sum_{n=m+1}^{l}x_{n}\Bigr|<\varepsilon .
   \]

   This is exactly the Cauchy criterion for series: the tail sums can be made arbitrarily small.  
   Therefore the series \(\sum_{n=1}^{\infty}x_{n}\) is a Cauchy series, and by the
   theorem that a Cauchy series converges, the series converges.

Thus the generalized triangle inequality bridges the absolute‑value convergence
to ordinary convergence by bounding the absolute value of any finite partial sum
by the corresponding sum of absolute values."
18100a-lecture-11-multicam_360p_16_9,convergence test,Full Lecture Transcript,"State the comparison test for two series \(\sum x_{n}\) and \(\sum y_{n}\) with non‑negative terms, including the two implications regarding convergence and divergence.  Briefly describe why monotonicity of partial sums plays a role in the proof.","If \(0\le x_{n}\le y_{n}\) for all \(n\), then (1) if \(\sum y_{n}\) converges then \(\sum x_{n}\) converges, and (2) if \(\sum x_{n}\) diverges then \(\sum y_{n}\) diverges.  The proof uses the fact that the partial sums of a non‑negative series are increasing: \(S_{m}^{x}\le S_{m}^{y}\), so boundedness (or lack of it) transfers from one series to the other.","**Comparison test (non‑negative terms)**  

Let \(\sum_{n=1}^{\infty}x_{n}\) and \(\sum_{n=1}^{\infty}y_{n}\) be series whose terms are all non‑negative and suppose that for every \(n\)

\[
0\le x_{n}\le y_{n}.
\]

Then  

1. **Convergence implication** – If the larger series \(\sum y_{n}\) converges, then the smaller series \(\sum x_{n}\) also converges.  
2. **Divergence implication** – If the smaller series \(\sum x_{n}\) diverges, then the larger series \(\sum y_{n}\) also diverges.

---

**Why monotonicity of partial sums matters**

Because all terms are non‑negative, each partial sum

\[
S_{m}=\sum_{n=1}^{m}x_{n}, \qquad T_{m}=\sum_{n=1}^{m}y_{n}
\]

is a *monotone increasing* sequence: \(S_{m+1}=S_{m}+x_{m+1}\ge S_{m}\) and similarly for \(T_{m}\).  
This monotonicity guarantees that the partial sums are bounded **iff** the series converges (a standard theorem proved earlier).  

In the proof of the comparison test we use the inequality \(x_{n}\le y_{n}\) to deduce \(S_{m}\le T_{m}\) for every \(m\).  
If \(T_{m}\) is bounded (because \(\sum y_{n}\) converges), then \(S_{m}\) is also bounded, and by the monotone‑boundedness theorem \(\sum x_{n}\) converges.  
Conversely, if \(S_{m}\) is unbounded (because \(\sum x_{n}\) diverges), then \(T_{m}\) must also be unbounded, so \(\sum y_{n}\) diverges.  

Thus the monotonicity of the partial sums is the key tool that links boundedness of one series to boundedness (or unboundedness) of the other."
18100a-lecture-11-multicam_360p_16_9,convergence test,Full Lecture Transcript,"For the \(p\)-series \(\sum_{n=1}^{\infty}\frac{1}{n^{p}}\) with \(p>1\), the lecture uses dyadic blocks to prove convergence.  Outline the grouping of terms, derive the upper bound for \(S_{2^{k}}\), and explain why this leads to a bound for all partial sums \(\{S_{m}\}\).","Set \(S_{2^{k}}=\sum_{n=1}^{2^{k}}\frac{1}{n^{p}}\) and write it as \(1+\sum_{\lambda=1}^{k}\sum_{n=2^{\lambda-1}+1}^{2^{\lambda}}\frac{1}{n^{p}}\).  In each block \(n\le2^{\lambda}\), so \(\frac{1}{n^{p}}\le\frac{1}{2^{(\lambda-1)p}}\) and there are \(2^{\lambda-1}\) terms.  Thus the block is at most \(\frac{2^{\lambda-1}}{2^{(\lambda-1)p}}=2^{-(\lambda-1)(p-1)}\).  Summing over \(\lambda\) gives \(S_{2^{k}}\le1+ \sum_{\lambda=1}^{k}2^{-(\lambda-1)(p-1)}\le1+\frac{1}{1-2^{-(p-1)}}\).  Any partial sum \(S_{m}\) satisfies \(S_{m}\le S_{2^{k}}\) where \(2^{k-1}<m\le2^{k}\), so all \(S_{m}\) are bounded by the same constant, proving convergence.","**Grouping of terms (dyadic blocks)**  
For a fixed integer \(k\ge 1\) consider the partial sum  

\[
S_{2^{k}}=\sum_{n=1}^{2^{k}}\frac{1}{n^{p}} .
\]

The terms are grouped according to the dyadic intervals  

\[
[2^{\ell-1}+1,\;2^{\ell}], \qquad \ell=1,2,\dots ,k .
\]

Thus

\[
S_{2^{k}}
   =\frac{1}{1^{p}}
     +\sum_{\ell=1}^{k}\;\sum_{n=2^{\ell-1}+1}^{2^{\ell}}\frac{1}{n^{p}} .
\]

Inside the \(\ell\)-th block every denominator \(n\) satisfies  
\(2^{\ell-1}<n\le 2^{\ell}\).  
Hence \(n\ge 2^{\ell-1}+1\) and therefore

\[
\frac{1}{n^{p}}\le \frac{1}{(2^{\ell-1}+1)^{p}}
                 <\frac{1}{(2^{\ell-1})^{p}}
                 =\frac{1}{2^{(\ell-1)p}} .
\]

The block contains exactly \(2^{\ell-1}\) terms, so

\[
\sum_{n=2^{\ell-1}+1}^{2^{\ell}}\frac{1}{n^{p}}
   \le 2^{\ell-1}\cdot\frac{1}{2^{(\ell-1)p}}
   =\frac{1}{2^{(\ell-1)(p-1)}} .
\]

**Upper bound for \(S_{2^{k}}\)**  
Adding the bounds for all blocks gives

\[
S_{2^{k}}
   \le 1+\sum_{\ell=1}^{k}\frac{1}{2^{(\ell-1)(p-1)}}
   =1+\sum_{j=0}^{k-1}\frac{1}{2^{j(p-1)}} .
\]

The right–hand side is a finite geometric series with ratio  
\(r=\frac{1}{2^{p-1}}<1\) (because \(p>1\)).  
Hence

\[
S_{2^{k}}
   \le 1+\frac{1-r^{\,k}}{1-r}
   \le 1+\frac{1}{1-r}
   =\frac{1}{1-2^{-(p-1)}} .
\]

Thus every partial sum whose index is a power of two is bounded by the
constant  

\[
C(p)=\frac{1}{1-2^{-(p-1)}} .
\]

**Extending the bound to all partial sums \(\{S_{m}\}\)**  
Let \(m\) be any positive integer.  
Choose \(k\) such that \(2^{k-1}<m\le 2^{k}\).  
Because the terms of the series are positive, the sequence of partial
sums is monotone increasing, so

\[
S_{m}\le S_{2^{k}}\le C(p).
\]

Since this holds for every \(m\), the entire sequence \(\{S_{m}\}\) is
bounded above by the same constant \(C(p)\).  
A bounded, monotone increasing sequence of partial sums converges,
hence the \(p\)-series converges for every \(p>1\)."
18100a-lecture-11-multicam_360p_16_9,p-adic number,Full Lecture Transcript,What inequality is derived to show that the subsequence \(S_{2^k}\) of the partial sums of the harmonic series grows without bound?,"By grouping the terms between successive powers of two and noting that each block has at least two terms each not smaller than \(\frac{1}{2^k}\), we obtain \(S_{2^k}\ge 1+\frac{k}{2}\). As \(k\to\infty\), this lower bound tends to infinity, proving the subsequence is unbounded.","The key estimate is that each “block’’ of terms between consecutive powers of 2 contributes at least a fixed amount.  
For the harmonic series (\(p=1\)) one shows

\[
S_{2^k}= \sum_{n=1}^{2^k}\frac1n
      \;\ge\;1+\frac12+\Bigl(\frac13+\frac14\Bigr)
      +\Bigl(\frac15+\frac16+\frac17+\frac18\Bigr)+\cdots
      +\Bigl(\frac{2^{k-1}+1}{2^{k-1}+1}+\cdots+\frac1{2^k}\Bigr).
\]

Each block from \(2^{\ell-1}+1\) to \(2^\ell\) contains \(2^{\ell-1}\) terms, each at least \(1/2^\ell\); hence the block sum is at least

\[
2^{\ell-1}\cdot\frac1{2^\ell}=\frac12 .
\]

Thus

\[
S_{2^k}\;\ge\;1+\frac12+\frac12+\cdots+\frac12
          \;=\;1+\frac{k-1}{2}.
\]

This inequality shows that the subsequence \(S_{2^k}\) grows without bound as \(k\to\infty\)."
18100a-lecture-11-multicam_360p_16_9,p-adic number,Full Lecture Transcript,"In proving that absolute convergence implies convergence, which inequality is used to relate the absolute value of a finite sum of terms to the sum of their absolute values?","The inequality used is \(\left|\sum_{n=m+1}^{l}x_n\right|\le \sum_{n=m+1}^{l}|x_n|\), which follows from the generalized triangle inequality for a finite sum of real numbers.","The proof uses the **triangle inequality for finite sums**:

\[
\left|\sum_{n=m+1}^{l} x_n\right|\;\le\;\sum_{n=m+1}^{l} |x_n|.
\]

This inequality bounds the absolute value of a partial sum by the sum of the absolute values of its terms."
18100a-lecture-11-multicam_360p_16_9,p-adic number,Full Lecture Transcript,"For a series with non‑negative terms, what property of its partial sums is equivalent to convergence?","The series converges if and only if its sequence of partial sums \(\{S_n\}\) is bounded. Because all terms are non‑negative, the partial sums form a monotone increasing sequence, so boundedness forces convergence.","For a series whose terms are all non‑negative, the series converges **iff** its sequence of partial sums is bounded."
18100a-lecture-11-multicam_360p_16_9,p-adic number,Full Lecture Transcript,How does the comparison theorem determine the convergence of the \(p\)-series \(\sum_{n=1}^{\infty}\frac1{n^p}\)? State the result for \(p>1\) and for \(p\le 1\).,"The comparison theorem states that if \(0\le x_n\le y_n\) for all \(n\), then convergence of \(\sum y_n\) forces convergence of \(\sum x_n\), and divergence of \(\sum x_n\) forces divergence of \(\sum y_n\). Applying this with \(x_n=1/n^p\) and \(y_n=1/n\) yields: the \(p\)-series diverges when \(p\le 1\) and converges when \(p>1\).","**Using the comparison theorem**

The comparison theorem says that if we have two series with non‑negative terms  

\[
\sum a_n ,\qquad \sum b_n ,\qquad 0\le a_n\le b_n\ \text{for all }n,
\]

then  

* if \(\sum b_n\) converges, so does \(\sum a_n\);  
* if \(\sum a_n\) diverges, so does \(\sum b_n\).

---

### 1.  \(p\le 1\)  (divergence)

For \(p\le 1\) we have  

\[
\frac{1}{n^p}\;\ge\;\frac{1}{n}\qquad(n\ge 1).
\]

The series \(\sum_{n=1}^{\infty}\frac{1}{n}\) is the harmonic series, which is known to diverge.  
By the comparison theorem, because the terms of \(\sum 1/n^p\) are **larger** than the terms of a divergent series, \(\sum 1/n^p\) must also diverge.

\[
\boxed{\;p\le 1 \;\Longrightarrow\; \sum_{n=1}^{\infty}\frac{1}{n^p}\ \text{diverges}\;}
\]

---

### 2.  \(p>1\)  (convergence)

For \(p>1\) we can bound the partial sums by grouping terms between successive powers of two:

\[
S_{2^k}=\sum_{n=1}^{2^k}\frac{1}{n^p}
      \le 1+\sum_{\ell=1}^{k}\frac{2^{\ell}-1}{(2^{\ell-1})^p}
      \le 1+\sum_{\ell=1}^{k}\frac{2^{\ell}}{(2^{\ell-1})^p}
      =1+\sum_{\ell=1}^{k}\frac{1}{2^{(\,p-1\,)\ell-1}}
      \le 1+\frac{1}{2^{p-1}-1}.
\]

Thus the subsequence of partial sums \(\{S_{2^k}\}\) is bounded by a fixed constant that depends only on \(p\).  
Since the full sequence of partial sums is monotone increasing and bounded above, it converges.  
Hence the series \(\sum 1/n^p\) converges.

\[
\boxed{\;p>1 \;\Longrightarrow\; \sum_{n=1}^{\infty}\frac{1}{n^p}\ \text{converges}\;}
\]

---

**Result**

\[
\sum_{n=1}^{\infty}\frac{1}{n^p}
\begin{cases}
\text{converges} & \text{if } p>1,\\[4pt]
\text{diverges}  & \text{if } p\le 1.
\end{cases}
\]"
18100a-lecture-11-multicam_360p_16_9,p-adic number,Full Lecture Transcript,"During the proof that the \(p\)-series converges when \(p>1\), a subsequence \(S_{2^k}\) is bounded using a geometric series. What is the common ratio of that series and why does this boundedness lead to convergence of the entire series?","The bounding geometric series has ratio \(r=2^{\,1-p}\), which is less than one because \(p>1\). The subsequence \(S_{2^k}\) is bounded by \(1+\frac{1}{1-2^{\,1-p}}\). Since all partial sums are monotone increasing and each is bounded above by a constant that dominates this subsequence, the entire sequence of partial sums is bounded, which implies the \(p\)-series converges.","**Common ratio**

In the proof we group the terms of the \(p\)-series between successive powers of two:

\[
S_{2^k}= \sum_{n=1}^{2^k}\frac1{n^p}
      \le 1+\sum_{j=1}^{k}\bigl(2^j-2^{j-1}\bigr)\frac1{(2^{\,j-1})^p}
      =1+\sum_{j=0}^{k-1}\frac1{(2^{\,j})^{\,p-1}}
      =1+\sum_{j=0}^{k-1}\Bigl(\frac1{2^{\,p-1}}\Bigr)^{j}.
\]

The last sum is a finite geometric series whose **common ratio** is  

\[
r=\frac{1}{2^{\,p-1}}.
\]

Because \(p>1\), we have \(p-1>0\) and therefore \(0<r<1\).  
Hence the geometric series converges, and its partial sums are bounded by

\[
1+\frac{1}{1-r}= \frac{1}{1-2^{-(p-1)}}.
\]

Thus every subsequence \(S_{2^k}\) is bounded above by this fixed number.

---

**Why boundedness of the subsequence implies convergence of the whole series**

The terms of the \(p\)-series are non‑negative, so the sequence of partial sums \((S_m)\) is monotone increasing.  
If a subsequence \((S_{2^k})\) is bounded above by \(M\), then for any index \(m\) we can choose a power of two \(2^k\ge m\).  
Because the partial sums are increasing,

\[
S_m \le S_{2^k}\le M .
\]

Thus **every** partial sum \(S_m\) is bounded above by the same constant \(M\).  
A monotone increasing sequence that is bounded above converges.  
Therefore the entire series \(\sum_{n=1}^{\infty}\frac1{n^p}\) converges when \(p>1\)."
18100a-lecture-11-multicam_360p_16_9,right-hand side,Full Lecture Transcript,Why does the existence of an unbounded subsequence of partial sums of the harmonic series imply that the series itself diverges?,"If a series were convergent, its sequence of partial sums would converge, and every subsequence would also converge (hence be bounded). The existence of an unbounded subsequence contradicts this, forcing the whole sequence of partial sums—and therefore the series—to diverge.","Because a convergent series must have a convergent sequence of partial sums, and every convergent sequence is bounded.  

If the harmonic series were convergent, its partial sums \(S_n=\sum_{k=1}^{n}\frac1k\) would converge to some finite limit \(L\). A convergent sequence cannot “escape to infinity”; in particular it must stay within some fixed bound \(M\) for all \(n\).  

Now suppose we can find a subsequence of partial sums \(\{S_{n_k}\}\) that is **unbounded** (i.e., for every \(M\) there is a \(k\) with \(S_{n_k}>M\)). Then the whole sequence \(\{S_n\}\) is unbounded as well, because an unbounded subsequence forces the entire sequence to be unbounded. An unbounded sequence cannot converge.  

Thus the existence of an unbounded subsequence of partial sums shows that the sequence of all partial sums is unbounded, so the harmonic series cannot converge. In short: convergence ⇒ boundedness, but we have an unbounded subsequence, so the series diverges."
18100a-lecture-11-multicam_360p_16_9,right-hand side,Full Lecture Transcript,State the theorem that characterizes convergence of series whose terms are all non‑negative. Which property of the partial sums does the theorem rely on?,"For a series \(\sum x_n\) with \(x_n\ge 0\) for all \(n\), the series converges if and only if the sequence of partial sums \(S_n=\sum_{k=1}^n x_k\) is bounded. The theorem relies on the monotonicity of the partial sums: since each \(x_n\ge0\), the sequence \((S_n)\) is non‑decreasing, so boundedness guarantees convergence.","**Theorem (Non‑negative series).**  
Let \(\sum_{n=1}^{\infty} a_n\) be a series whose terms satisfy \(a_n\ge 0\) for every \(n\).  
Then the series converges **iff** the sequence of its partial sums  
\[
S_m=\sum_{n=1}^{m} a_n
\]
is bounded.

**Key property used.**  
Because all \(a_n\) are non‑negative, the partial sums form a monotone (non‑decreasing) sequence. The theorem relies on this monotonicity: a monotone increasing sequence converges exactly when it is bounded."
18100a-lecture-11-multicam_360p_16_9,right-hand side,Full Lecture Transcript,"In proving that absolute convergence implies convergence, the lecturer uses a generalized triangle inequality. What does this inequality assert and why is it necessary in the argument?","The inequality says that for any finite \(m\),
        \[
        \left|\sum_{n=1}^{m}x_n\right|\le\sum_{n=1}^{m}|x_n|.
        \]
        It is necessary to bound the absolute value of a partial (or tail) sum of the original series by the corresponding sum of absolute values, which is a known Cauchy sequence because the series is absolutely convergent. This allows the conclusion that the original series is also Cauchy and thus convergent.","**Generalized triangle inequality used in the proof**

For any finite collection of real (or complex) numbers \(x_{m+1},x_{m+2},\dots ,x_{l}\) the lecturer states

\[
\Bigl|\sum_{n=m+1}^{l}x_{n}\Bigr|\;\le\;\sum_{n=m+1}^{l}|x_{n}|.
\]

In words: *the absolute value of a finite sum is never larger than the sum of the absolute values of the summands.*

---

**Why this inequality is needed**

1. **Transferring the Cauchy property**  
   Absolute convergence gives us that the series of absolute values  
   \(\sum |x_n|\) is Cauchy: for every \(\varepsilon>0\) there is an \(M\) such that for all \(l\ge m\ge M\)

   \[
   \sum_{n=m+1}^{l}|x_n|<\varepsilon .
   \]

   To conclude that the original series \(\sum x_n\) is also Cauchy we must bound the partial sums of \(\sum x_n\) by the corresponding partial sums of \(\sum |x_n|\). The generalized triangle inequality provides exactly this bound:

   \[
   \Bigl|\sum_{n=m+1}^{l}x_n\Bigr|
   \le \sum_{n=m+1}^{l}|x_n|
   <\varepsilon .
   \]

   Hence the partial sums of \(\sum x_n\) can be made arbitrarily small, proving that \(\sum x_n\) is Cauchy and therefore convergent.

2. **Handling arbitrary finite sums**  
   The usual triangle inequality only gives the bound for two terms, \(|x+y|\le |x|+|y|\). The proof requires the same type of estimate for sums of *any* finite number of terms, because the Cauchy condition involves sums from \(m+1\) to \(l\) where \(l-m\) can be large. The generalized inequality is proved by induction from the two‑term case, ensuring the argument works for all finite partial sums.

Thus, the generalized triangle inequality is the key tool that links the absolute convergence of the series of \(|x_n|\) to the ordinary convergence of the series of \(x_n\)."
18100a-lecture-11-multicam_360p_16_9,right-hand side,Full Lecture Transcript,"According to the comparison test described, if \(0\le a_n\le b_n\) for all \(n\) and the series \(\sum b_n\) converges, what conclusion can be drawn about \(\sum a_n\), and what key idea from the lecture underlies this conclusion?","One concludes that \(\sum a_n\) converges. The key idea is that convergence of \(\sum b_n\) provides a bound \(B\) such that all partial sums \(B_n=\sum_{k=1}^n b_k\) satisfy \(B_n\le B\). Since each \(A_n=\sum_{k=1}^n a_k\) is bounded above by the corresponding \(B_n\), the sequence \((A_n)\) is bounded. Because the terms are non‑negative, the partial sums are monotone increasing, hence \(\sum a_n\) converges.","**Conclusion:**  
If \(0\le a_n\le b_n\) for every \(n\) and the series \(\displaystyle\sum_{n=1}^{\infty} b_n\) converges, then the series \(\displaystyle\sum_{n=1}^{\infty} a_n\) also converges.

**Key idea from the lecture:**  
For series with non‑negative terms, convergence is equivalent to the sequence of partial sums being bounded. Since each partial sum of \(\sum a_n\) is less than or equal to the corresponding partial sum of \(\sum b_n\), the boundedness of the latter forces the former to be bounded as well. Thus the smaller series must converge."
18100a-lecture-11-multicam_360p_16_9,right-hand side,Full Lecture Transcript,Explain the dyadic‑block strategy used to bound the partial sums \(S_{2^k}\) of the \(p\)-series \(\sum_{n=1}^{\infty}\frac{1}{n^p}\) when \(p>1\). What is the resulting upper bound in terms of \(p\)?,"The terms are grouped into blocks where the denominators lie between successive powers of two: for \(\lambda\ge1\) consider the block
        \[
        2^{\lambda-1}<n\le 2^\lambda .
        \]
        Each block contains \(2^{\lambda-1}\) terms, and every \(1/n^p\) in that block is at most \(1/(2^\lambda)^p\).  Thus the contribution of block \(\lambda\) is bounded by
        \[
        2^{\lambda-1}\cdot\frac{1}{(2^\lambda)^p}
        =\frac{1}{2}\left(\frac{1}{2^{p-1}}\right)^{\lambda-1}.
        \]
        Summing over \(\lambda=1,\dots,k\) gives a geometric series with ratio \(r=1/2^{\,p-1}<1\).  Its sum is
        \[
        S_{2^k}\le 1+\sum_{\lambda=1}^{k}\frac{1}{2}\left(\frac{1}{2^{p-1}}\right)^{\lambda-1}
        \le 1+\frac{1}{1-2^{1-p}}.
        \]
        Hence for all \(k\),
        \[
        S_{2^k}\le 1+\frac{1}{1-2^{1-p}},
        \]
        a bound that depends only on \(p\).","**Dyadic‑block strategy**

1.  **Split the series into blocks whose indices lie between consecutive powers of 2.**  
    For each integer \(l\ge 1\) consider the block  

    \[
    B_l=\Bigl\{\,n: 2^{\,l-1}<n\le 2^{\,l}\Bigr\}.
    \]

    The partial sum up to the \(2^{k}\)-th term can then be written as  

    \[
    S_{2^{k}}
    =\sum_{n=1}^{2^{k}}\frac{1}{n^{p}}
    =1+\sum_{l=1}^{k}\;\sum_{n=2^{\,l-1}+1}^{2^{\,l}}\frac{1}{n^{p}} .
    \]

2.  **Bound each block from above by using the smallest denominator in the block.**  
    For every \(n\in B_l\) we have \(n\ge 2^{\,l-1}+1>2^{\,l-1}\), hence  

    \[
    \frac{1}{n^{p}}\le \frac{1}{(2^{\,l-1})^{p}} .
    \]

    The block \(B_l\) contains exactly \(2^{\,l}-2^{\,l-1}=2^{\,l-1}\) terms, so

    \[
    \sum_{n=2^{\,l-1}+1}^{2^{\,l}}\frac{1}{n^{p}}
    \le 2^{\,l-1}\cdot\frac{1}{(2^{\,l-1})^{p}}
    =2^{(l-1)(1-p)} .
    \]

3.  **Sum the geometric series that arises.**  
    Substituting the block estimate into the expression for \(S_{2^{k}}\) gives

    \[
    S_{2^{k}}
    \le 1+\sum_{l=1}^{k}2^{(l-1)(1-p)} .
    \]

    The ratio of successive terms is \(r=2^{\,1-p}\), and because \(p>1\) we have \(0<r<1\).  
    Therefore the finite sum is bounded by the sum of the infinite geometric series:

    \[
    \sum_{l=1}^{\infty}2^{(l-1)(1-p)}
    =\frac{1}{1-2^{\,1-p}} .
    \]

    Hence for every \(k\)

    \[
    S_{2^{k}}\le 1+\frac{1}{1-2^{\,1-p}} .
    \]

**Resulting upper bound**

\[
\boxed{\displaystyle
S_{2^{k}}\le 1+\frac{1}{1-2^{\,1-p}}\qquad (p>1)
}
\]

Since the right‑hand side is independent of \(k\), the whole sequence of partial sums \(\{S_n\}\) is bounded, and consequently the \(p\)-series \(\sum_{n=1}^{\infty}\frac{1}{n^{p}}\) converges."
18100a-lecture-11-multicam_360p_16_9,sum from n equals 1 to m of the absolute value,Full Lecture Transcript,"According to the lecture, why does showing that a subsequence of the partial sums \((S_{2^k})_{k\ge1}\) of the harmonic series is unbounded prove that the whole series diverges?","If the subsequence \(S_{2^k}\) is unbounded, then the full sequence \((S_n)\) is unbounded because convergence of the full sequence would imply convergence of every subsequence. An unbounded subsequence shows the full sequence cannot converge, hence the series diverges.","Because in the lecture it was explained that a convergent series has a **bounded** sequence of partial sums.  
If the whole series converged, the sequence \((S_n)\) would converge, and every subsequence of a convergent (hence bounded) sequence must also converge and therefore be bounded.  

Thus, if one can exhibit a subsequence of partial sums that is **unbounded** – for example the subsequence \((S_{2^k})_{k\ge1}\) of the harmonic series – then the full sequence of partial sums cannot be bounded, and consequently the series cannot converge.  Hence showing that \((S_{2^k})\) is unbounded proves that the harmonic series diverges."
18100a-lecture-11-multicam_360p_16_9,sum from n equals 1 to m of the absolute value,Full Lecture Transcript,The lecture presents a proof that a series of non‑negative terms converges if and only if its sequence of partial sums is bounded. What key property of the partial sums is used to establish monotonicity in this argument?,"The partial sums are shown to satisfy \(S_{m+1}=S_m+x_{m+1}\) with \(x_{m+1}\ge0\). Since each added term is non‑negative, \(S_{m+1}\ge S_m\), establishing monotonicity.","The key property is that **every term of the series is non‑negative**.  
Because \(x_{n+1}\ge 0\), we have  

\[
S_{n+1}=S_n+x_{n+1}\ge S_n ,
\]

so each partial sum is at least as large as the one before it. This non‑negativity of the terms guarantees that the sequence of partial sums is monotone increasing."
18100a-lecture-11-multicam_360p_16_9,sum from n equals 1 to m of the absolute value,Full Lecture Transcript,"In the discussion of absolute convergence, a generalized triangle inequality for an arbitrary finite number of terms is proved by induction. What is the base case for this induction and why is it valid?","The base case is \(m=2\). For two terms the inequality \(|x_1+x_2|\le |x_1|+|x_2|\) holds by the standard triangle inequality for real numbers, providing the starting point for the induction.","**Base case:**  
The induction starts with \(m=2\).

**Why it is valid:**  
When \(m=2\) the statement becomes  

\[
\bigl|x_{1}+x_{2}\bigr|\;\le\;|x_{1}|+|x_{2}|,
\]

which is exactly the ordinary triangle inequality for two real numbers.  
Since the triangle inequality has already been established earlier in the lecture, the base case holds automatically. Thus the induction can proceed to the general case."
18100a-lecture-11-multicam_360p_16_9,sum from n equals 1 to m of the absolute value,Full Lecture Transcript,"During the proof that an absolutely convergent series is convergent, the lecture uses the fact that a Cauchy series converges. State the condition that must be verified for the partial sums of the series \( \sum_{n=1}^{\infty}x_n \) to be Cauchy.","For every \(\varepsilon>0\) there must exist an integer \(N\) such that for all \(m,n\ge N\), \(\Bigl|\sum_{k=m+1}^{n}x_k\Bigr|<\varepsilon\). This guarantees that the tail sums of the series can be made arbitrarily small, which is the Cauchy condition.","In the lecture the Cauchy condition for the partial sums \(S_n=\sum_{k=1}^{n}x_k\) is stated in terms of the “tails’’ of the series.  
It is the requirement that

\[
\forall\,\varepsilon>0\;\; \exists\,M\in\mathbb N\;\text{such that}\;\forall\,l\ge m\ge M,
\qquad
\Bigl|\sum_{n=m+1}^{\,l}x_n\Bigr|<\varepsilon .
\]

Equivalently, for all \(\varepsilon>0\) there is an \(N\) so that for all \(p,q\ge N\),

\[
|S_p-S_q|<\varepsilon .
\]

This is the condition that must be verified for the partial sums of \(\sum_{n=1}^{\infty}x_n\) to be a Cauchy sequence."
18100a-lecture-11-multicam_360p_16_9,sum from n equals 1 to m of the absolute value,Full Lecture Transcript,"The comparison test is introduced for non‑negative series. According to the lecture, if \(0\le a_n\le b_n\) for all \(n\) and \( \sum b_n \) converges, what conclusion can be drawn about \( \sum a_n \) and why?","The series \( \sum a_n \) must also converge. This follows because the partial sums \(A_m=\sum_{n=1}^m a_n\) are bounded above by \(B_m=\sum_{n=1}^m b_n\); since \((B_m)\) converges, it is bounded, so \((A_m)\) is bounded and, being increasing, converges by the monotone convergence theorem for series.","**Conclusion:**  
If \(0\le a_n\le b_n\) for every \(n\) and the series \(\displaystyle\sum_{n=1}^{\infty} b_n\) converges, then the series \(\displaystyle\sum_{n=1}^{\infty} a_n\) also converges.

**Why?**  
Because the terms are non‑negative, the partial sums of each series are monotone increasing.  
Let  

\[
S_m^a=\sum_{n=1}^{m} a_n ,\qquad S_m^b=\sum_{n=1}^{m} b_n .
\]

For every \(m\),

\[
S_m^a=\sum_{n=1}^{m} a_n \;\le\; \sum_{n=1}^{m} b_n = S_m^b .
\]

Since \(\sum b_n\) converges, the sequence \(\{S_m^b\}\) is bounded above by some number \(B\).  
Thus \(\{S_m^a\}\) is also bounded above (by the same \(B\)).  

A series with non‑negative terms converges **iff** its sequence of partial sums is bounded.  
Therefore \(\sum a_n\) converges."
18100a-lecture-11-multicam_360p_16_9,next power of 2,Full Lecture Transcript,"According to the discussion on the necessary condition for series convergence, does the fact that the terms of a series $x_{n}$ tend to $0$ guarantee that the series $\sum_{n=1}^{\infty}x_{n}$ converges? If not, what example from the lecture illustrates the failure of this implication?",No; the harmonic series $\displaystyle\sum_{n=1}^{\infty}\frac1n$ is the counter‑example – its terms tend to $0$ but the series diverges.,"No.  
The lecture states that while a convergent series must have terms that go to \(0\), the converse is false.  
The classic counter‑example given is the **harmonic series**

\[
\sum_{n=1}^{\infty}\frac{1}{n},
\]

whose terms \(x_n = 1/n\) satisfy \(\displaystyle \lim_{n\to\infty}x_n = 0\), yet the series diverges. This example shows that the condition \(x_n \to 0\) is necessary but not sufficient for the convergence of \(\sum x_n\)."
18100a-lecture-11-multicam_360p_16_9,next power of 2,Full Lecture Transcript,"In the proof that the harmonic series diverges, a particular subsequence of partial sums is chosen. Identify this subsequence and explain the key estimate that shows it is unbounded.","The subsequence used is $S_{2^{k}}=\sum_{n=1}^{2^{k}}\frac1n$.  The estimate is $S_{2^{k}}\ge\frac{k}{2}$, which grows without bound as $k\to\infty$, so the partial sums are unbounded.","In the argument for the harmonic series we look at the partial sums taken at the **dyadic indices**

\[
S_{2^k}\;=\;\sum_{n=1}^{2^k}\frac1n ,\qquad k=1,2,3,\dots
\]

This is the subsequence of the full sequence of partial sums that we use.

**Key estimate**

Group the terms of \(S_{2^k}\) according to the powers of two that bound their denominators:

\[
\begin{aligned}
S_{2^k}
&=1+\frac12+\frac13+\frac14+\frac15+\dots+\frac1{2^k}\\
&\ge 1+\frac12+\underbrace{\frac13+\frac14}_{\ge 2\cdot\frac1{4}}
+\underbrace{\frac15+\dots+\frac1{8}}_{\ge 4\cdot\frac1{8}}
+\cdots
+\underbrace{\frac1{2^{k-1}+1}+\dots+\frac1{2^k}}_{\ge 2^{k-1}\cdot\frac1{2^k}} .
\end{aligned}
\]

Each block contributes at least \(\frac12\).  There are \(k\) such blocks (from \(2^0\) up to \(2^{k-1}\)), so

\[
S_{2^k}\;\ge\;1+\frac{k}{2}.
\]

Thus \(S_{2^k}\) grows at least linearly with \(k\); in particular it is unbounded as \(k\to\infty\).  Since a subsequence of the partial sums is unbounded, the whole sequence of partial sums cannot converge, proving that the harmonic series diverges."
18100a-lecture-11-multicam_360p_16_9,next power of 2,Full Lecture Transcript,"When showing that absolute convergence implies ordinary convergence, a specific inequality is used to compare partial sums of the series and of its absolute‐value series. Write this inequality explicitly.","For all $m<l$,
        \[
        \left|\sum_{n=m+1}^{l}x_{n}\right|\le\sum_{n=m+1}^{l}|x_{n}|.
        \]","The key estimate is the triangle inequality applied to a finite block of terms:

\[
\boxed{\;\left|\sum_{n=m+1}^{\,l} x_n\right|\;\le\;\sum_{n=m+1}^{\,l} |x_n|\;}\qquad
\text{for all integers }m<l .
\]"
18100a-lecture-11-multicam_360p_16_9,next power of 2,Full Lecture Transcript,"The comparison test states: given non‑negative sequences $(x_n)$ and $(y_n)$ with $0\le x_n\le y_n$ for all $n$, the convergence of $\sum y_n$ forces convergence of $\sum x_n$. Outline the logical steps from the boundedness of the partial sums of $y_n$ to the boundedness of those of $x_n$ that lead to this conclusion.","Since $\sum y_n$ converges, its partial sums $T_m=\sum_{n=1}^{m}y_{n}$ are bounded: there exists $M$ with $T_m\le M$ for all $m$.  Because $0\le x_n\le y_n$, we have for each $m$,
        \[
        S_m=\sum_{n=1}^{m}x_{n}\le\sum_{n=1}^{m}y_{n}=T_m\le M .
        \]
        Thus the partial sums $S_m$ are bounded, so $\sum x_n$ converges.","**Logical outline**

1. **Assume the larger series converges**  
   \[
   \sum_{n=1}^{\infty} y_n \quad\text{converges.}
   \]

2. **Boundedness of the partial sums of \(y_n\)**  
   By the theorem for series with non‑negative terms, convergence of \(\sum y_n\) is equivalent to the sequence of its partial sums  
   \[
   S^y_m=\sum_{n=1}^{m} y_n
   \]
   being bounded.  
   Hence there exists a real number \(B\ge 0\) such that  
   \[
   S^y_m \le B \qquad\text{for all } m\in\mathbb N .
   \]

3. **Use the pointwise inequality \(0\le x_n\le y_n\)**  
   For each fixed \(m\),
   \[
   \sum_{n=1}^{m} x_n \;\le\; \sum_{n=1}^{m} y_n .
   \]
   That is,
   \[
   S^x_m \le S^y_m .
   \]

4. **Boundedness of the partial sums of \(x_n\)**  
   Combining (2) and (3) gives
   \[
   S^x_m \le S^y_m \le B \qquad\text{for all } m .
   \]
   Thus the sequence \((S^x_m)\) is bounded above by the same constant \(B\).

5. **Conclude convergence of \(\sum x_n\)**  
   Since all \(x_n\ge 0\), the partial sums \((S^x_m)\) are monotone increasing.  
   A monotone increasing sequence that is bounded converges.  
   Therefore \(\sum_{n=1}^{\infty} x_n\) converges.

These steps show that the boundedness of the partial sums of the larger series forces the partial sums of the smaller series to be bounded, which, together with non‑negativity, guarantees convergence of the smaller series."
18100a-lecture-11-multicam_360p_16_9,next power of 2,Full Lecture Transcript,"To prove that the $p$‑series $\sum_{n=1}^{\infty}\frac{1}{n^{p}}$ diverges when $p\le1$, the lecture compares it to the harmonic series. State this comparison argument explicitly.","Assume $p\le1$.  Then for every $n$, $1/n^{p}\ge1/n$.  Since $\displaystyle\sum_{n=1}^{\infty}\frac1n$ diverges, the comparison test tells us $\displaystyle\sum_{n=1}^{\infty}\frac1{n^{p}}$ also diverges.  This contradicts the assumption that the $p$‑series converges, so convergence requires $p>1$.","**Comparison argument (explicit form)**  

Let \(p\le 1\).  
For every integer \(n\ge 1\) we have  

\[
n^{p}\le n \qquad\text{(because \(p\le 1\) and \(n\ge 1\)).}
\]

Taking reciprocals gives  

\[
\frac{1}{n^{p}}\;\ge\;\frac{1}{n}\; .
\]

Thus the terms of the \(p\)-series dominate the terms of the harmonic series.  
Since the harmonic series  

\[
\sum_{n=1}^{\infty}\frac{1}{n}
\]

diverges, the comparison test tells us that any series with non‑negative terms that are at least as large as those of a divergent series must also diverge. Therefore

\[
\sum_{n=1}^{\infty}\frac{1}{n^{p}}
\]

diverges for every \(p\le 1\)."
18100a-lecture-11-multicam_360p_16_9,fields of numbers,Full Lecture Transcript,"According to the lecture, which series provides a counterexample to the claim that every sequence whose terms tend to zero yields a convergent series?",The harmonic series \(\displaystyle\sum_{n=1}^{\infty}\frac{1}{n}\).,"The lecture cites the **harmonic series**  
\[
\sum_{n=1}^{\infty}\frac{1}{n}
\]  
as the counterexample: its terms tend to \(0\), yet the series diverges."
18100a-lecture-11-multicam_360p_16_9,fields of numbers,Full Lecture Transcript,"In the proof that the harmonic series diverges, what subsequence of partial sums is examined, and what inequality bounds each term of this subsequence from below?","The subsequence \(S_{2^{k}}\) of partial sums is used, and each term satisfies \(S_{2^{k}}\;\ge\;1+\frac{k}{2}\), which grows without bound as \(k\to\infty\).","In the divergence proof we look at the **partial sums taken at powers of two**  

\[
S_{2^k}\;=\;\sum_{n=1}^{2^k}\frac1n ,\qquad k=1,2,3,\dots
\]

and we show that each of these partial sums is bounded below by a linear function of \(k\).  In fact

\[
S_{2^k}\;\ge\;1+\frac{k}{2}\;,
\]

so the subsequence \(\{S_{2^k}\}\) grows without bound.  (Equivalently, each block of terms
\(\sum_{n=2^{j-1}+1}^{2^j}\frac1n\) is at least \(1/2\), giving the same lower bound.)"
18100a-lecture-11-multicam_360p_16_9,fields of numbers,Full Lecture Transcript,"If every term of a series is non‑negative, what condition on its partial sums ensures convergence of the series?","The partial sums must be bounded.  Since they are monotone increasing, boundedness is equivalent to convergence of the series.","If all the terms are non‑negative, the partial sums form a monotone increasing sequence.  
The series converges **iff** that sequence of partial sums is bounded."
18100a-lecture-11-multicam_360p_16_9,fields of numbers,Full Lecture Transcript,"What key result is invoked in the lecture to deduce that an absolutely convergent series must be convergent, and which inequality is central to that argument?",The argument shows that an absolutely convergent series is Cauchy; the crucial inequality is \(\bigl|\sum_{n=m+1}^{l}x_{n}\bigr|\le\sum_{n=m+1}^{l}|x_{n}|\).,"The lecturer uses the **Cauchy‑criterion for series** – namely that a series is convergent if and only if it is Cauchy.  
To show that an absolutely convergent series is Cauchy, the key inequality employed is the **triangle inequality for a finite sum**:

\[
\Bigl|\sum_{n=m+1}^{l}x_n\Bigr|\;\le\;\sum_{n=m+1}^{l}|x_n|.
\]

This inequality allows one to bound the tail of the original series by the tail of the absolutely convergent series, which is known to be arbitrarily small, thereby proving the Cauchy property and hence convergence."
18100a-lecture-11-multicam_360p_16_9,fields of numbers,Full Lecture Transcript,"According to the lecture, for which values of the parameter \(p\) does the \(p\)-series \(\displaystyle\sum_{n=1}^{\infty}\frac{1}{n^{p}}\) converge, and which test is employed to establish that \(p\) must exceed 1?","The series converges if and only if \(p>1\).  The necessity \(p>1\) is proved by the comparison test, observing that for \(p\le1\) we have \(\frac{1}{n^{p}}\ge\frac{1}{n}\) and the harmonic series diverges.","**Answer**

- **Convergence:** The \(p\)-series  
  \[
  \sum_{n=1}^{\infty}\frac{1}{n^{p}}
  \]
  converges **if and only if** \(p>1\).

- **Test used to show \(p\) must be greater than 1:** The lecture employs the **comparison test** (also called the comparison theorem). By comparing \(\frac{1}{n^{p}}\) with \(\frac{1}{n}\) when \(p\le 1\), the test shows that the series would diverge, contradicting the assumption of convergence; hence \(p\) must exceed 1."
18100a-lecture-11-multicam_360p_16_9,unbounded,Full Lecture Transcript,"In the proof that the harmonic series diverges, we considered the subsequence of partial sums $S_{2^k}$. What explicit lower bound did we obtain for $S_{2^k}$ in terms of $k$, and how does this demonstrate that the series diverges?","We proved that $S_{2^k} \ge 1 + \frac{k}{2}$.  Since $k$ can be taken arbitrarily large, this subsequence of partial sums is unbounded; a divergent partial–sum subsequence forces the whole series to diverge.","In the proof we group the terms of the harmonic series in blocks whose lengths double each time.  
For the partial sum  

\[
S_{2^k}=1+\frac12+\frac13+\dots+\frac1{2^k}
\]

we write

\[
S_{2^k}=1+\frac12+\Bigl(\frac13+\frac14\Bigr)+\Bigl(\frac15+\dots+\frac18\Bigr)+\cdots
\]

The first block (the terms \(1\) and \(1/2\)) is at least \(1\).  
Each subsequent block contains \(2^{j-1}\) terms, all of which are at least \(1/2^j\); hence the sum of the \(j\)-th block is at least

\[
2^{\,j-1}\cdot\frac1{2^j}=\frac12 .
\]

There are \(k\) such blocks in \(S_{2^k}\) (the first block plus the \(k-1\) later blocks), so

\[
S_{2^k}\;\ge\;1+\frac12+\frac12+\cdots+\frac12
\;=\;1+\frac{k-1}{2}
\;=\;\frac{k+1}{2}\;=\;1+\frac{k}{2}\;.
\]

Thus the explicit lower bound obtained is  

\[
\boxed{\,S_{2^k}\;\ge\;1+\frac{k}{2}\,}.
\]

Because the right–hand side tends to \(+\infty\) as \(k\to\infty\), the subsequence \(\{S_{2^k}\}\) of partial sums is unbounded.  An unbounded sequence of partial sums cannot converge, so the harmonic series \(\sum_{n=1}^{\infty}\frac1n\) diverges."
18100a-lecture-11-multicam_360p_16_9,unbounded,Full Lecture Transcript,Define absolute convergence for a real series and explain succinctly why absolute convergence implies convergence of the series itself.,"A real series $\sum x_n$ is absolutely convergent if $\sum |x_n|$ converges.  Because the series of absolute values converges, its partial sums form a bounded Cauchy sequence; by the triangle inequality the partial sums of $\sum x_n$ are also Cauchy, so $\sum x_n$ converges.","**Absolute convergence (real series)**  
A real series \(\displaystyle \sum_{n=1}^{\infty}x_n\) is said to **converge absolutely** if the series formed by taking the absolute values of its terms,
\[
\displaystyle \sum_{n=1}^{\infty}|x_n|,
\]
converges (i.e., has a finite sum).

**Why absolute convergence implies convergence of the original series**  
If \(\sum|x_n|\) converges, then for every \(\varepsilon>0\) there is an \(M\) such that for all \(l>m\ge M\),
\[
\sum_{n=m+1}^{l}|x_n|<\varepsilon .
\]
By the triangle inequality,
\[
\Bigl|\sum_{n=m+1}^{l}x_n\Bigr|\le \sum_{n=m+1}^{l}|x_n|<\varepsilon .
\]
Thus the partial sums of \(\sum x_n\) form a Cauchy sequence, and every Cauchy series converges. Hence \(\sum x_n\) converges."
18100a-lecture-11-multicam_360p_16_9,unbounded,Full Lecture Transcript,"For two sequences of non‑negative terms $\{a_n\}$ and $\{b_n\}$ with $a_n \le b_n$ for every $n$, state and justify the comparison test conclusion regarding convergence.","If $\sum b_n$ converges and $a_n \le b_n$ for all $n$, then each partial sum $A_m=\sum_{n=1}^m a_n$ is bounded above by the corresponding partial sum $B_m=\sum_{n=1}^m b_n$.  Since $\{B_m\}$ converges, it is bounded; thus $\{A_m\}$ is a bounded monotone increasing sequence, hence convergent.","**Comparison test (non‑negative terms)**  

Let \(\{a_n\}\) and \(\{b_n\}\) be sequences of non‑negative numbers with  

\[
a_n \le b_n \qquad\text{for every } n\in\mathbb N .
\]

Then

1. **If \(\displaystyle\sum_{n=1}^{\infty} b_n\) converges, then \(\displaystyle\sum_{n=1}^{\infty} a_n\) also converges.**  
   *Justification:*  
   For each \(m\),

   \[
   \sum_{n=1}^{m} a_n \;\le\; \sum_{n=1}^{m} b_n .
   \]

   Since the partial sums of the larger series \(\sum b_n\) are bounded (by the convergence hypothesis), the partial sums of \(\sum a_n\) are bounded above by the same bound.  
   A series with non‑negative terms converges iff its sequence of partial sums is bounded, so \(\sum a_n\) converges.

2. **If \(\displaystyle\sum_{n=1}^{\infty} a_n\) diverges, then \(\displaystyle\sum_{n=1}^{\infty} b_n\) also diverges.**  
   *Justification:*  
   If \(\sum a_n\) diverges, its partial sums are unbounded.  
   Because \(\sum b_n\) has partial sums that are at least as large as those of \(\sum a_n\) (by the same inequality above), the partial sums of \(\sum b_n\) must also be unbounded.  
   Hence \(\sum b_n\) diverges.

These two implications together constitute the comparison test for series with non‑negative terms."
18100a-lecture-11-multicam_360p_16_9,unbounded,Full Lecture Transcript,"Using the argument presented, why does the condition $p > 1$ guarantee the convergence of the $p$‑series $\displaystyle \sum_{n=1}^{\infty}\frac{1}{n^p}$? Outline the key steps involving dyadic blocks and a geometric series.","The terms are grouped in blocks between consecutive powers of two: for each $k$ the block $n=2^k+1,\dots,2^{k+1}$ satisfies\n\\[
\\sum_{n=2^k+1}^{2^{k+1}}\\frac{1}{n^p}\\le 2^k\\cdot\\frac{1}{(2^k)^p}=2^{-k(p-1)}.
\\]  The partial sum $S_{2^m}$ is therefore bounded by\n\\[
S_{2^m}\\le 1+\\sum_{k=0}^{m-1}2^{-k(p-1)},
\\] which is a finite geometric series because $2^{-(p-1)}<1$ when $p>1$.  The whole sequence of partial sums is bounded by the limit of this geometric series, so the $p$‑series converges.","**Why \(p>1\) forces the \(p\)-series to converge**

The lecture shows that for \(p>1\) we can bound the partial sums of  

\[
\sum_{n=1}^{\infty}\frac{1}{n^{p}}
\]

by a fixed number that does not depend on the index of the partial sum.  
The argument uses two ideas:

1. **Dyadic blocks** – group the terms whose denominators lie between two consecutive powers of \(2\).  
2. **A geometric series** – the bound that we obtain for each block is a term of a geometric series whose ratio is \(2^{-(p-1)}<1\).

Below is a concise outline of the steps.

---

### 1.  Define the dyadic partial sums

For each integer \(k\ge 0\) let  

\[
S_{2^{k}}=\sum_{n=1}^{2^{k}}\frac{1}{n^{p}}
\]

These are the partial sums at the “dyadic” indices \(1,2,4,8,\dots\).

---

### 2.  Group the terms into blocks

Write \(S_{2^{k}}\) as a sum of blocks, each block containing the terms whose
indices lie between two consecutive powers of \(2\):

\[
S_{2^{k}}
=1+\sum_{\ell=1}^{k}\;\sum_{n=2^{\ell-1}+1}^{2^{\ell}}\frac{1}{n^{p}} .
\]

In the \(\ell\)-th block there are exactly \(2^{\ell-1}\) terms, and every
denominator in that block is at least \(2^{\ell-1}+1\ge 2^{\ell-1}\).

---

### 3.  Bound each block from above

For the \(\ell\)-th block we have

\[
\sum_{n=2^{\ell-1}+1}^{2^{\ell}}\frac{1}{n^{p}}
\le
2^{\ell-1}\;\frac{1}{(2^{\ell-1})^{p}}
=2^{\ell-1}\;2^{-\ell p}
=2^{-\ell(p-1)} .
\]

Thus

\[
S_{2^{k}}
\le
1+\sum_{\ell=1}^{k}2^{-\ell(p-1)} .
\]

---

### 4.  Recognise a geometric series

The series \(\displaystyle\sum_{\ell=1}^{\infty}2^{-\ell(p-1)}\) is geometric
with ratio  

\[
r=2^{-(p-1)} .
\]

Because \(p>1\), we have \(p-1>0\) and therefore \(0<r<1\).  
Hence the geometric series converges, and its sum is

\[
\sum_{\ell=1}^{\infty}2^{-\ell(p-1)}
=\frac{2^{-(p-1)}}{1-2^{-(p-1)}} .
\]

Consequently

\[
S_{2^{k}}\le
1+\frac{2^{-(p-1)}}{1-2^{-(p-1)}}
= \frac{1}{1-2^{-(p-1)}} .
\]

The right‑hand side is a constant that depends only on \(p\), not on \(k\).

---

### 5.  Extend the bound to all partial sums

Let \(m\) be any natural number.  
Choose \(k\) such that \(2^{k}\ge m\).  
Because the terms are non‑negative, the partial sums are monotone increasing, so

\[
S_{m}\le S_{2^{k}}\le \frac{1}{1-2^{-(p-1)}} .
\]

Thus **every** partial sum \(S_{m}\) is bounded above by the same constant.

---

### 6.  Conclude convergence

A series with non‑negative terms converges iff its sequence of partial sums
is bounded.  
Since we have shown that all partial sums of \(\sum_{n=1}^{\infty}1/n^{p}\)
are bounded when \(p>1\), the series converges.

---

**Key takeaway:**  
By grouping terms into dyadic blocks and bounding each block by a term of a
geometric series with ratio \(2^{-(p-1)}<1\), we obtain a uniform bound on
all partial sums. This uniform bound guarantees convergence of the
\(p\)-series whenever \(p>1\)."
18100a-lecture-11-multicam_360p_16_9,unbounded,Full Lecture Transcript,"Identify an example that converges but does not converge absolutely, and explain why it converges conditionally.","The alternating harmonic series $\\displaystyle \\sum_{n=1}^{\\infty}(-1)^{n+1}\\frac{1}{n}$ converges by the alternating series test (terms decrease to zero).  Its absolute series $\\sum_{n=1}^{\\infty}\\frac{1}{n}$ diverges (the harmonic series), so the convergence of the alternating series is only conditional.","**Example:**  
\[
\sum_{n=1}^{\infty}(-1)^{\,n}\frac{1}{n}\;=\;-1+\frac12-\frac13+\frac14-\frac15+\cdots
\]

**Why it converges (conditionally):**

1. **Alternating‑series test** – The terms \(a_n=\frac1n\) are positive, decrease monotonically to \(0\), and the signs alternate.  
   By the alternating‑series test the series converges.

2. **Not absolutely convergent** – If we take absolute values we obtain the harmonic series  
   \[
   \sum_{n=1}^{\infty}\left|(-1)^{\,n}\frac{1}{n}\right|
   =\sum_{n=1}^{\infty}\frac{1}{n},
   \]
   which is known from the lecture to diverge.  
   Hence the original series does **not** converge absolutely.

Because the series converges but its absolute value series diverges, it is said to converge **conditionally**. This is exactly the example the lecture gives: the alternating harmonic series."
18100a-lecture-12-multicam_360p_16_9,ratio test,Full Lecture Transcript,"According to the comparison test, what are the two implications that follow when comparing two series with non‑negative terms \(x_n\) and \(y_n\) such that \(y_n \ge x_n\) for all \(n\)? Why is the direction of the inequality essential in each implication?",The comparison test yields two logical statements:\n1. If the larger series \(\sum y_n\) converges then the smaller series \(\sum x_n\) also converges.\n2. If the smaller series \(\sum x_n\) diverges then the larger series \(\sum y_n\) also diverges.\nThese conclusions rely on the fact that \(y_n \ge x_n\). If the inequality were reversed the implications would be reversed or would no longer hold; the direction ensures that convergence of the larger series bounds the growth of the smaller series and divergence of the smaller series forces the larger to fail to converge.,"**Comparison test (non‑negative terms)**  

Let \(\{x_n\}\) and \(\{y_n\}\) be sequences of non‑negative numbers and suppose  

\[
y_n \;\ge\; x_n \qquad\text{for every } n .
\]

Then the test gives two conclusions:

1. **Convergence of the larger series implies convergence of the smaller one**  
   \[
   \sum_{n=1}^{\infty} y_n \;\text{converges}\;\Longrightarrow\;
   \sum_{n=1}^{\infty} x_n \;\text{converges}.
   \]

2. **Divergence of the smaller series implies divergence of the larger one**  
   \[
   \sum_{n=1}^{\infty} x_n \;\text{diverges}\;\Longrightarrow\;
   \sum_{n=1}^{\infty} y_n \;\text{diverges}.
   \]

---

### Why the direction of the inequality matters

* **First implication (convergence)** –  
  We need \(y_n \ge x_n\) so that each term of the “larger” series is at least as big as the corresponding term of the “smaller” series.  
  If \(\sum y_n\) converges, its partial sums are bounded. Because every partial sum of \(\sum x_n\) is no larger than the corresponding partial sum of \(\sum y_n\), the partial sums of \(\sum x_n\) are also bounded, forcing \(\sum x_n\) to converge.  
  If the inequality were reversed (\(x_n \ge y_n\)), the convergence of \(\sum y_n\) would give no information about \(\sum x_n\).

* **Second implication (divergence)** –  
  Here the inequality again tells us that each term of \(\sum y_n\) is at least as large as the corresponding term of \(\sum x_n\).  
  If \(\sum x_n\) diverges, its terms do not tend to zero (or the partial sums grow without bound). Since the terms of \(\sum y_n\) are no smaller, \(\sum y_n\) cannot converge; it must also diverge.  
  If the inequality were reversed, a divergent \(\sum x_n\) would not force \(\sum y_n\) to diverge; the larger series could still converge.

Thus the direction \(y_n \ge x_n\) is essential for both conclusions of the comparison test."
18100a-lecture-12-multicam_360p_16_9,ratio test,Full Lecture Transcript,"For a \(p\)-series \(\displaystyle \sum_{n=1}^{\infty}\frac{1}{n^{\,p}}\), which value of the exponent \(p\) guarantees convergence? How does the comparison with the harmonic series clarify why the series diverges when \(p\le 1\) and converges when \(p>1\)?","A \(p\)-series converges precisely when \(p>1\). The comparison with the harmonic series \(\sum 1/n\) shows that for \(p\le 1\) we have \(\frac{1}{n^p}\ge \frac{1}{n}\) for large \(n\), so by the comparison test the series diverges because the harmonic series diverges. Conversely, when \(p>1\), \(\frac{1}{n^p}\le \frac{1}{n^2}\) for large \(n\) (or any fixed \(p>1\) using \(n^2\) as a comparison), and since \(\sum 1/n^2\) converges, the \(p\)-series converges by comparison.","For the \(p\)-series  

\[
\sum_{n=1}^{\infty}\frac{1}{n^{\,p}},
\]

the lecture shows that it **converges if and only if**  

\[
\boxed{p>1}.
\]

---

### Why the comparison with the harmonic series works

* **When \(p\le 1\)**  
  * If \(p=1\) the series is exactly the harmonic series \(\sum 1/n\), which is known to diverge.  
  * If \(p<1\) then for every \(n\ge 1\)

  \[
  \frac{1}{n^{\,p}}\;=\;\frac{1}{n^{\,p-1}}\cdot\frac{1}{n}\;\ge\;\frac{1}{n},
  \]

  because \(n^{\,p-1}\le 1\) (since \(p-1<0\)).  
  Thus the \(p\)-series dominates the harmonic series.  
  By the comparison test, if the larger series \(\sum 1/n\) diverges, the smaller one \(\sum 1/n^{\,p}\) must also diverge.  

  Hence for all \(p\le 1\) the series diverges.

* **When \(p>1\)**  
  For \(p>1\) we have \(1/n^{\,p}\le 1/n\) for all large \(n\).  
  The harmonic series diverges, but the comparison test is used in the opposite direction: we compare to a *convergent* series.  
  The lecture shows that \(\sum 1/n^{\,p}\) is bounded above by a convergent \(p\)-series (or by a geometric series after a suitable comparison), so the series converges.  

  In short, the comparison with the harmonic series tells us that the \(p\)-series behaves like the harmonic series when \(p\le 1\) (hence diverges) and like a “smaller” series when \(p>1\) (hence converges)."
18100a-lecture-12-multicam_360p_16_9,ratio test,Full Lecture Transcript,"State the full ratio test as discussed in the lecture, including the conclusions for the cases \(L<1\), \(L>1\), and \(L=1\). Why does the test provide no information when \(L=1\)?","The ratio test states:\nLet \(x_n\neq 0\) for all \(n\) and let \(L=\displaystyle\lim_{n\to\infty}\left|\frac{x_{n+1}}{x_n}\right|\) exist. Then\n- If \(L<1\) the series \(\sum x_n\) converges absolutely;\n- If \(L>1\) the series diverges;\n- If \(L=1\) the test gives no conclusion – the series might converge or diverge. The lack of information occurs because a limit equal to 1 is consistent with both a geometric‑type decay (convergent) and a harmonic‑type behavior (divergent), so the test cannot distinguish between them.","**Full statement of the ratio test (as presented in the lecture)**  

Let \(\{X_n\}\) be a sequence of non‑zero terms and suppose the limit  

\[
L \;=\; \lim_{n\to\infty}\left|\frac{X_{n+1}}{X_n}\right|
\]

exists (finite or infinite).  
Then the series \(\displaystyle\sum_{n=1}^{\infty} X_n\) satisfies:

| Condition on \(L\) | Conclusion about \(\displaystyle\sum X_n\) |
|---------------------|-------------------------------------------|
| \(L<1\) | The series converges **absolutely**. |
| \(L>1\) | The series **diverges** (in fact the terms do not even tend to \(0\)). |
| \(L=1\) | **No conclusion** can be drawn; the test is inconclusive. |

---

### Why the test gives no information when \(L=1\)

When the limit of the ratio equals \(1\), the terms of the series behave, asymptotically, like the terms of a geometric series with ratio \(1\). A geometric series with ratio \(1\) is simply the constant series \(1+1+1+\dots\), which diverges, but the ratio test does not compare the given series to this particular geometric series; it only tells us that the ratio of successive terms approaches \(1\).

Because many different series can have a ratio limit of \(1\), the outcome can be either convergence or divergence:

* **Divergent example** – \(X_n = 1\) for all \(n\).  
  \(\displaystyle\sum 1\) diverges, and \(\left|\frac{X_{n+1}}{X_n}\right| = 1\) for all \(n\), so \(L=1\).

* **Convergent example** – \(X_n = \frac{1}{n^2}\).  
  \(\displaystyle\sum \frac{1}{n^2}\) converges, and  
  \[
  \left|\frac{X_{n+1}}{X_n}\right|
  = \frac{(n)^2}{(n+1)^2}
  \xrightarrow[n\to\infty]{} 1,
  \]
  so again \(L=1\).

Because the same value \(L=1\) can correspond to both a convergent and a divergent series, the ratio test cannot decide the fate of the series in this case. Hence, when \(L=1\) the test is **inconclusive**."
18100a-lecture-12-multicam_360p_16_9,ratio test,Full Lecture Transcript,"Explain how the root test is analogous to the ratio test based on the lecture. What is the limit \(L\) considered in the root test, and what are the corresponding conclusions for \(L<1\), \(L>1\), and \(L=1\)?","The root test mirrors the ratio test but uses the \(n\)th root. Define \(L=\displaystyle\lim_{n\to\infty}|x_n|^{1/n}\). Then\n- If \(L<1\) the series \(\sum x_n\) converges absolutely;\n- If \(L>1\) the series diverges;\n- If \(L=1\) the test is inconclusive. Like the ratio test, the case \(L=1\) can correspond to either a convergent or a divergent series, so no definitive conclusion can be drawn.","**Root test – analogy to the ratio test**

In the ratio test we look at the limit  

\[
L=\lim_{n\to\infty}\left|\frac{x_{n+1}}{x_n}\right|
\]

and compare it with the number 1.  
The root test does the same thing, but instead of comparing successive terms we compare each term with a “geometric‑like” growth rate that is obtained by taking the \(n\)-th root of the absolute value of the term.

---

### Limit considered in the root test  

\[
\boxed{L=\lim_{n\to\infty}\bigl|x_n\bigr|^{\,1/n}}
\]

(If this limit exists.)

---

### Conclusions (exactly the same pattern as the ratio test)

| \(L\) | What the test tells us about \(\sum x_n\) |
|-------|-------------------------------------------|
| \(L<1\) | The series converges **absolutely**. |
| \(L>1\) | The series **diverges**. |
| \(L=1\) | The test gives **no information**; the series may converge or diverge. |

Thus the root test is a direct analogue of the ratio test: both compare a limit to 1 and give the same three possible outcomes. The only difference is the quantity being compared—successive‑term ratio versus \(n\)-th‑root of the term."
18100a-lecture-12-multicam_360p_16_9,ratio test,Full Lecture Transcript,"What are the precise hypotheses of the alternating series test presented in the lecture, and how do they guarantee convergence of the series \(\displaystyle \sum_{n=1}^{\infty}(-1)^n x_n\)? Why is the condition that \(x_n\) is monotone decreasing and converges to zero critical?","The alternating series test requires that the sequence \(\{x_n\}\) satisfies:\n1. \(x_n\ge0\) for all \(n\);\n2. \(\{x_n\}\) is monotone decreasing; and\n3. \(\displaystyle\lim_{n\to\infty}x_n=0\).\nUnder these conditions the series \(\displaystyle\sum_{n=1}^{\infty}(-1)^n x_n\) converges (though not necessarily absolutely). The monotone decrease ensures successive partial sums oscillate with diminishing amplitude, and the limit-to‑zero condition guarantees that the terms become arbitrarily small, preventing the partial sums from drifting away. If any of these hypotheses fails, the oscillatory cancellation needed for convergence breaks down.","**Hypotheses given in the lecture**

1. **Non‑negativity**  
   \[
   x_n\ge 0\qquad\text{for every }n\in\mathbb N .
   \]

2. **Monotone decreasing**  
   \[
   x_{n+1}\le x_n\qquad\text{for every }n\in\mathbb N .
   \]

3. **Limit zero**  
   \[
   \lim_{n\to\infty}x_n=0 .
   \]

With these three conditions the lecture states the following theorem:

> **Alternating‑series theorem**  
> If \((x_n)\) satisfies (1)–(3), then the alternating series  
> \[
> \sum_{n=1}^{\infty}(-1)^n x_n
> \]
> converges.

---

**Why the hypotheses guarantee convergence**

Let  

\[
S_m=\sum_{n=1}^{m}(-1)^n x_n
\]

be the \(m\)-th partial sum.  
Because of the alternating signs, the even and odd partial sums form two
sub‑sequences:

\[
S_{2k}= -x_1+x_2-\cdots -x_{2k-1}+x_{2k},\qquad
S_{2k+1}=S_{2k}-x_{2k+1}.
\]

*Monotonicity*  
- The sequence \((S_{2k})_{k\ge1}\) is **decreasing**:  
  \(S_{2(k+1)}=S_{2k}-x_{2k+1}-x_{2k+2}\le S_{2k}\) because \(x_{2k+1},x_{2k+2}\ge0\).
- The sequence \((S_{2k+1})_{k\ge0}\) is **increasing**:  
  \(S_{2(k+1)+1}=S_{2k+1}+x_{2k+2}\ge S_{2k+1}\).

*Boundedness*  
- Since all \(x_n\ge0\), each even partial sum satisfies  
  \(S_{2k}\ge -x_1\).  
- Each odd partial sum satisfies  
  \(S_{2k+1}\le S_1=-x_1\).

Thus \((S_{2k})\) is a decreasing sequence bounded below, and \((S_{2k+1})\) is an increasing sequence bounded above. By the monotone convergence theorem, both subsequences converge; denote their limits by \(L_{\text{even}}\) and \(L_{\text{odd}}\).

*Limit zero*  
Because \(\lim_{n\to\infty}x_n=0\), the difference between successive partial sums tends to zero:
\[
|S_{m+1}-S_m|=x_{m+1}\longrightarrow 0.
\]
Hence the two limits must coincide:
\[
L_{\text{even}}=L_{\text{odd}}=:L.
\]
Therefore the full sequence \((S_m)\) converges to \(L\), proving that the series converges.

---

**Why each condition is critical**

1. **Non‑negativity** – If some \(x_n\) were negative, the alternating pattern could be disrupted, and the partial sums might not form monotone subsequences.

2. **Monotone decreasing** – Without monotonicity the even partial sums need not be decreasing (or the odd partial sums need not be increasing). The partial sums could oscillate without settling, so convergence cannot be guaranteed.

3. **Limit zero** – If \(\lim x_n\neq0\), the terms do not approach zero, and a necessary condition for convergence of any series is violated. Even with monotonicity, the series would diverge.

Thus the three hypotheses together ensure that the alternating series behaves like a “zig‑zag” that gets tighter and tighter, forcing the partial sums to settle at a finite limit."
18100a-lecture-12-multicam_360p_16_9,alternating series,Full Lecture Transcript,"In the lecture, the comparison test is described for series of non‑negative terms.  Suppose \((x_n)\) and \((y_n)\) satisfy \(0\le x_n\le y_n\) for all \(n\).  What can you deduce about the convergence of \(\sum x_n\) if \(\sum y_n\) converges, and what can you deduce about \(\sum y_n\) if \(\sum x_n\) diverges?","If \(\sum y_n\) converges, then \(\sum x_n\) also converges because each term of \(\sum x_n\) is bounded above by the corresponding term of a convergent non‑negative series.  Conversely, if \(\sum x_n\) diverges, then \(\sum y_n\) must diverge since each term of \(\sum y_n\) is at least as large as the diverging terms of \(\sum x_n\).","If \(0\le x_n\le y_n\) for every \(n\),

* **When \(\displaystyle\sum_{n=1}^{\infty} y_n\) converges**  
  then the smaller series \(\displaystyle\sum_{n=1}^{\infty} x_n\) must also converge.

* **When \(\displaystyle\sum_{n=1}^{\infty} x_n\) diverges**  
  then the larger series \(\displaystyle\sum_{n=1}^{\infty} y_n\) must also diverge."
18100a-lecture-12-multicam_360p_16_9,alternating series,Full Lecture Transcript,The lecture explains the behaviour of the p‑series \(\displaystyle \sum_{n=1}^{\infty}\frac{1}{n^p}\).  State the necessary and sufficient condition on the exponent \(p\) for this series to converge.,The series \(\displaystyle \sum_{n=1}^{\infty}\frac{1}{n^p}\) converges if and only if \(p>1\).  For \(p\le 1\) it diverges.,"The series \(\displaystyle \sum_{n=1}^{\infty}\frac{1}{n^p}\) converges **if and only if** the exponent satisfies  

\[
p>1.
\]"
18100a-lecture-12-multicam_360p_16_9,alternating series,Full Lecture Transcript,"According to the lecture, the ratio test involves the limit \(L=\lim_{n\to\infty}\left|\frac{a_{n+1}}{a_n}\right|\).  Summarize the conclusions for the cases \(L<1\), \(L>1\), and \(L=1\).",For the ratio test: \n• If \(L<1\) then \(\sum a_n\) converges absolutely. \n• If \(L>1\) then \(\sum a_n\) diverges. \n• If \(L=1\) the test is inconclusive; the series may converge or diverge.,"**Ratio Test (as stated in the lecture)**  

Let  

\[
L=\lim_{n\to\infty}\left|\frac{a_{n+1}}{a_n}\right|
\]

(assuming the limit exists and \(a_n\neq0\) for all \(n\)).  
Then:

| Case | Conclusion |
|------|------------|
| **\(L<1\)** | The series \(\sum a_n\) converges **absolutely**. |
| **\(L>1\)** | The series \(\sum a_n\) **diverges** (the terms do not tend to \(0\)). |
| **\(L=1\)** | The test gives **no information** – the series may converge or diverge. |

These are the exact conclusions given in the lecture."
18100a-lecture-12-multicam_360p_16_9,alternating series,Full Lecture Transcript,The lecture presents a theorem concerning alternating series.  What are the two hypotheses on the sequence \((b_n)\) and what is the conclusion about \(\sum_{n=1}^{\infty}(-1)^n b_n\)?  Does the theorem guarantee absolute convergence?,"The theorem states that if \((b_n)\) is a monotone decreasing sequence of non‑negative numbers with \(\lim_{n\to\infty}b_n=0\), then the alternating series \(\sum_{n=1}^{\infty}(-1)^n b_n\) converges.  The theorem does **not** guarantee absolute convergence; for example \(b_n=1/n\) yields a conditionally convergent alternating harmonic series.","**Hypotheses on the sequence \((b_n)\)**  
1. \(b_n \ge 0\) for every \(n\).  
2. \((b_n)\) is monotone decreasing (i.e. \(b_{n+1}\le b_n\) for all \(n\)).  
3. \(\displaystyle \lim_{n\to\infty} b_n = 0\).

**Conclusion about the alternating series**  
Under these three conditions the series  

\[
\sum_{n=1}^{\infty}(-1)^n b_n
\]

converges (to a finite limit).  

**Absolute convergence**  
The theorem does **not** guarantee absolute convergence.  In fact, the classic example \(b_n=1/n\) satisfies the hypotheses, the alternating harmonic series converges, but \(\sum 1/n\) diverges.  Thus the result is only about conditional convergence."
18100a-lecture-12-multicam_360p_16_9,alternating series,Full Lecture Transcript,"Using the comparison test as discussed, determine whether the series \(\displaystyle \sum_{n=1}^{\infty}\frac{1}{n^2+20n}\) converges or diverges.  Provide the inequalities that justify your conclusion.","Because \(n^2+20n \ge n^2\) for all \(n\ge1\), we have \(\displaystyle \frac{1}{n^2+20n}\le\frac{1}{n^2}\).  The p‑series \(\sum \frac{1}{n^2}\) converges (since \(p=2>1\)), so by the comparison test the series \(\sum \frac{1}{n^2+20n}\) also converges.","**Answer**

The series  

\[
\sum_{n=1}^{\infty}\frac{1}{n^{2}+20n}
\]

converges.

**Justification (comparison test)**  

For every integer \(n\ge 1\),

\[
n^{2}+20n \;=\; n^{2}\bigl(1+\tfrac{20}{n}\bigr)\;\ge\; n^{2},
\]

hence

\[
\frac{1}{n^{2}+20n}\;\le\;\frac{1}{n^{2}}\qquad(n\ge 1).
\]

The series \(\displaystyle\sum_{n=1}^{\infty}\frac{1}{n^{2}}\) is a \(p\)-series with \(p=2>1\), so it converges.  
Since the terms of our series are non‑negative and are bounded above by the terms of a convergent series, the comparison test tells us that

\[
\sum_{n=1}^{\infty}\frac{1}{n^{2}+20n}
\]

also converges."
18100a-lecture-12-multicam_360p_16_9,ratio,Full Lecture Transcript,"According to the discussion on the comparison test, if two sequences of non‑negative terms satisfy \(0 \le a_n \le b_n\) for every \(n\) and the series \(\sum b_n\) converges, what conclusion can be drawn about \(\sum a_n\)?",The series \(\sum a_n\) also converges.,"The smaller series must also converge. In other words, if \(0\le a_n\le b_n\) for all \(n\) and \(\sum b_n\) converges, then \(\sum a_n\) converges as well."
18100a-lecture-12-multicam_360p_16_9,ratio,Full Lecture Transcript,"In the lecture on the ratio test, what happens when the limit \(L=\lim_{n\to\infty}\bigl|\frac{x_{n+1}}{x_n}\bigr|\) is found to be greater than one?",The series \(\sum x_n\) diverges.,"When the ratio‑test limit satisfies  

\[
L=\lim_{n\to\infty}\Bigl|\frac{x_{n+1}}{x_n}\Bigr|>1,
\]

the lecture shows that the series **diverges**.  
The reasoning is that for sufficiently large \(n\) we have \(|x_{n+1}/x_n|>1\), so \(|x_n|>1\) (after taking powers). Hence the terms \(x_n\) do not tend to \(0\), which is a necessary condition for convergence. Therefore the series cannot converge."
18100a-lecture-12-multicam_360p_16_9,ratio,Full Lecture Transcript,"The lecturer gave two classical series as examples where the ratio test yields the limit \(L=1\). What are these two series, and what does the test say about each of them?","The harmonic series \(\sum \frac{1}{n}\) and the p‑series \(\sum \frac{1}{n^2}\); the test gives no information for either, and indeed the harmonic series diverges while the second converges.","The lecturer used the two familiar “border‑line’’ series

1. **The harmonic series**  
   \[
   \sum_{n=1}^{\infty}\frac{1}{n}
   \]
   For this series  
   \[
   L=\lim_{n\to\infty}\Bigl|\frac{a_{n+1}}{a_n}\Bigr|
     =\lim_{n\to\infty}\frac{1/(n+1)}{1/n}=1 .
   \]
   The ratio test is inconclusive (it gives no information).  
   (We know from other arguments that the harmonic series diverges.)

2. **The convergent \(p\)-series with \(p=2\)**  
   \[
   \sum_{n=1}^{\infty}\frac{1}{n^{2}}
   \]
   For this series  
   \[
   L=\lim_{n\to\infty}\Bigl|\frac{a_{n+1}}{a_n}\Bigr|
     =\lim_{n\to\infty}\frac{1/(n+1)^{2}}{1/n^{2}}
     =\lim_{n\to\infty}\Bigl(\frac{n}{n+1}\Bigr)^{2}=1 .
   \]
   Again the ratio test is inconclusive.  
   (We know from the \(p\)-series test that this series converges.)

Thus, for both of these classical examples the ratio test yields \(L=1\) and therefore gives no conclusion; the harmonic series diverges, while the \(1/n^{2}\) series converges."
18100a-lecture-12-multicam_360p_16_9,ratio,Full Lecture Transcript,"Stated in the lesson, what are the two necessary properties of the sequence \((x_n)\) for the alternating series \(\sum_{n=1}^{\infty}(-1)^n x_n\) to converge?","The sequence \((x_n)\) must be monotone decreasing, consist of non‑negative terms, and satisfy \(\lim_{n\to\infty}x_n=0\).","The lesson states that for the alternating series  

\[
\sum_{n=1}^{\infty}(-1)^n x_n
\]

to converge, the sequence \((x_n)\) must satisfy **both** of the following:

1. **Monotone decreasing** – the terms never increase: \(x_{n+1}\le x_n\) for all \(n\).  
2. **Tends to zero** – the limit of the terms is zero: \(\displaystyle \lim_{n\to\infty}x_n=0\).

(These two conditions, together with \(x_n\ge 0\), are the classic Leibniz/alternating‑series test.)"
18100a-lecture-12-multicam_360p_16_9,ratio,Full Lecture Transcript,"During the proof of the ratio test when \(L<1\), a number \(\alpha\) satisfying \(L<\alpha<1\) is chosen. What purpose does this \(\alpha\) serve in the argument?","It provides an upper bound on the ratio \(|x_{n+1}|/|x_n|\) for all sufficiently large \(n\); this allows comparison with a geometric series having ratio \(\alpha<1\), which in turn shows that the series of absolute values converges.","In the proof we need a concrete constant that is **strictly smaller than 1** but still **larger than the limit \(L\)**.  
Because \(\displaystyle \lim_{n\to\infty}\Bigl|\frac{x_{n+1}}{x_n}\Bigr|=L<1\), we can choose a number \(\alpha\) with  

\[
L<\alpha<1 .
\]

The choice of \(\alpha\) allows us to use the definition of limit: there is an \(N_0\) such that for all \(n\ge N_0\),

\[
\Bigl|\frac{x_{n+1}}{x_n}\Bigr|\le \alpha .
\]

Thus for \(n\ge N_0\) we have  

\[
|x_{n+1}|\le \alpha |x_n|,\qquad |x_{n+2}|\le \alpha^2 |x_n|,\;\dots
\]

and consequently \(|x_n|\le |x_{N_0}|\alpha^{\,n-N_0}\).  
This shows that the tail of the series is bounded by a convergent geometric series with ratio \(\alpha<1\).

So the purpose of \(\alpha\) is to provide a fixed upper bound (strictly less than 1) for the ratio \(|x_{n+1}/x_n|\) once \(n\) is large enough, enabling the comparison to a convergent geometric series and establishing absolute convergence."
18100a-lecture-12-multicam_360p_16_9,comparison test,Full Lecture Transcript,"In the comparison test for series with non‑negative terms, what conclusions can be drawn when the larger series converges and when the smaller series diverges?","If \(y_n \ge x_n \ge 0\) and \(\sum y_n\) converges, then \(\sum x_n\) also converges.  Conversely, if \(\sum x_n\) diverges, then \(\sum y_n\) also diverges.","In the comparison test for series with non‑negative terms:

* **If the larger series converges**, then the smaller series must also converge.  
* **If the smaller series diverges**, then the larger series must also diverge."
18100a-lecture-12-multicam_360p_16_9,comparison test,Full Lecture Transcript,"How did the instructor determine whether the series \(\displaystyle\sum_{n=1}^{\infty}\frac{1}{n^{p}}\) converges, and which theorem was used to establish this?",The series \(\displaystyle\sum_{n=1}^{\infty}\frac{1}{n^{p}}\) was shown to converge if and only if \(p>1\).  This conclusion relied on the comparison test together with the known divergence of the harmonic series \(\sum \frac{1}{n}\).,"The instructor decided the fate of the \(p\)-series by **comparing it to the harmonic series**.  
- For \(p>1\) the terms \(1/n^{p}\) are eventually smaller than the terms of the harmonic series \(1/n\), and by the **Comparison Test** the series \(\sum_{n=1}^{\infty}1/n^{p}\) converges.  
- For \(p\le 1\) the terms are not smaller than those of the harmonic series, and the comparison shows that the series diverges (the harmonic series itself diverges).

Thus the convergence of \(\displaystyle\sum_{n=1}^{\infty}\frac{1}{n^{p}}\) was established using the **Comparison Test**."
18100a-lecture-12-multicam_360p_16_9,comparison test,Full Lecture Transcript,"Why is the direction of inequality important in the comparison test, as illustrated by the example \(\displaystyle \frac{1}{n^{2}+20n}\) and the misleading comparison to \(\displaystyle \frac{1}{20n}\)?","The comparison test requires that the ‘bigger’ series actually be an upper bound for the terms of the series being tested.  In the example, \(\frac{1}{n^{2}+20n}\le \frac{1}{n^{2}}\) (a legitimate comparison leading to convergence), but the attempted comparison \(\frac{1}{n^{2}+20n}\le \frac{1}{20n}\) is false; using it would give incorrect information because the inequality is reversed.","In the comparison test the **direction of the inequality tells you which implication you can draw**.  
For two non‑negative series \(\{a_n\}\) and \(\{b_n\}\):

* If \(a_n \le b_n\) for all \(n\) and \(\displaystyle\sum b_n\) **converges**, then \(\displaystyle\sum a_n\) **converges**.  
* If \(a_n \ge b_n\) for all \(n\) and \(\displaystyle\sum b_n\) **diverges**, then \(\displaystyle\sum a_n\) **diverges**.

The test does **not** give any information if you reverse the inequality or if the known series is larger and diverges.

---

### The example

\[
a_n=\frac{1}{n^{2}+20n}
\]

1. **Correct comparison**  
   \[
   a_n \le \frac{1}{n^{2}}\quad\text{for all }n\ge1
   \]
   Since \(\displaystyle\sum_{n=1}^{\infty}\frac{1}{n^{2}}\) converges (a \(p\)-series with \(p=2>1\)), the comparison test tells us that \(\displaystyle\sum a_n\) also converges.

2. **Misleading comparison**  
   One might also note that  
   \[
   a_n \le \frac{1}{20n}\le \frac{1}{n}\quad\text{for all }n\ge1 .
   \]
   Here \(\displaystyle\sum \frac{1}{20n}\) (and \(\sum \frac{1}{n}\)) diverges.  
   But the inequality is pointing **from the smaller series \(a_n\) to a larger, diverging series**.  
   The comparison test requires a *smaller* diverging series to conclude divergence, or a *larger* converging series to conclude convergence.  
   Since we have a larger diverging series, the test gives **no conclusion** about \(\sum a_n\).

---

### Why the direction matters

- **Smaller → larger**: If the *known* series is larger and converges, the *unknown* (smaller) series must also converge.  
- **Larger → smaller**: If the *known* series is smaller and diverges, the *unknown* (larger) series must also diverge.  

Reversing the inequality flips the logical implication and can lead to incorrect conclusions, as the misleading comparison to \(\frac{1}{20n}\) demonstrates."
18100a-lecture-12-multicam_360p_16_9,comparison test,Full Lecture Transcript,"State the two possible conclusions of the ratio test when the limiting ratio \(L\) is less than one, greater than one, or equal to one, and give the example series that exhibit each case.","If \(\displaystyle L=\lim_{n\to\infty}\left|\frac{x_{n+1}}{x_n}\right|\) exists, then:\n • \(L<1\) ⇒ \(\sum x_n\) converges absolutely;\n • \(L>1\) ⇒ \(\sum x_n\) diverges;\n • \(L=1\) ⇒ the test gives no conclusion.  The lecture cited \(\displaystyle x_n=\frac{1}{n}\) (diverges) and \(\displaystyle x_n=\frac{1}{n^{2}}\) (converges) as two series for which \(L=1\) but with different outcomes.","**Ratio Test (as stated in the lecture)**  

Let \(\displaystyle L=\lim_{n\to\infty}\Bigl|\frac{x_{n+1}}{x_n}\Bigr|\) (the limit is assumed to exist).

| Value of \(L\) | Conclusion of the ratio test | Example series that realize this case |
|----------------|------------------------------|---------------------------------------|
| \(L<1\) | The series \(\sum x_n\) **converges absolutely**. | \(\displaystyle \sum_{n=1}^{\infty}\frac{1}{2^n}\)  ( here \(\frac{x_{n+1}}{x_n}= \frac12<1\) ) |
| \(L>1\) | The series \(\sum x_n\) **diverges**. | \(\displaystyle \sum_{n=1}^{\infty}2^n\)  ( here \(\frac{x_{n+1}}{x_n}=2>1\) ) |
| \(L=1\) | The test gives **no information**; the series may converge or diverge. | Convergent example: \(\displaystyle \sum_{n=1}^{\infty}\frac{1}{n^2}\)  (\(\frac{x_{n+1}}{x_n}\to1\)).<br> Divergent example: \(\displaystyle \sum_{n=1}^{\infty}\frac{1}{n}\)  (\(\frac{x_{n+1}}{x_n}\to1\)). |

Thus, the ratio test tells us absolute convergence when the limiting ratio is less than one, divergence when it is greater than one, and is inconclusive when the limiting ratio equals one. The examples above illustrate each of the three possibilities."
18100a-lecture-12-multicam_360p_16_9,comparison test,Full Lecture Transcript,"What are the exact hypotheses and conclusion of the alternating series theorem mentioned, and why does the theorem not assert absolute convergence?","The alternating series theorem states: if \((x_n)\) is a monotone decreasing sequence of non‑negative terms with \(\lim_{n\to\infty}x_n=0\), then \(\displaystyle\sum_{n=1}^{\infty}(-1)^{n}x_n\) converges.  Absolute convergence is not required because the proof only uses the monotonicity and the fact that each term tends to zero, not the absolute size of the terms.","**Alternating‑series theorem (as stated in the lecture)**  

*Hypotheses*  
1. \((x_n)\) is a sequence of real numbers.  
2. \(x_n \ge 0\) for every \(n\).  
3. \((x_n)\) is monotone decreasing: \(x_{n+1}\le x_n\) for all \(n\).  
4. \(\displaystyle \lim_{n\to\infty}x_n = 0\).

*Conclusion*  
The alternating series  

\[
\sum_{n=1}^{\infty}(-1)^{\,n}x_n
\]

converges (to some finite limit).

---

### Why the theorem does **not** claim absolute convergence

The theorem only guarantees that the alternating series itself converges.  
It does **not** say anything about the series of absolute values

\[
\sum_{n=1}^{\infty}x_n .
\]

In many cases this latter series diverges.  
A classic example is the harmonic series: \(x_n = 1/n\).  
Here \(x_n\) is positive, decreasing, and tends to \(0\), so the alternating
series \(\sum (-1)^n/n\) converges (conditionally).  
But \(\sum 1/n\) diverges, so the convergence is not absolute.

Thus the theorem is a *conditional convergence* result: it tells us that
the alternating signs “save” the series from diverging, but it does not
imply that the series would converge if all signs were made positive."
18100a-lecture-12-multicam_360p_16_9,absolute value,Full Lecture Transcript,"In the discussion of the comparison test, if one has series with non‑negative terms \(x_n\) and \(y_n\) such that \(0\le x_n\le y_n\) for all \(n\) and \(\sum_{n=1}^{\infty}y_n\) converges, what conclusion can be drawn about \(\sum_{n=1}^{\infty}x_n\)?  What is the corresponding statement when \(\sum_{n=1}^{\infty}x_n\) diverges?","If \(\sum y_n\) converges and \(0\le x_n\le y_n\) for all \(n\), then \(\sum x_n\) also converges.  Conversely, if \(\sum x_n\) diverges and \(0\le x_n\le y_n\), then \(\sum y_n\) also diverges.","If \(0\le x_n\le y_n\) for every \(n\) and the “larger’’ series \(\displaystyle\sum_{n=1}^{\infty}y_n\) converges, then the “smaller’’ series \(\displaystyle\sum_{n=1}^{\infty}x_n\) must also converge.

Conversely, if the “smaller’’ series \(\displaystyle\sum_{n=1}^{\infty}x_n\) diverges, then the “larger’’ series \(\displaystyle\sum_{n=1}^{\infty}y_n\) must diverge."
18100a-lecture-12-multicam_360p_16_9,absolute value,Full Lecture Transcript,"According to the lecture, for which values of the exponent \(p\) does the \(p\)–series \(\displaystyle\sum_{n=1}^{\infty}\frac{1}{n^p}\) converge?  Briefly explain the role of the comparison with the harmonic series in determining this.","The series \(\sum_{n=1}^{\infty}1/n^p\) converges precisely when \(p>1\).  This is shown by comparing \(1/n^p\) to \(1/n\) (the harmonic series, which diverges) for \(p\le1\), and by showing that for \(p>1\) the terms are eventually smaller than those of the convergent \(p\)-series with a larger exponent.","**Answer**

The \(p\)-series  

\[
\sum_{n=1}^{\infty}\frac{1}{n^{p}}
\]

converges **iff** the exponent satisfies  

\[
\boxed{p>1}
\]

and it diverges for \(p\le 1\).

**Role of the comparison with the harmonic series**

- The harmonic series \(\displaystyle\sum_{n=1}^{\infty}\frac{1}{n}\) is known to diverge.  
- For \(p>1\) we have \(\frac{1}{n^{p}}\le \frac{1}{n}\) for all \(n\ge 1\). By the comparison test, since the larger series \(\sum 1/n\) diverges, the smaller series \(\sum 1/n^{p}\) must converge.  
- Conversely, if \(p\le 1\), then \(\frac{1}{n^{p}}\ge \frac{1}{n}\) for large \(n\), so the \(p\)-series dominates the divergent harmonic series and therefore diverges.

Thus the comparison with the harmonic series is the key tool that determines the threshold \(p=1\) for convergence."
18100a-lecture-12-multicam_360p_16_9,absolute value,Full Lecture Transcript,"In the example \(\displaystyle\sum_{n=1}^{\infty}\frac{1}{\,n^2+20\cdot20n\,}\), explain why the series converges by comparing it to the convergent series \(\sum_{n=1}^{\infty}\frac{1}{n^2}\).  Why would a comparison with \(\displaystyle\frac{1}{n}\) lead to an incorrect conclusion?","Because \(\displaystyle\frac{1}{n^2+20\cdot20n}\le \frac{1}{n^2}\) for all \(n\), and \(\sum 1/n^2\) converges, the comparison test guarantees convergence of the given series.  A comparison with \(\frac{1}{n}\) would provide an incorrect inequality: \(\frac{1}{n^2+20\cdot20n}\le \frac{1}{n}\) is true, but the larger series \(\sum 1/n\) diverges, giving no information about convergence of the smaller series.","**Why the series converges**

For every \(n\ge 1\)

\[
n^2+20\cdot 20n=n^2+400n=n(n+400)\;,
\]

so the denominator of the term in the given series is **larger** than the
denominator of the corresponding term in the \(p\)-series \(\displaystyle
\sum_{n=1}^{\infty}\frac{1}{n^{2}}\).  
Hence

\[
\frac{1}{\,n^2+400n\,}\;\le\;\frac{1}{n^2}\qquad(n\ge 1).
\]

The series \(\displaystyle\sum_{n=1}^{\infty}\frac{1}{n^2}\) is a convergent
\(p\)-series (\(p=2>1\)).  
By the **comparison test** (the smaller series converges), the series

\[
\sum_{n=1}^{\infty}\frac{1}{\,n^2+400n\,}
\]

also converges.

---

**Why a comparison with \(\displaystyle\frac{1}{n}\) would be wrong**

A useful comparison test requires either

* a **larger** series that converges, or  
* a **smaller** series that diverges.

The term \(\frac{1}{n}\) is larger than \(\frac{1}{\,n^2+400n\,}\) (since
\(n^2+400n>n\)), and \(\sum_{n=1}^{\infty}\frac{1}{n}\) diverges.  
Thus the inequality

\[
\frac{1}{\,n^2+400n\,}\;\le\;\frac{1}{n}
\]

does **not** give any information: it tells us only that a smaller
divergent series bounds our series from above, which is the opposite
situation needed to conclude divergence.  

If one mistakenly reverses the inequality and thinks
\(\frac{1}{\,n^2+400n\,}\ge\frac{1}{n}\), one would incorrectly apply the
comparison test and conclude that the series diverges.  The correct
inequality is the other way round, so the comparison with \(\frac{1}{n}\)
does not lead to a conclusion about convergence."
18100a-lecture-12-multicam_360p_16_9,absolute value,Full Lecture Transcript,"State the ratio test as given in the lecture, including the conclusions for the cases \(L<1\), \(L>1\), and \(L=1\).  Provide one example mentioned in the discussion where \(L=1\) corresponds to a convergent series and another where \(L=1\) corresponds to a divergent series.","The ratio test states: let \(L=\displaystyle\lim_{n\to\infty}\Bigl|\frac{x_{n+1}}{x_n}\Bigr|\).  If \(L<1\), then \(\sum x_n\) converges absolutely; if \(L>1\), the series diverges; if \(L=1\), the test gives no conclusion.  When \(x_n=1/n\) we have \(L=1\) and the series diverges, whereas for \(x_n=1/n^2\) we also have \(L=1\) but the series converges.","**Ratio Test (as stated in the lecture)**  

Let \(\{X_n\}\) be a sequence of non‑zero terms and suppose the limit  

\[
L \;=\; \lim_{n\to\infty}\left|\frac{X_{n+1}}{X_n}\right|
\]

exists. Then  

* **If \(L<1\)**, the series \(\displaystyle\sum_{n=1}^{\infty} X_n\) converges absolutely.  
* **If \(L>1\)**, the series \(\displaystyle\sum_{n=1}^{\infty} X_n\) diverges.  
* **If \(L=1\)**, the test gives no information; the series may converge or diverge.

---

**Examples from the lecture**

| Series \(\displaystyle\sum X_n\) | \(L=\displaystyle\lim_{n\to\infty}\left|\frac{X_{n+1}}{X_n}\right|\) | Conclusion from the test | Actual behaviour |
|----------------------------------|--------------------------------------------------------------|--------------------------|------------------|
| \(\displaystyle\sum_{n=1}^{\infty}\frac{1}{n^2}\) | \(1\) | Inconclusive | Converges |
| \(\displaystyle\sum_{n=1}^{\infty}1\) | \(1\) | Inconclusive | Diverges |

Thus, the lecture illustrates that when \(L=1\) the ratio test does not decide the fate of the series: it can be either convergent (e.g., \(\sum 1/n^2\)) or divergent (e.g., \(\sum 1\))."
18100a-lecture-12-multicam_360p_16_9,absolute value,Full Lecture Transcript,List the hypotheses required on a sequence \((x_n)\) for the alternating series test as presented.  What conclusion does the test give about the series \(\displaystyle\sum_{n=1}^{\infty}(-1)^n x_n\)?,"The sequence \((x_n)\) must be monotone decreasing, non‑negative, and converge to zero.  Under these hypotheses, the alternating series \(\displaystyle\sum_{n=1}^{\infty}(-1)^n x_n\) converges (not necessarily absolutely).","**Hypotheses on the sequence \((x_n)\)**  

1. **Non‑negative terms**: \(x_n \ge 0\) for every \(n\).  
2. **Monotone decreasing**: \(x_{n+1}\le x_n\) for all \(n\) (the sequence is non‑increasing).  
3. **Limit zero**: \(\displaystyle\lim_{n\to\infty}x_n = 0\).

(These three conditions together are what the lecture calls “\(x_n\) is a monotone decreasing sequence converging to zero.”)

**Conclusion of the alternating series test**

If a sequence \((x_n)\) satisfies the above hypotheses, then the alternating series  

\[
\sum_{n=1}^{\infty}(-1)^n x_n
\]

converges.  The convergence is not necessarily absolute; the test guarantees only ordinary (conditional) convergence."
18100a-lecture-12-multicam_360p_16_9,geometric series,Full Lecture Transcript,"According to the lecture, if a series of non‑negative terms \(a_n\) satisfies \(a_n\le b_n\) for every \(n\) and the series \(\sum b_n\) converges, what conclusion can be drawn about \(\sum a_n\)?",The series \(\sum a_n\) converges.,"According to the lecture’s comparison test, if \(a_n\le b_n\) for every \(n\) and the series \(\sum b_n\) converges, then the series \(\sum a_n\) also converges."
18100a-lecture-12-multicam_360p_16_9,geometric series,Full Lecture Transcript,"In the example analyzing the series \(\frac1{n^2+20n}\), the lecturer uses the inequality \(\frac1{n^2+20n}\le \frac1{n^2}\). Does this inequality allow the use of the comparison test to deduce convergence of \(\sum \frac1{n^2+20n}\)? Explain why or why not.","Yes. The inequality shows that each term of \(\frac1{n^2+20n}\) is at most the corresponding term of \(\frac1{n^2}\). Since \(\sum \frac1{n^2}\) converges, the comparison test guarantees that \(\sum \frac1{n^2+20n}\) also converges.","Yes.  
The comparison test says that if you have two series with non‑negative terms and

\[
0\le a_n\le b_n\quad\text{for all }n,
\]

then

* if \(\sum b_n\) converges, so does \(\sum a_n\);
* if \(\sum a_n\) diverges, so does \(\sum b_n\).

In the lecture the lecturer points out that

\[
\frac{1}{n^2+20n}\le \frac{1}{n^2}\qquad(n\ge 1),
\]

because the denominator \(n^2+20n\) is larger than \(n^2\).  
The series \(\sum_{n=1}^{\infty}\frac{1}{n^2}\) is a \(p\)-series with \(p=2>1\), so it converges.

Since the inequality is in the correct direction (the “smaller” series \(\frac{1}{n^2+20n}\) is bounded above by the convergent “larger” series \(\frac{1}{n^2}\)), the comparison test applies and guarantees that

\[
\sum_{n=1}^{\infty}\frac{1}{n^2+20n}
\]

also converges.

If the inequality had been reversed, the test would give no information. Thus, the given inequality does indeed allow the use of the comparison test to deduce convergence."
18100a-lecture-12-multicam_360p_16_9,geometric series,Full Lecture Transcript,"What is the precise statement of the ratio test as given in the lecture, and what conclusion does the test provide when the limit \(L=\lim_{n\to\infty}\left|\frac{x_{n+1}}{x_n}\right|\) equals 1?","The ratio test states: For a sequence \((x_n)\) with \(x_n\neq0\) for all \(n\), let \(L=\lim_{n\to\infty}\left|\frac{x_{n+1}}{x_n}\right|\).  If \(L<1\), the series \(\sum x_n\) converges absolutely; if \(L>1\), the series diverges.  When \(L=1\), the test gives no information about convergence or divergence.","**Ratio Test (as stated in the lecture)**  

Let \(\sum_{n=1}^{\infty}x_n\) be a series with \(x_n\neq 0\) for all sufficiently large \(n\).  
Assume the limit  

\[
L \;=\; \lim_{n\to\infty}\left|\frac{x_{n+1}}{x_n}\right|
\]

exists (finite or infinite). Then  

* **If \(L<1\)**, the series \(\sum x_n\) converges absolutely.  
* **If \(L>1\)**, the series \(\sum x_n\) diverges.  

**When \(L=1\)** the test gives **no information** – the series may converge or diverge; the ratio test is inconclusive in this case."
18100a-lecture-12-multicam_360p_16_9,geometric series,Full Lecture Transcript,"Based on the lecture, under what conditions does the alternating series test guarantee convergence of a series \(\sum_{n=1}^{\infty}(-1)^n X_n\)? Does this test ensure absolute convergence of the series?","The test requires that \((X_n)\) is a non‑negative, monotonically decreasing sequence that tends to zero.  Under these conditions the alternating series \(\sum(-1)^n X_n\) converges, but the test does not guarantee that the series converges absolutely.","**Conditions for convergence (alternating‑series test)**  
The lecture states that if  

1. \(X_n \ge 0\) for every \(n\);  
2. \(\{X_n\}\) is monotone decreasing (i.e. \(X_{n+1}\le X_n\) for all \(n\));  
3. \(\displaystyle \lim_{n\to\infty} X_n = 0\),

then the alternating series  

\[
\sum_{n=1}^{\infty}(-1)^n X_n
\]

converges.

**Absolute convergence?**  
No. The test only guarantees ordinary (conditional) convergence.  
Absolute convergence would require \(\sum_{n=1}^{\infty} X_n\) to converge, which is a stronger condition and is not implied by the alternating‑series test. For example, with \(X_n = 1/n\) the series \(\sum (-1)^n/n\) converges by the test, but \(\sum 1/n\) diverges, so the convergence is not absolute."
18100a-lecture-12-multicam_360p_16_9,geometric series,Full Lecture Transcript,"In the proof of the ratio test, the lecturer introduces a number \(\alpha\) with \(L<\alpha<1\). Why is choosing such an \(\alpha\) helpful, and how does it lead to bounding the terms of the series by a convergent geometric series?","Choosing \(\alpha\) with \(L<\alpha<1\) ensures that, eventually, \(\left|\frac{x_{n+1}}{x_n}\right|\le\alpha\).  From this inequality one obtains \(|x_n|\le |x_{m_0}|\alpha^{\,n-m_0}\) for all \(n\ge m_0\), so the tail of the series is bounded by a convergent geometric series \(\sum\alpha^k\).  Hence the series \(\sum x_n\) converges absolutely.","In the ratio test we know that  

\[
L=\lim_{n\to\infty}\Bigl|\frac{a_{n+1}}{a_n}\Bigr|<1 .
\]

The limit only tells us that the ratios get **close** to \(L\); it does not give us a single number that is an upper bound for all sufficiently large \(n\).  
To turn the “limit” into a usable inequality we pick a number \(\alpha\) that is **strictly larger than \(L\) but still less than 1**:

\[
L<\alpha<1 .
\]

Because the limit of the ratios is \(L\), there exists an index \(N_0\) such that for every \(n\ge N_0\)

\[
\Bigl|\frac{a_{n+1}}{a_n}\Bigr|\le \alpha .
\]

Thus for all \(n\ge N_0\)

\[
|a_{n+1}|\le \alpha\,|a_n|.
\]

Iterating this inequality gives

\[
|a_n|\le |a_{N_0}|\,\alpha^{\,n-N_0}\qquad(n\ge N_0).
\]

So the tail of the series is bounded term‑by‑term by a geometric sequence with ratio \(\alpha\).  
Consequently

\[
\sum_{n=N_0}^{\infty}|a_n|
   \le |a_{N_0}|\sum_{k=0}^{\infty}\alpha^k
   = |a_{N_0}|\frac{1}{1-\alpha},
\]

which is finite because \(\alpha<1\).  
Adding the finite initial part \(\sum_{n=1}^{N_0-1}|a_n|\) shows that the whole series \(\sum|a_n|\) converges.  

Hence, choosing \(\alpha\) with \(L<\alpha<1\) provides a uniform bound on the ratios for large \(n\), allowing us to compare the series to a convergent geometric series and conclude absolute convergence."
18100a-lecture-12-multicam_360p_16_9,alternating series test,Full Lecture Transcript,"In the comparison test examined in the lecture, what must be true about the terms \(x_n\) and \(y_n\) in order to conclude that a convergent larger series guarantees convergence of a smaller one, and similarly for divergence?",We must have \(0 \le x_n \le y_n\) for all \(n\). If \(\sum y_n\) converges then \(\sum x_n\) converges; if \(\sum x_n\) diverges then \(\sum y_n\) diverges.,"In the comparison test the two sequences must be **non‑negative** and must satisfy the inequality  

\[
y_n \;\ge\; x_n \qquad\text{for every } n .
\]

With this ordering:

* If the larger series \(\displaystyle\sum y_n\) converges, then the smaller series \(\displaystyle\sum x_n\) also converges.  
* If the smaller series \(\displaystyle\sum x_n\) diverges, then the larger series \(\displaystyle\sum y_n\) also diverges."
18100a-lecture-12-multicam_360p_16_9,alternating series test,Full Lecture Transcript,"According to the lecture, under what condition on the exponent \(p\) does the p‑series \(\displaystyle\sum_{n=1}^{\infty}\frac{1}{n^{p}}\) converge?",The p‑series converges if and only if \(p>1\). For \(p\le 1\) it diverges.,"The p‑series \(\displaystyle\sum_{n=1}^{\infty}\frac{1}{n^{p}}\) converges **iff** the exponent satisfies  

\[
p>1 .
\]"
18100a-lecture-12-multicam_360p_16_9,alternating series test,Full Lecture Transcript,"When applying the ratio test as described, what can we say about a series whose ratio limit \(L\) satisfies \(L=1\)?",The ratio test is inconclusive: a limit \(L=1\) gives no information about convergence or divergence.,"When the ratio test gives \(L=1\) the test is **inconclusive** – it tells us nothing about whether the series converges or diverges.  (The series might converge, diverge, or even be conditionally convergent; the ratio test simply does not provide information in this case.)"
18100a-lecture-12-multicam_360p_16_9,alternating series test,Full Lecture Transcript,"In the proof of the ratio test, why do we introduce a number \(\alpha\) with \(L<\alpha<1\) and what advantage does this provide?","Choosing \(\alpha\) with \(L<\alpha<1\) allows us to find an index \(N\) such that for all \(n\ge N\), \(\bigl|\frac{x_{n+1}}{x_n}\bigr|\le \alpha<1\). This turns the tail of the series into one that is bounded above by a convergent geometric series, completing the proof.","In the ratio test we know that  

\[
L=\lim_{n\to\infty}\Bigl|\frac{x_{n+1}}{x_n}\Bigr|
\]

exists and that \(L<1\).  
From the definition of a limit we can only say that for every \(\varepsilon>0\) there is an \(N\) such that  

\[
\Bigl|\frac{x_{n+1}}{x_n}\Bigr|<L+\varepsilon \qquad(n\ge N).
\]

If we tried to use \(L\) itself as the bound, we would have only the inequality  

\[
\Bigl|\frac{x_{n+1}}{x_n}\Bigr|\le L ,
\]

which is not strong enough to compare the series with a geometric series whose ratio is strictly less than 1.  
Therefore we pick a number \(\alpha\) with  

\[
L<\alpha<1 .
\]

Because \(\alpha\) is still larger than \(L\), the limit condition guarantees that there is an \(M_0\) such that for all \(n\ge M_0\)

\[
\Bigl|\frac{x_{n+1}}{x_n}\Bigr|\le \alpha .
\]

Now we can write

\[
|x_{n+1}|\le \alpha |x_n| \quad (n\ge M_0),
\]

and by iterating this inequality we obtain

\[
|x_n|\le |x_{M_0}|\,\alpha^{\,n-M_0}\qquad(n\ge M_0).
\]

Thus the tail of the series is bounded by a geometric series with ratio \(\alpha<1\), which is known to converge.  
The introduction of \(\alpha\) gives us a strict “room” to work with: it turns the asymptotic ratio \(L\) into a concrete upper bound that is strictly less than 1, allowing us to apply the comparison test and conclude absolute convergence."
18100a-lecture-12-multicam_360p_16_9,alternating series test,Full Lecture Transcript,State the hypotheses of the alternating series test discussed in the lecture. Why is the requirement that the sequence of terms be monotone decreasing and converge to zero critical for the test to hold?,"The test requires a sequence \((a_n)\) of non‑negative terms that is monotone decreasing and tends to 0. This ensures that the partial sums of even and odd indices form monotone bounded sequences that approach the same limit, guaranteeing convergence; without monotonic decrease or the limit‑to‑zero condition the alternating series may fail to converge.","**Hypotheses of the alternating‑series theorem (as stated in the lecture)**  

1. **Non‑negative terms** – The sequence \(\{x_n\}\) consists of non‑negative real numbers:  
   \[
   x_n \ge 0 \quad\text{for all } n\in\mathbb N .
   \]

2. **Monotone decreasing** – The sequence is monotone decreasing:  
   \[
   x_{n+1}\le x_n \quad\text{for all } n\in\mathbb N .
   \]

3. **Convergence to zero** – The terms tend to zero:  
   \[
   \lim_{n\to\infty}x_n = 0 .
   \]

Under these hypotheses the alternating series  
\[
\sum_{n=1}^{\infty}(-1)^n x_n \quad\text{(or equivalently } \sum_{n=1}^{\infty}(-1)^{n+1}x_n\text{)}
\]
converges.

---

### Why the two conditions are essential

1. **Convergence to zero**  
   - For any infinite series \(\sum a_n\) to converge, a necessary condition is \(\lim_{n\to\infty} a_n = 0\).  
   - If the terms \(x_n\) do **not** tend to zero, the partial sums oscillate without settling to a limit, so the series cannot converge.  
   - In the alternating case, the difference between successive partial sums is \(\pm x_n\); if \(x_n\) does not go to zero, that difference never becomes arbitrarily small, preventing convergence.

2. **Monotone decreasing**  
   - The proof in the lecture shows that the even partial sums \(s_{2k}\) form a monotone decreasing sequence and the odd partial sums \(s_{2k+1}\) form a monotone increasing sequence.  
   - Because the terms are non‑negative and decreasing, each even partial sum is bounded below by \(-x_1\) and each odd partial sum is bounded above by \(x_1\).  
   - Monotonicity guarantees that these two subsequences are bounded and monotone, so they each converge.  
   - Moreover, the limit of the even subsequence is the same as the limit of the odd subsequence, giving convergence of the whole series.  
   - If the sequence were not monotone, the even and odd partial sums could oscillate or fail to be monotone, so the argument that they converge would break down, and the series might diverge even though the terms go to zero.

Thus, the requirement that the terms be a monotone decreasing sequence converging to zero is **critical**: it ensures both that the terms become negligible (necessary for any convergence) and that the partial sums form monotone, bounded subsequences that can be shown to converge to the same limit. Without either condition the alternating‑series theorem would not hold."
18100a-lecture-12-multicam_360p_16_9,limit,Full Lecture Transcript,"According to the comparison test discussed, if two sequences of non‑negative terms satisfy \(0\le a_{n}\le b_{n}\) for all \(n\), what can be concluded about the series \(\sum a_{n}\) when \(\sum b_{n}\) converges, and what about \(\sum b_{n}\) when \(\sum a_{n}\) diverges?","If \(\sum b_{n}\) converges, then \(\sum a_{n}\) also converges. Conversely, if \(\sum a_{n}\) diverges, then \(\sum b_{n}\) must diverge.","If \(0\le a_{n}\le b_{n}\) for every \(n\),

* **When the larger series converges**:  
  \[
  \sum_{n=1}^{\infty} b_{n}\ \text{converges}\;\Longrightarrow\;\sum_{n=1}^{\infty} a_{n}\ \text{converges}.
  \]

* **When the smaller series diverges**:  
  \[
  \sum_{n=1}^{\infty} a_{n}\ \text{diverges}\;\Longrightarrow\;\sum_{n=1}^{\infty} b_{n}\ \text{diverges}.
  \]"
18100a-lecture-12-multicam_360p_16_9,limit,Full Lecture Transcript,The lecture notes state a criterion for the convergence of the \(p\)-series \(\displaystyle\sum_{n=1}^{\infty}\frac{1}{n^{p}}\). For which values of \(p\) does this series converge?,The \(p\)-series converges precisely when \(p>1\); it diverges for \(p\le 1\).,"The lecture notes state that the \(p\)-series  

\[
\sum_{n=1}^{\infty}\frac{1}{n^{p}}
\]

converges **iff** \(p>1\).  (For \(p\le 1\) the series diverges.)"
18100a-lecture-12-multicam_360p_16_9,limit,Full Lecture Transcript,"In the ratio test, we compute \(L=\lim_{n\to\infty}\left|\frac{x_{n+1}}{x_{n}}\right|\). What conclusions are drawn when \(L<1\), when \(L>1\), and when \(L=1\)?","If \(L<1\), the series \(\sum x_{n}\) converges absolutely. If \(L>1\), the series diverges. If \(L=1\), the test gives no information (the series may converge or diverge).","**Ratio Test (as stated in the lecture)**  

Let  

\[
L=\lim_{n\to\infty}\left|\frac{x_{n+1}}{x_{n}}\right|
\]

(assuming the limit exists and \(x_n\neq 0\) for all \(n\)).  

- **If \(L<1\)**: the series \(\sum x_n\) converges **absolutely**.  
- **If \(L>1\)**: the series \(\sum x_n\) **diverges** (the terms do not even tend to \(0\)).  
- **If \(L=1\)**: the test gives **no information**; the series may converge or diverge."
18100a-lecture-12-multicam_360p_16_9,limit,Full Lecture Transcript,"The alternating‑series discussion introduces a theorem for series of the form \(\displaystyle\sum_{n=1}^{\infty}(-1)^{n}a_{n}\). What are the required hypotheses on the sequence \(a_{n}\), and what conclusion does the theorem provide?","The theorem requires that \(a_{n}\) be a monotone decreasing sequence of non‑negative terms that tends to \(0\). Under these conditions, \(\displaystyle\sum_{n=1}^{\infty}(-1)^{n}a_{n}\) converges (but not necessarily absolutely).","**Hypotheses on the sequence \(a_{n}\)**  
1. \(a_{n}\ge 0\) for every \(n\).  
2. \(\{a_{n}\}\) is monotone decreasing: \(a_{n+1}\le a_{n}\) for all \(n\).  
3. \(\displaystyle\lim_{n\to\infty}a_{n}=0\).

**Conclusion of the theorem**  
Under these conditions the alternating series  

\[
\sum_{n=1}^{\infty}(-1)^{\,n}a_{n}
\]

converges (to a finite limit).  The theorem does not require any further test; the mere observation that the terms are non‑negative, decreasing, and tend to zero guarantees convergence of the alternating series."
18100a-lecture-12-multicam_360p_16_9,limit,Full Lecture Transcript,"During the lecture a common mistake was noted when applying the comparison test to the series \(\displaystyle\sum_{n=1}^{\infty}\frac{1}{n^{2}+20n}\). Which inequality was incorrectly used, and what is the correct inequality that justifies convergence of this series?","The incorrect inequality was \(\displaystyle\frac{1}{n^{2}+20n}\le\frac{1}{n}\), which would suggest divergence by comparison with a divergent series. The correct inequality is \(\displaystyle\frac{1}{n^{2}+20n}\le\frac{1}{n^{2}}\), which allows a comparison with the convergent \(p\)-series \(\sum 1/n^{2}\).","**Incorrect inequality that was used**

During the lecture the instructor wrote

\[
\frac{1}{n^{2}+20n}\;\le\;\frac{1}{20n}\;\le\;\frac{1}{n},
\]

and then (mistakenly) concluded that because the right‑hand series \(\sum 1/n\) diverges, the series \(\sum 1/(n^{2}+20n)\) must also diverge.

**Why this is wrong**

The comparison test requires a *larger* series that **converges** to bound a smaller series, or a *smaller* series that **diverges** to bound a larger series.  
Here the chain of inequalities gives a larger divergent series (\(\sum 1/n\)), but that does **not** give any information about the convergence of the smaller series \(\sum 1/(n^{2}+20n)\).

**Correct inequality that justifies convergence**

The proper comparison is

\[
\frac{1}{n^{2}+20n}\;\le\;\frac{1}{n^{2}}\qquad (n\ge 1),
\]

because \(n^{2}+20n \ge n^{2}\) for all \(n\ge 1\).  
Since the \(p\)-series \(\sum_{n=1}^{\infty} 1/n^{2}\) converges (with \(p=2>1\)), the comparison test tells us that

\[
\sum_{n=1}^{\infty}\frac{1}{n^{2}+20n}
\]

also converges."
18100a-lecture-12-multicam_360p_16_9,hypothesis,Full Lecture Transcript,"In the lecture, the series \\(\\displaystyle\\sum_{n=1}^{\\infty}\\frac{1}{n^{2}+20n}\\) was compared to the \(p\)-series \\(\\displaystyle\\sum_{n=1}^{\\infty}\\frac{1}{n^{2}}\\).  Explain in detail why the comparison test guarantees that the first series converges.","The hypothesis requires two non‑negative term series with \(y_{n}\\ge x_{n}\).  Here \(x_{n} = \\frac{1}{n^{2}+20n}\\) and \(y_{n} = \\frac{1}{n^{2}}\) satisfy \(x_{n} \\le y_{n}\) for all \(n\\ge1\).  Since \\(\\sum y_{n}\\) is a known \(p\)-series with \(p=2>1\\), it converges.  By the first part of the comparison test, convergence of the larger series \(\\sum y_{n}\\) implies convergence of the smaller series \\(\\sum x_{n}\\).","**Why the comparison test guarantees that  

\[
\sum_{n=1}^{\infty}\frac{1}{n^{2}+20n}
\]

converges**

---

### 1.  The hypotheses of the comparison test

The comparison test (for series with non‑negative terms) says:

> If \(0\le a_n\le b_n\) for every \(n\) and  
> \(\displaystyle\sum_{n=1}^{\infty} b_n\) converges, then  
> \(\displaystyle\sum_{n=1}^{\infty} a_n\) also converges.

So we need to identify

* a **smaller** series \(a_n\) (our series),
* a **larger** series \(b_n\) that we already know converges,
* and verify the inequality \(a_n\le b_n\) for all \(n\).

---

### 2.  Choosing the comparison series

Take  

\[
a_n=\frac{1}{n^{2}+20n}, \qquad  
b_n=\frac{1}{n^{2}} .
\]

Both sequences are non‑negative for every integer \(n\ge 1\).

---

### 3.  Verifying the inequality

For \(n\ge 1\),

\[
n^{2}+20n \;=\; n^{2}\bigl(1+\tfrac{20}{n}\bigr)\;\ge\; n^{2},
\]

because \(1+\tfrac{20}{n}\ge 1\).  
Taking reciprocals (which reverses the inequality because the numbers are positive) gives

\[
\frac{1}{n^{2}+20n}\;\le\;\frac{1}{n^{2}} .
\]

Thus \(a_n\le b_n\) for every \(n\ge 1\).

---

### 4.  Knowing that the larger series converges

The series  

\[
\sum_{n=1}^{\infty}\frac{1}{n^{2}}
\]

is a \(p\)-series with \(p=2>1\).  
From the lecture we already proved that a \(p\)-series converges iff \(p>1\).  
Hence \(\displaystyle\sum_{n=1}^{\infty}\frac{1}{n^{2}}\) converges.

---

### 5.  Applying the comparison test

All the conditions of the comparison test are satisfied:

* \(0\le a_n\le b_n\) for all \(n\),
* \(\displaystyle\sum b_n\) converges.

Therefore, by the comparison test,

\[
\sum_{n=1}^{\infty}\frac{1}{n^{2}+20n}
\]

must also converge.

---

### 6.  What the test tells us

Because the terms of the first series are **smaller** than the terms of a known convergent series, the partial sums of the first series are bounded above by the partial sums of the convergent series.  
Consequently, the partial sums of the first series form a bounded, monotone increasing sequence, and thus the series converges.

---

**In short:**  
The inequality \(1/(n^{2}+20n)\le 1/n^{2}\) holds for every \(n\ge1\); the right‑hand side is a convergent \(p\)-series (\(p=2\)).  
By the comparison test, the left‑hand side must converge as well."
18100a-lecture-12-multicam_360p_16_9,hypothesis,Full Lecture Transcript,"The lecture mentioned a common mistake involving the inequality \\(\\displaystyle\\frac{1}{n^{2}+20n} \\le \\frac{1}{20n}\\).  Identify what logical error is made when one concludes that, because \\(\\displaystyle\\sum_{n=1}^{\\infty}\\frac{1}{20n}\\) diverges, the given series must also diverge.","The mistake is applying the comparison test in the wrong direction.  The test states: if the *larger* non‑negative series converges, then the *smaller* series converges; and if the *smaller* series diverges, then the *larger* series diverges.  Using the inequality \(\\frac{1}{n^{2}+20n}\\le \\frac{1}{20n}\\) with the known divergent series \\(\\sum \\frac{1}{20n}\\) does not give any conclusion, because the test does not provide information when the diverging series is larger than the series in question.","The mistake is a misuse of the comparison test – the direction of the inequality is flipped.  
The inequality  

\[
\frac{1}{n^{2}+20n}\;\le\;\frac{1}{20n}
\]

shows that the **given series is smaller** than the harmonic series \(\sum 1/(20n)\).  
The comparison test tells us:

* If a **larger** series converges, then a **smaller** one also converges.  
* If a **smaller** series diverges, then a **larger** one also diverges.

But the converse is **not** true: a larger divergent series gives **no information** about a smaller series.  

Thus, concluding that because \(\sum 1/(20n)\) diverges the series \(\sum 1/(n^{2}+20n)\) must also diverge is a logical error: it applies the comparison test in the wrong direction. The correct inference would require a divergent series that is **smaller** than the given one, or a convergent series that is **larger** than it."
18100a-lecture-12-multicam_360p_16_9,hypothesis,Full Lecture Transcript,"State the ratio test as presented in the lecture, and describe exactly what can be inferred when the computed limit \(L\) is equal to 1.","The ratio test considers a series \\(\\sum X_{n}\\) with \(X_{n}\\neq 0\\).  Let \\(L = \\lim_{n\\to\\infty}\\left|\\frac{X_{n+1}}{X_{n}}\\right|\\).  The conclusions are:\n\n• If \\(L<1\\), the series converges absolutely;\n• If \\(L>1\\), the series diverges;\n• If \\(L=1\\), the test provides no information—neither convergence nor divergence can be deduced from it.","**Ratio Test (as stated in the lecture)**  

Let \((x_n)\) be a sequence of non‑zero terms and suppose the limit  

\[
L \;=\; \lim_{n\to\infty}\left|\frac{x_{n+1}}{x_n}\right|
\]

exists. Then  

* If \(L<1\) ⇒ the series \(\displaystyle\sum_{n=1}^{\infty}x_n\) converges absolutely.  
* If \(L>1\) ⇒ the series \(\displaystyle\sum_{n=1}^{\infty}x_n\) diverges.  

**When \(L = 1\)**  

The test gives *no information*.  The value \(L=1\) does not tell us whether the series converges or diverges; both possibilities can occur (e.g., \(\sum 1/n\) diverges, while \(\sum 1/n^2\) converges).  Thus the ratio test is inconclusive when the limit equals one."
18100a-lecture-12-multicam_360p_16_9,hypothesis,Full Lecture Transcript,"Apply the ratio test to the power series \\(\\displaystyle\\sum_{n=0}^{\\infty}\\frac{x^{n}}{n!}\\) and determine for which real numbers \(x\) the series converges absolutely, citing the relevant computations from the lecture.","For the series \\(\\displaystyle\\sum_{n=0}^{\\infty}\\frac{x^{n}}{n!}\\) we compute the ratio:\n\\[\\left|\\frac{X_{n+1}}{X_{n}}\\right| = \\left|\\frac{x^{n+1}}{(n+1)!}\\frac{n!}{x^{n}}\\right| = \\frac{|x|}{n+1}.\\]\nTaking the limit as \(n\\to\\infty\) gives \\(L = \\lim_{n\\to\\infty}\\frac{|x|}{n+1}=0\\).  Since \(0<1\), the ratio test guarantees absolute convergence for every real number \(x\\).","**Answer**

Using the ratio test that was worked out in the lecture, we examine the series  

\[
\sum_{n=0}^{\infty}\frac{x^{n}}{n!}\; .
\]

The ratio test requires the limit  

\[
L=\lim_{n\to\infty}\left|\frac{a_{n+1}}{a_n}\right|
\quad\text{with}\quad a_n=\frac{x^{n}}{n!}.
\]

From the lecture we have

\[
\frac{a_{n+1}}{a_n}
=\frac{x^{\,n+1}/(n+1)!}{x^{\,n}/n!}
=\frac{x}{\,n+1\,},
\]

so

\[
L=\lim_{n\to\infty}\left|\frac{x}{n+1}\right|
=|x|\;\lim_{n\to\infty}\frac{1}{n+1}=0 .
\]

Because \(L=0<1\) for **every real number \(x\)**, the ratio test tells us that the series converges absolutely for all real \(x\).

Thus, the power series  

\[
\sum_{n=0}^{\infty}\frac{x^{n}}{n!}
\]

converges absolutely for every real \(x\)."
18100a-lecture-12-multicam_360p_16_9,hypothesis,Full Lecture Transcript,"According to the lecture, what are the assumptions and conclusion of the alternating series test, and why does this test not guarantee absolute convergence of the series it applies to?","The alternating series test states: let \\(a_{n}\\) be a sequence of positive numbers that decreases monotonically to \(0\\).  Then the alternating series\n\\(\\displaystyle\\sum_{n=1}^{\\infty}(-1)^{\,n}a_{n}\\) converges.  The test does not assert absolute convergence because the series of absolute values \\(\\sum a_{n}\\) might diverge (for example, taking \(a_{n}=1/n\\) yields the conditionally convergent alternating harmonic series).","**Assumptions (as stated in the lecture)**  
- Let \(\{X_n\}_{n=1}^{\infty}\) be a sequence of real numbers.  
- All terms are non‑negative: \(X_n \ge 0\) for every \(n\).  
- The sequence is monotone decreasing (non‑increasing):  
  \[
  X_{n+1}\le X_n \quad\text{for all }n.
  \]
- The terms tend to zero:  
  \[
  \lim_{n\to\infty} X_n = 0 .
  \]

**Conclusion (the alternating‑series theorem)**  
Under these hypotheses the alternating series  
\[
\sum_{n=1}^{\infty} (-1)^{\,n-1} X_n
\]
converges (i.e., its sequence of partial sums has a finite limit).

**Why it does not guarantee absolute convergence**  
The theorem only uses the monotonicity and the fact that the terms go to zero.  
It does **not** require that the series of absolute values  
\[
\sum_{n=1}^{\infty} X_n
\]
converges. In many cases this series diverges (e.g., \(X_n = 1/n\) gives the harmonic series).  
Thus the alternating‑series test ensures *conditional* convergence: the series converges, but the series of absolute values may diverge, so absolute convergence is not guaranteed."
18100a-lecture-12-multicam_360p_16_9,root test,Full Lecture Transcript,"According to the comparison test discussion, if a series $\displaystyle\sum_{n=1}^{\infty} y_n$ of non‑negative terms converges and $0\leq x_n\leq y_n$ for all $n$, what can we conclude about the series $\displaystyle\sum_{n=1}^{\infty} x_n$?",The series $\displaystyle\sum_{n=1}^{\infty}x_n$ converges.,"If \(\displaystyle\sum_{n=1}^{\infty} y_n\) converges and \(0\le x_n\le y_n\) for every \(n\), then the series \(\displaystyle\sum_{n=1}^{\infty} x_n\) also converges."
18100a-lecture-12-multicam_360p_16_9,root test,Full Lecture Transcript,"In the example with $\displaystyle\sum_{n=1}^{\infty}\frac{1}{\,n^{2}+20n\,}$, which inequality correctly justifies convergence by the comparison test and why?","We have $0\le \frac{1}{n^{2}+20n}\le \frac{1}{n^{2}}$ because the denominator $n^{2}+20n$ is larger than $n^{2}$, making each term smaller. Since $\displaystyle\sum 1/n^{2}$ converges, the comparison test gives convergence of $\displaystyle\sum 1/(n^{2}+20n)$.","In the lecture the series  

\[
\sum_{n=1}^{\infty}\frac{1}{n^{2}+20n}
\]

is compared with the \(p\)-series \(\sum 1/n^{2}\).  
The correct inequality that allows the comparison test to be applied is  

\[
\frac{1}{n^{2}+20n}\;\le\;\frac{1}{n^{2}}\qquad\text{for all }n\ge 1 .
\]

**Why this works**

* The denominator \(n^{2}+20n\) is larger than \(n^{2}\) for every \(n\ge 1\) (since \(20n>0\)).  
  Therefore the reciprocal is smaller: \(1/(n^{2}+20n)\le 1/n^{2}\).

* The series \(\sum_{n=1}^{\infty}1/n^{2}\) is a convergent \(p\)-series (\(p=2>1\)).  

* By the comparison test, if a non‑negative series is bounded above term‑by‑term by a convergent series, then it also converges.  
  Hence \(\sum 1/(n^{2}+20n)\) converges.

The alternative inequality \(\frac{1}{n^{2}+20n}\le\frac{1}{20n}\) is true but useless for the test, because \(\sum 1/(20n)=\frac{1}{20}\sum 1/n\) diverges. A comparison with a divergent series gives no information about the convergence of the original series. Thus the inequality with \(1/n^{2}\) is the one that correctly justifies convergence."
18100a-lecture-12-multicam_360p_16_9,root test,Full Lecture Transcript,What does the ratio test conclude if the limit $L=\displaystyle\lim_{n\to\infty}\left|\frac{X_{n+1}}{X_n}\right|$ is strictly less than $1$?,The series $\displaystyle\sum X_n$ converges absolutely.,"If the limit  

\[
L=\lim_{n\to\infty}\left|\frac{X_{n+1}}{X_n}\right|
\]

is strictly less than 1, the ratio test tells us that the series \(\sum X_n\) converges **absolutely**."
18100a-lecture-12-multicam_360p_16_9,root test,Full Lecture Transcript,"For the series $\displaystyle\sum_{n=0}^{\infty}\frac{x^{n}}{n!}$, compute the limit $L=\displaystyle\lim_{n\to\infty}\bigl|X_n\bigr|^{1/n}$ as presented in the lecture, and state the resulting convergence conclusion for all real $x$.","$L=\displaystyle\lim_{n\to\infty}\left|\frac{x^{n}}{n!}\right|^{1/n}= \lim_{n\to\infty}\frac{|x|}{n+1}=0$, which is less than 1. Hence $\displaystyle\sum_{n=0}^{\infty}\frac{x^{n}}{n!}$ converges absolutely for every real number $x$.","**Answer**

For the series  

\[
\sum_{n=0}^{\infty}\frac{x^{n}}{n!}\qquad (x\in\mathbb R)
\]

let  

\[
X_n=\frac{x^{n}}{n!}\; .
\]

The lecture shows that the root test gives  

\[
L=\lim_{n\to\infty}\bigl|X_n\bigr|^{1/n}
   =\lim_{n\to\infty}\frac{|x|^{1/n}}{(n!)^{1/n}}
   =0 .
\]

(Indeed, \(|x|^{1/n}\to1\) and \((n!)^{1/n}\sim n/e\to\infty\), so the ratio tends to \(0\).)

Since \(L=0<1\), the root test tells us that the series converges **absolutely** for every real number \(x\). Thus

\[
\boxed{\displaystyle\sum_{n=0}^{\infty}\frac{x^{n}}{n!}\text{ converges absolutely for all }x\in\mathbb R.}
\]"
18100a-lecture-12-multicam_360p_16_9,root test,Full Lecture Transcript,"According to the alternating series test outlined in the lecture, what are the two hypotheses that must be satisfied by the sequence $(X_n)$ for the series $\displaystyle\sum_{n=1}^{\infty}(-1)^{n}X_n$ to converge?",1) $X_n\ge 0$ for all $n$ and $X_n$ is monotone decreasing.\n2) $\displaystyle\lim_{n\to\infty}X_n=0$.,"According to the alternating‑series test in the lecture, the sequence \((X_n)\) must satisfy  

1. **Monotonicity (and non‑negativity)** – the terms are non‑negative and do not increase:  
   \[
   X_{n+1}\le X_n\quad\text{for all }n\quad(\text{so }X_n\ge0).
   \]

2. **Limit to zero** – the terms tend to zero:  
   \[
   \lim_{n\to\infty}X_n=0.
   \]

If both of these hypotheses hold, then the alternating series \(\displaystyle\sum_{n=1}^{\infty}(-1)^{n}X_n\) converges."
18100a-lecture-13-zoom-subtitled-version-4_360p_16_9,singleton,Full Lecture Transcript,What is the negation of the definition of a cluster point for a set $S$ at a point $x$?,"The negation states: There exists a positive \(\delta\) such that the punctured interval \((x-\delta,\;x+\delta)\setminus\{x\}\) contains no points of \(S\); i.e. \((x-\delta,\;x+\delta)\cap S\setminus\{x\}=\varnothing\).","The definition says  

\[
x\text{ is a cluster point of }S \iff \forall\,\delta>0,\; (x-\delta,\;x+\delta)\cap(S\setminus\{x\})\neq\varnothing .
\]

Hence the **negation** is  

\[
\exists\,\delta>0 \text{ such that } (x-\delta,\;x+\delta)\cap(S\setminus\{x\})=\varnothing .
\]

In words: there is some positive radius \(\delta\) for which the open interval around \(x\) contains no point of \(S\) other than possibly \(x\) itself."
18100a-lecture-13-zoom-subtitled-version-4_360p_16_9,singleton,Full Lecture Transcript,"Why does the set $S=\{0\}$ have no cluster points, according to the lecture?","For any proposed cluster point \(x\) of \(\{0\}\) we can choose \(\delta=|x|/2>0\). Then the interval \((x-\delta,x+\delta)\) does not contain the only element \(0\) of \(S\), so the punctured interval is empty. By the negated definition \(x\) is not a cluster point. Since this holds for every \(x\), \(\{0\}\) has no cluster points.","According to the lecture, a point \(x\) is a **cluster point** of a set \(S\subset\mathbb R\) if and only if

\[
\forall\,\delta>0\quad (x-\delta,\;x+\delta)\cap (S\setminus\{x\})\neq\varnothing .
\]

In other words, every open interval around \(x\) must contain at least one point of \(S\) different from \(x\).

For the set \(S=\{0\}\) we check this condition for every possible \(x\in\mathbb R\).

* **If \(x=0\).**  
  The set \(S\setminus\{x\}\) is empty, because \(S\) contains only the point \(0\).  
  Hence for any \(\delta>0\),

  \[
  (0-\delta,\;0+\delta)\cap (S\setminus\{0\})=(0-\delta,\;0+\delta)\cap\varnothing=\varnothing .
  \]

  The required intersection is empty, so the condition fails. Thus \(0\) is **not** a cluster point.

* **If \(x\neq 0\).**  
  Choose \(\delta=\frac{|x|}{2}>0\).  
  Then the interval \((x-\delta,\;x+\delta)\) lies entirely on one side of \(0\) and does not contain the point \(0\).  
  Consequently,

  \[
  (x-\delta,\;x+\delta)\cap S=\varnothing ,
  \]

  so again the condition fails. Therefore no \(x\neq 0\) can be a cluster point either.

Since no point of \(\mathbb R\) satisfies the cluster‑point condition for \(S=\{0\}\), the lecture concludes that **the set \(\{0\}\) has no cluster points**."
18100a-lecture-13-zoom-subtitled-version-4_360p_16_9,singleton,Full Lecture Transcript,"How does the definition of the limit of a function differ from the definition of a cluster point, as explained in the lecture?","A cluster point concerns only the set \(S\) itself: points of \(S\) lie arbitrarily close to the cluster point. A limit of a function \(f:S\to\mathbb R\) at a cluster point \(c\) says that for every \(\epsilon>0\) there exists \(\delta>0\) such that whenever \(x\in S\) satisfies \(0<|x-c|<\delta\), we have \(|f(x)-L|<\epsilon\). Thus the limit concerns the behaviour of the function values near \(c\), not just the proximity of points of \(S\).","In the lecture the two notions are introduced in parallel, but they refer to different things:

| Feature | Cluster point (of a set S) | Limit of a function f at a point c |
|---------|---------------------------|-----------------------------------|
| **What is being described?** | The *set* S itself – a point c that is “approached” by other points of S. | The *values* of a function f defined on S – how f(x) behaves when x gets close to c. |
| **Formal condition** | For every ε > 0 there exists an x∈S with 0 < |x‑c| < ε (equivalently, there is a sequence of points of S\{c} converging to c). | For every ε > 0 there exists a δ > 0 such that for all x∈S with 0 < |x‑c| < δ, we have |f(x)‑L| < ε. |
| **What is required of f?** | None – it is a property of the set S alone. | f must be defined on S (but not necessarily at c). |
| **Purpose** | To identify points that are “limit points” of S, i.e., points that can be approached by other points of S. | To assign a unique number L that f(x) approaches as x approaches c. |

Thus, the cluster‑point definition concerns only the proximity of points of the domain set S to c, while the limit definition adds the extra requirement that the function values f(x) get arbitrarily close to a specific real number L as x gets arbitrarily close to c."
18100a-lecture-13-zoom-subtitled-version-4_360p_16_9,singleton,Full Lecture Transcript,"In the example where $S=(0,1)$, which points are cluster points of $S$?","All points in the closed interval \([0,1]\) are cluster points of \(S=(0,1)\). Every point \(x\in[0,1]\) has points of \((0,1)\) arbitrarily close to it, while points outside \([0,1]\) do not.","In the example where  

\[
S=(0,1),
\]

every point of the closed interval \([0,1]\) is a cluster point of \(S\).  
That is, the set of cluster points of \(S\) is

\[
\{\,x\in\mathbb{R}\mid 0\le x\le 1\,\}=[0,1].
\]"
18100a-lecture-13-zoom-subtitled-version-4_360p_16_9,singleton,Full Lecture Transcript,Why is it necessary that $c$ be a cluster point of $S$ when defining \(\displaystyle \lim_{x\to c}f(x)=L\)?,"If \(c\) were not a cluster point, any \(\delta\)-neighbourhood of \(c\) would contain no points of \(S\), so the quantifier ""for all \(x\in S\) with \(0<|x-c|<\delta\)"" would be vacuous. This would allow any real number to satisfy the \(\epsilon\)-\(\delta\) condition, rendering the limit non‑unique or meaningless.","In the definition of a limit we want to say that **the values of the function near the point \(c\) (but not at \(c\) itself) get arbitrarily close to a single number \(L\)**.  
For this statement to make sense we must be able to talk about “points of the domain that are close to \(c\)”.  
That is exactly what a *cluster point* guarantees:

* \(c\) is a cluster point of \(S\) iff every neighbourhood of \(c\) contains points of \(S\) other than \(c\) itself.  
  Equivalently, there exists a sequence \((x_n)\subset S\setminus\{c\}\) with \(x_n\to c\).

If \(c\) were **not** a cluster point, then there would be a neighbourhood of \(c\) that contains no points of \(S\) other than possibly \(c\) itself.  
In that case the condition

\[
\forall\,\varepsilon>0\;\exists\,\delta>0\;\bigl(0<|x-c|<\delta \;\Rightarrow\; |f(x)-L|<\varepsilon\bigr)
\]

would be vacuously true for *any* \(L\), because the antecedent \(0<|x-c|<\delta\) can never be satisfied by a point of \(S\).  
Consequently the limit would not be unique (any real number would satisfy the definition), and the notion would lose its meaning.

Thus requiring \(c\) to be a cluster point of \(S\) ensures that:

1. There are points of the domain arbitrarily close to \(c\) (so the \(\varepsilon\)–\(\delta\) condition is non‑trivial).
2. The limit, if it exists, is determined solely by the behaviour of \(f\) near \(c\) and is unique.

That is why the definition of \(\displaystyle \lim_{x\to c}f(x)=L\) includes the hypothesis that \(c\) is a cluster point of \(S\)."
18100a-lecture-13-zoom-subtitled-version-4_360p_16_9,"cluster points of 0, 1",Full Lecture Transcript,"In the lecture, how do we define a cluster point of a set \(S\subseteq\mathbb{R}\)? Please also give the equivalent statement that involves an inequality with \(\delta>0\).","A point \(X\in\mathbb{R}\) is a cluster point of a set \(S\) if for every \(\delta>0\), the punctured interval \((X-\delta, X+\delta)\cap S\setminus\{X\}\) is non‑empty.  Equivalently, for every \(\delta>0\) there exists \(y\in S\) such that \(0<|X-y|<\delta\).","**Definition (from the lecture).**  
Let \(S\subseteq\mathbb{R}\) and let \(x\in\mathbb{R}\).  
We say that **\(x\) is a cluster point of \(S\)** if

\[
\forall\,\delta>0\quad\bigl((x-\delta,\;x+\delta)\cap S\setminus\{x\}\bigr)\neq\varnothing .
\]

In words: every open interval around \(x\) contains at least one point of \(S\) different from \(x\).

**Equivalent inequality form.**  
The same condition can be written as

\[
\forall\,\delta>0\;\exists\,y\in S\setminus\{x\}\quad\text{such that}\quad |x-y|<\delta .
\]

That is, for every positive radius \(\delta\) there is a point \(y\) of \(S\) (different from \(x\)) whose distance from \(x\) is less than \(\delta\)."
18100a-lecture-13-zoom-subtitled-version-4_360p_16_9,"cluster points of 0, 1",Full Lecture Transcript,"Consider the set \(S=\{\,1/n : n\in\mathbb{N}\,\}\). According to the discussion, which real number is a cluster point of this set?",The cluster point of the set \(S=\{1/n:n\in\mathbb{N}\}\) is \(0\).,The set \(S=\{1/n : n\in\mathbb{N}\}\) has the real number **0** as a cluster point.
18100a-lecture-13-zoom-subtitled-version-4_360p_16_9,"cluster points of 0, 1",Full Lecture Transcript,"For the interval \(S=(0,1)\), what is the set of all cluster points of \(S\) as described in the lecture?","The set of all cluster points of \(S=(0,1)\) is the closed interval \([0,1]\).","The cluster points of the open interval \(S=(0,1)\) are every point in the closed interval \([0,1]\).  In other words, the set of all cluster points of \(S\) is \([0,1]\)."
18100a-lecture-13-zoom-subtitled-version-4_360p_16_9,"cluster points of 0, 1",Full Lecture Transcript,The lecture mentioned that a function may have a limit at a cluster point even if the function is not defined there. Provide the example function discussed and state its limit as the variable approaches the cluster point.,"The example is the function \(f(x)=\begin{cases}1,&x=0\\[4pt]2,&x\neq 0~\end{cases}\).  Its limit as \(x\to0\) is \(2\).","The lecture used the function  

\[
f(x)=
\begin{cases}
1, & x=0,\\[4pt]
2, & x\neq 0,
\end{cases}
\]

where the cluster point in question is \(c=0\).  
Even though the function takes the value \(1\) at \(x=0\) (or could even be left undefined there), the limit of \(f(x)\) as \(x\) approaches \(0\) exists and is

\[
\boxed{\displaystyle \lim_{x\to 0} f(x)=2 }.
\]"
18100a-lecture-13-zoom-subtitled-version-4_360p_16_9,"cluster points of 0, 1",Full Lecture Transcript,"State the theorem that connects limits of functions at a cluster point with limits of sequences approaching that point, and explain why this theorem is useful according to the lecture.","The theorem states: Let \(S\subseteq\mathbb{R}\) and \(c\) a cluster point of \(S\). Then \(\displaystyle\lim_{x\to c}f(x)=L\) if and only if for every sequence \((x_n)\subseteq S\setminus\{c\}\) with \(x_n\to c\), we have \(f(x_n)\to L\).  This theorem is useful because it allows one to verify or refute the existence of a function limit by examining the behaviour of the function along all sequences approaching the cluster point.","**Theorem (sequential characterization of a function limit)**  
Let \(S\subset\mathbb{R}\) and let \(c\) be a cluster point of \(S\).  
Let \(f:S\to\mathbb{R}\).  
Then

\[
\lim_{x\to c}f(x)=L
\]

if and only if for **every** sequence \((x_n)\) of points of \(S\setminus\{c\}\) that converges to \(c\) we have

\[
f(x_n)\longrightarrow L .
\]

In other words, a function has a limit \(L\) at a cluster point \(c\) precisely when all sequences of points of the domain that approach \(c\) produce function values that approach \(L\).

---

**Why the theorem is useful (according to the lecture)**  

* **Reduces the problem to sequences.**  To decide whether a function has a limit at \(c\), we only need to examine the behaviour of the function along sequences that approach \(c\).  
* **Transfers sequence results to functions.**  Once we know that the limit of a function can be checked via sequences, every theorem we have for limits of sequences (e.g., limits of sums, products, the squeeze theorem, uniqueness of limits, etc.) immediately gives an analogous theorem for limits of functions.  
* **Ensures uniqueness.**  The theorem underpins the proof that a function can have at most one limit at a cluster point, because if two different limits existed, we could construct a sequence that would force the function values to converge to both, which is impossible.  

Thus, the sequential characterization provides a powerful bridge between the familiar world of sequence limits and the more general setting of function limits, allowing us to apply all the tools we have for sequences to study functions."
18100a-lecture-13-zoom-subtitled-version-4_360p_16_9,absolute value,Full Lecture Transcript,"In the lecture, which point in \(\mathbb{R}\) is described as a cluster point of the set \(S=\{1/n : n\in\mathbb{N}\}\)?",The point \(0\) is the unique cluster point of the set \(S=\{1/n : n\in\mathbb{N}\}\).,The lecture identifies **\(0\)** as the cluster point of the set \(S=\{1/n : n\in\mathbb{N}\}\).
18100a-lecture-13-zoom-subtitled-version-4_360p_16_9,absolute value,Full Lecture Transcript,"According to the discussion on cluster points, which set consists precisely of all cluster points of the set of rational numbers \(\mathbb{Q}\)?",The set of all cluster points of \(\mathbb{Q}\) is the entire real line \(\mathbb{R}\).,"The cluster points of the set of rational numbers \(\mathbb{Q}\) are **every real number**. In other words, the set of all cluster points of \(\mathbb{Q}\) is \(\mathbb{R}\)."
18100a-lecture-13-zoom-subtitled-version-4_360p_16_9,absolute value,Full Lecture Transcript,What does the lecture assert about the uniqueness of limits of a function \(f\) at a cluster point \(c\) of its domain \(S\)? State the precise condition under which two purported limits must coincide.,"If \(c\) is a cluster point of \(S\) and \(f:S\to\mathbb{R}\) has two limits \(L_{1}\) and \(L_{2}\) as \(x\to c\), then \(L_{1}=L_{2}\).","The lecture states that **a function can have at most one limit at a cluster point of its domain**.  
Formally, let  

* \(S\subset\mathbb R\) and \(c\) be a cluster point of \(S\);  
* \(f:S\to\mathbb R\).

If there exist two real numbers \(L_{1}\) and \(L_{2}\) such that  

\[
\forall\,\varepsilon>0\;\exists\,\delta_{1}>0\;\text{with}\;
0<|x-c|<\delta_{1}\;\Rightarrow\;|f(x)-L_{1}|<\varepsilon,
\]

and  

\[
\forall\,\varepsilon>0\;\exists\,\delta_{2}>0\;\text{with}\;
0<|x-c|<\delta_{2}\;\Rightarrow\;|f(x)-L_{2}|<\varepsilon,
\]

for all \(x\in S\), then necessarily  

\[
L_{1}=L_{2}.
\]

In other words, if \(f(x)\) converges to \(L_{1}\) as \(x\to c\) and also converges to \(L_{2}\) as \(x\to c\) (with \(c\) a cluster point of the domain), the two limits must coincide."
18100a-lecture-13-zoom-subtitled-version-4_360p_16_9,absolute value,Full Lecture Transcript,Provide the example given in the lecture that illustrates a function whose limit at a point \(c\) is not equal to the function’s value at \(c\). What is the function and what are the relevant values?,"The function\n\[
      f(x)=
      \begin{cases}
          1 & \text{if }x=0,\\[4pt]
          2 & \text{if }x\neq0,
      \end{cases}
    \]\nhas \(\lim_{x\to0}f(x)=2\) while \(f(0)=1\).","**Example from the lecture**

- **Function**  
  \[
  f(x)=
  \begin{cases}
  1 & \text{if } x=0,\\[4pt]
  2 & \text{if } x\neq 0 .
  \end{cases}
  \]

- **Point of interest**  
  \(c = 0\).

- **Values**  
  - The function value at the point: \(f(0)=1\).  
  - The limit as \(x\) approaches the point: \(\displaystyle \lim_{x\to 0} f(x)=2\).

Thus, the limit at \(c\) (which is 2) is **not** equal to the function’s value at \(c\) (which is 1)."
18100a-lecture-13-zoom-subtitled-version-4_360p_16_9,absolute value,Full Lecture Transcript,Rephrase the theorem presented in the lecture that connects limits of functions with limits of sequences. What are the two equivalent statements about \(f\) and sequences \((x_n)\) approaching a cluster point \(c\)?,"The function \(f\) has a limit \(L\) as \(x\to c\) (with \(c\) a cluster point of \(S\)) if and only if for every sequence \((x_n)\) in \(S\setminus\{c\}\) that converges to \(c\), one has \(f(x_n)\to L\).","**Rephrased theorem**

Let \(S\subseteq\mathbb{R}\), let \(c\) be a cluster point of \(S\), and let \(f:S\to\mathbb{R}\).  
Then the following two statements are equivalent:

1. **Limit of the function**  
   \[
   \lim_{x\to c}f(x)=L .
   \]

2. **Sequential criterion**  
   For **every** sequence \((x_n)\) of points of \(S\setminus\{c\}\) that converges to \(c\) (i.e. \(x_n\to c\)), the sequence of function values \(\bigl(f(x_n)\bigr)\) converges to the same number \(L\) (i.e. \(f(x_n)\to L\)).

In words: a function has limit \(L\) at a cluster point \(c\) if and only if, whenever you pick any sequence of points from the domain that approaches \(c\) (but never equals \(c\)), the corresponding sequence of function values approaches \(L\)."
18100a-lecture-13-zoom-subtitled-version-4_360p_16_9,limit,Full Lecture Transcript,"In the lecture, how is a cluster point $c$ of a subset $S\subset\mathbb{R}$ defined?  State both the interval‑based version and the $\varepsilon$‑based version of the definition.","A point $c\in\mathbb{R}$ is a cluster point of $S$ if:\\n* For every $\delta>0$, \((c-\delta,c+\delta)\cap S\setminus\{c\}\neq\varnothing\).\\n* Equivalently, for every $\delta>0$ there exists $y\in S$ with $0<|y-c|<\delta$.","**Interval‑based definition**  
Let \(S\subset\mathbb{R}\).  
A point \(c\in\mathbb{R}\) is a **cluster point of \(S\)** iff  

\[
\forall\,\delta>0:\quad (c-\delta,\;c+\delta)\;\cap\;(S\setminus\{c\})\neq\varnothing .
\]

In words: every open interval around \(c\) contains at least one point of \(S\) different from \(c\).

---

**\(\varepsilon\)-based (distance) definition**  
Equivalently, \(c\) is a cluster point of \(S\) iff  

\[
\forall\,\varepsilon>0:\quad \exists\,y\in S\;\text{such that}\;0<|y-c|<\varepsilon .
\]

That is, for every positive distance \(\varepsilon\) there is a point of \(S\) (different from \(c\)) within that distance of \(c\)."
18100a-lecture-13-zoom-subtitled-version-4_360p_16_9,limit,Full Lecture Transcript,"When showing that $0$ is a cluster point of the set $S=\{1/n:n\in\mathbb{N}\}$, what is the crucial step that uses the Archimedean property?  Briefly describe the argument.","Given $\delta>0$, choose $n$ large enough so that $1/n<\delta$ (possible by the Archimedean property).  Then $1/n\in (c-\delta,c+\delta)\cap S$.  This shows that every neighbourhood of $0$ contains a point of $S$ other than $0$ itself.","The key point is to show that for **every** positive radius \( \delta \) we can find a point of \(S\) inside the interval \((0-\delta,0+\delta)\) other than \(0\) itself.  
The Archimedean property guarantees that for any \( \delta>0 \) there is a natural number \(n\) with  

\[
\frac{1}{n}<\delta .
\]

Choosing such an \(n\) gives \(1/n\in S\) and \(0<|1/n-0|<\delta\).  
Thus \(1/n\) lies in \((0-\delta,0+\delta)\cap S\setminus\{0\}\), proving that \(0\) is a cluster point of \(S\). The step “pick \(n\) so that \(1/n<\delta\)” is the crucial use of the Archimedean property."
18100a-lecture-13-zoom-subtitled-version-4_360p_16_9,limit,Full Lecture Transcript,"Why does requiring that the point $c$ be a cluster point of $S$ guarantee that if a function $f:S\to\mathbb{R}$ has a limit at $c$, this limit is unique?  Outline the proof presented in the lecture.","If $f$ had two different limits $L_1$ and $L_2$ at $c$, the definition of limit would give, for any $\varepsilon>0$, a $\delta>0$ such that $|f(x)-L_1|<\varepsilon$ and $|f(x)-L_2|<\varepsilon$ whenever $0<|x-c|<\delta$ and $x\in S$.  Using the cluster‑point property, choose such an $x$; then the triangle inequality yields $|L_1-L_2|\le 2\varepsilon$ for all $\varepsilon$, forcing $L_1=L_2$.  Thus the limit is unique.","**Why the cluster‑point hypothesis gives uniqueness**

If \(c\) is a cluster point of the domain \(S\subset\mathbb{R}\), then for every
\(\delta>0\) there is at least one point of \(S\) (different from \(c\))
lying inside the open interval \((c-\delta,c+\delta)\).
This guarantees that the “\(\varepsilon\)–\(\delta\)” condition in the definition
of a limit can actually be tested on some point of \(S\) that is
arbitrarily close to \(c\).  
If \(c\) were **not** a cluster point, the set \(S\) would contain no points
other than possibly \(c\) itself in any neighbourhood of \(c\); the
definition of a limit would then be vacuous, and a function could
converge to any two different numbers at the same point.

---

### Outline of the proof of uniqueness (as given in the lecture)

Let  

* \(S\subset\mathbb{R}\) and \(c\) be a cluster point of \(S\);
* \(f:S\to\mathbb{R}\);
* \(L_{1}\) and \(L_{2}\) be two numbers such that  

  \[
  \lim_{x\to c}f(x)=L_{1}\quad\text{and}\quad
  \lim_{x\to c}f(x)=L_{2}.
  \]

We must show \(L_{1}=L_{2}\).

1. **Take an arbitrary \(\varepsilon>0\).**  
   Because \(f(x)\to L_{1}\) as \(x\to c\), there exists \(\delta_{1}>0\) such that  

   \[
   0<|x-c|<\delta_{1}\;\Longrightarrow\;|f(x)-L_{1}|<\varepsilon/2 .
   \]

   Similarly, from \(f(x)\to L_{2}\) there exists \(\delta_{2}>0\) with  

   \[
   0<|x-c|<\delta_{2}\;\Longrightarrow\;|f(x)-L_{2}|<\varepsilon/2 .
   \]

2. **Choose \(\delta=\min\{\delta_{1},\delta_{2}\}\).**  
   Since \(c\) is a cluster point of \(S\), there is some \(x\in S\) with  

   \[
   0<|x-c|<\delta .
   \]

3. **Apply the triangle inequality.**  
   For this \(x\),

   \[
   |L_{1}-L_{2}|
   \le |L_{1}-f(x)|+|f(x)-L_{2}|
   < \varepsilon/2+\varepsilon/2=\varepsilon .
   \]

4. **Conclude.**  
   The inequality \(|L_{1}-L_{2}|<\varepsilon\) holds for every
   \(\varepsilon>0\); hence \(|L_{1}-L_{2}|=0\), i.e. \(L_{1}=L_{2}\).

Thus the limit of a function at a cluster point is unique. The key step
is step 2, where the cluster‑point property guarantees the existence of
an \(x\) close enough to \(c\) to make the \(\varepsilon\)–\(\delta\) argument
work. Without that property the argument would fail, and uniqueness
could not be established."
18100a-lecture-13-zoom-subtitled-version-4_360p_16_9,limit,Full Lecture Transcript,State the theorem that connects limits of functions to limits of sequences.  How does this theorem allow us to check the existence of a limit by using sequences?,"The theorem states: *Let $S\subset\mathbb{R}$ and $c$ be a cluster point of $S$.  Let $f:S\to\mathbb{R}$.  Then $\displaystyle\lim_{x\to c}f(x)=L$ if and only if for every sequence $(x_n)\subset S\setminus\{c\}$ with $x_n\to c$, the sequence $(f(x_n))$ converges to $L$.*  This reduces checking a limit to verifying the behaviour on all sequences approaching $c$.","**Theorem (Sequential characterization of a function limit).**  
Let \(S\subseteq\mathbb{R}\) and let \(c\) be a cluster point of \(S\).  
Let \(f:S\to\mathbb{R}\).  
Then

\[
\lim_{x\to c}f(x)=L
\]

if and only if for **every** sequence \((x_n)\) of points of \(S\setminus\{c\}\) that converges to \(c\) we have

\[
\lim_{n\to\infty}f(x_n)=L .
\]

---

### How the theorem lets us check the existence of a limit

1. **Necessity** – If the limit of \(f\) at \(c\) exists and equals \(L\), then by the theorem every sequence approaching \(c\) must send the function values to \(L\).  
2. **Sufficiency** – Conversely, if we can show that *any* sequence \((x_n)\) in \(S\setminus\{c\}\) with \(x_n\to c\) satisfies \(f(x_n)\to L\), then the theorem guarantees that the limit of \(f\) at \(c\) exists and equals \(L\).

Thus, to verify that \(\lim_{x\to c}f(x)=L\) we only need to examine the behavior of \(f\) along all sequences that approach \(c\). If all such sequences produce the same limit \(L\), the function limit exists and equals \(L\); if any sequence gives a different limit, the function limit does not exist. This reduces the problem of checking a function limit to a problem about sequences, which is often easier to handle."
18100a-lecture-13-zoom-subtitled-version-4_360p_16_9,limit,Full Lecture Transcript,"For the function defined by $f(x)=1$ if $x=0$ and $f(x)=2$ if $x\neq0$, what is $\displaystyle\lim_{x\to0}f(x)$ and why does it differ from $f(0)$?","$\displaystyle\lim_{x\to0}f(x)=2$.  For any $x\neq0$, $f(x)=2$, so nearby values of $x$ (but not equal to $0$) are constantly $2$.  Hence within any $\delta$‑neighbourhood of $0$, apart from $x=0$, $f$ takes the value $2$, making the limit $2$.  This limit differs from $f(0)=1$ because the definition of limit considers only values of $x$ other than $c$.","For the function  

\[
f(x)=
\begin{cases}
1 & \text{if }x=0,\\[4pt]
2 & \text{if }x\neq 0,
\end{cases}
\]

the limit as \(x\) approaches \(0\) is  

\[
\boxed{\displaystyle\lim_{x\to 0}f(x)=2}.
\]

**Why it is not \(f(0)\).**  
The definition of a limit only looks at the values of the function *near* the point of interest, not at the value the function actually takes at that point.  
- For every \(x\neq 0\) that is sufficiently close to \(0\), we have \(f(x)=2\).  
- Hence, given any \(\varepsilon>0\), we can choose any \(\delta>0\); if \(0<|x-0|<\delta\) then \(|f(x)-2|=|2-2|=0<\varepsilon\).  
- This shows that the function approaches \(2\) as \(x\) approaches \(0\).

However, \(f(0)=1\). The limit does **not** depend on the value at the point itself; it depends only on the values arbitrarily close to the point. Therefore the limit \(2\) differs from the actual function value \(f(0)=1\)."
18100a-lecture-13-zoom-subtitled-version-4_360p_16_9,number line,Full Lecture Transcript,"Which real number is a cluster point of the set \(S=\{\,1/n : n\in\mathbb{N}\,\}\)?  Briefly justify your answer using the definition of cluster point given in the lecture.","The number \(0\) is a cluster point of \(S\).  For every \(\delta>0\) there exists \(n\) large enough so that \(1/n<\delta\); thus the interval \((0-\delta,\,0+\delta)\) contains points of \(S\) other than \(0\), satisfying the definition of cluster point.","**Answer:**  
The only cluster point of  
\[
S=\Bigl\{\frac1n : n\in\mathbb N\Bigr\}
\]
is \(0\).

**Justification (using the lecture definition).**  
A real number \(c\) is a cluster point of \(S\) iff for every \(\delta>0\) the punctured interval  
\[
(c-\delta,\;c+\delta)\cap S\setminus\{c\}
\]
is non‑empty.

* For \(c=0\):  
  Given any \(\delta>0\), choose \(n\) large enough that \(\frac1n<\delta\) (possible by the Archimedean property). Then \(\frac1n\in(0-\delta,0+\delta)\cap S\), and \(\frac1n\neq0\). Hence the punctured interval is non‑empty, so \(0\) is a cluster point.

* For any \(c>0\) that belongs to \(S\) (say \(c=\frac1k\)):  
  The distance to the nearest other point of \(S\) is \(\min\{\frac1{k-1}-\frac1k,\;\frac1k-\frac1{k+1}\}\).  
  Pick \(\delta\) smaller than half that distance. Then the punctured interval \((c-\delta,c+\delta)\cap S\setminus\{c\}\) is empty. Thus \(c\) is **not** a cluster point.

* No \(c<0\) can be a cluster point because all points of \(S\) are positive, so for \(\delta<|c|\) the interval \((c-\delta,c+\delta)\) contains no points of \(S\).

Therefore, the sole cluster point of \(S\) is \(0\)."
18100a-lecture-13-zoom-subtitled-version-4_360p_16_9,number line,Full Lecture Transcript,"Why is the point \(x=1\) **not** a cluster point of the set \(S=\{\,1/n : n\in\mathbb{N}\,\}\)?  Explain in terms of the epsilon–delta definition of cluster points.","The point \(1\) is not a cluster point because if we take any \(\delta>0\), the interval \((1-\delta,\,1+\delta)\) contains at most the single point \(1\) from \(S\).  Hence there is no point of \(S\setminus\{1\}\) inside every such interval, violating the definition.","**Answer**

A point \(x\) is a cluster point of a set \(S\subset\mathbb{R}\) iff  

\[
\forall\,\varepsilon>0\quad\bigl((x-\varepsilon,\;x+\varepsilon)\cap S\setminus\{x\}\bigr)\neq\varnothing .
\]

In words: every open interval around \(x\) must contain at least one point of \(S\) different from \(x\).

---

### Apply this to \(S=\{1/n:n\in\mathbb{N}\}\) and \(x=1\).

The set \(S\) contains the points  

\[
1,\;\frac12,\;\frac13,\;\frac14,\;\dots
\]

The only point of \(S\) that equals \(x\) is \(1\) itself.  
The next‑closest point of \(S\) to \(1\) is \(\frac12\).

Choose any \(\varepsilon\) that is **smaller than** the distance from \(1\) to \(\frac12\); for instance

\[
\varepsilon=\frac14 .
\]

Then the open interval

\[
(1-\varepsilon,\;1+\varepsilon)=\left(\frac34,\;\frac54\right)
\]

contains the point \(1\) but **no other point of \(S\)**, because the next point \(\frac12\) lies outside this interval. Hence

\[
\bigl((1-\varepsilon,\;1+\varepsilon)\cap S\setminus\{1\}\bigr)=\varnothing .
\]

Since we have found an \(\varepsilon>0\) for which the required intersection is empty, the condition for being a cluster point fails. Therefore \(x=1\) is **not** a cluster point of \(S\).

---

**Intuitive picture:**  
Near \(1\) the set \(S\) has only the single point \(1\); there are no other points of \(S\) arbitrarily close to \(1\). A cluster point would require infinitely many points of \(S\) accumulating at that point, which does not happen here."
18100a-lecture-13-zoom-subtitled-version-4_360p_16_9,number line,Full Lecture Transcript,"State the equivalence between limits of a function at a cluster point and limits of sequences approaching that point, as discussed in the lecture.  Write both directions of the equivalence.","The equivalence states: Let \(S\subseteq\mathbb{R}\), \(c\) a cluster point of \(S\), and \(f:S\to\mathbb{R}\).  
        1. \( \displaystyle \lim_{x\to c}f(x)=L \) if and only if  
        2. For every sequence \((x_n)\) with \(x_n\in S\setminus\{c\}\) and \(x_n\to c\), one has \(f(x_n)\to L\).","**Equivalence (Theorem from the lecture)**  

Let \(S\subseteq\mathbb{R}\), let \(c\) be a cluster point of \(S\), and let  
\(f:S\to\mathbb{R}\).  Then

\[
\boxed{\displaystyle \lim_{x\to c}f(x)=L}
\]

holds **iff**

\[
\boxed{\displaystyle \text{for every sequence }(x_n)\subseteq S\setminus\{c\}
\text{ with }x_n\to c,\;\; f(x_n)\to L.}
\]

---

### Two directions

1. **(Limit of the function ⇒ limit of every sequence)**  
   Assume \(\displaystyle \lim_{x\to c}f(x)=L\).  
   Let \((x_n)\subseteq S\setminus\{c\}\) be any sequence with \(x_n\to c\).  
   By the definition of the limit of a function, for every \(\varepsilon>0\) there
   exists \(\delta>0\) such that  
   \[
   0<|x-c|<\delta \;\Longrightarrow\; |f(x)-L|<\varepsilon .
   \]
   Since \(x_n\to c\), there is \(N\) such that \(n\ge N\) implies
   \(|x_n-c|<\delta\).  Hence for \(n\ge N\),
   \(|f(x_n)-L|<\varepsilon\), proving \(f(x_n)\to L\).

2. **(Limit of every sequence ⇒ limit of the function)**  
   Assume that for every sequence \((x_n)\subseteq S\setminus\{c\}\) with
   \(x_n\to c\) we have \(f(x_n)\to L\).  
   Suppose, to the contrary, that \(\lim_{x\to c}f(x)\neq L\).  
   Then there exists \(\varepsilon_0>0\) such that for every \(\delta>0\) we can
   find \(x\in S\setminus\{c\}\) with \(|x-c|<\delta\) but
   \(|f(x)-L|\ge\varepsilon_0\).  
   Choosing \(\delta=1/n\) and picking such an \(x_n\) for each \(n\) gives a
   sequence \((x_n)\) converging to \(c\) but with \(|f(x_n)-L|\ge\varepsilon_0\)
   for all \(n\), contradicting the hypothesis that every such sequence
   converges to \(L\).  
   Therefore \(\lim_{x\to c}f(x)=L\).

Thus the two statements are equivalent: a function has limit \(L\) at a
cluster point \(c\) exactly when every sequence in the domain that
approaches \(c\) (but never equals \(c\)) has its image converge to \(L\)."
18100a-lecture-13-zoom-subtitled-version-4_360p_16_9,number line,Full Lecture Transcript,The lecture presented the function \(f(x)=1\) if \(x=0\) and \(f(x)=2\) if \(x\neq 0\).  Why does this example illustrate that a limit can exist even though the function value at the point is different from the limit?  Summarize the intuition given.,"Because the limit concerns the behaviour of \(f\) arbitrarily close to \(c\), not the value at \(c\).  For every \(x\neq 0\) near \(0\), \(f(x)=2\); thus as \(x\) approaches \(0\), the values of \(f(x)\) stay at \(2\) and converge to \(2\).  The value \(f(0)=1\) does not affect the limit.","Because the limit only “sees” what the function does **near** the point, not at the point itself.  
In the lecture the function  

\[
f(x)=\begin{cases}
1,&x=0,\\[2pt]
2,&x\neq 0
\end{cases}
\]

was used to show that as \(x\) approaches \(0\) the values of \(f(x)\) are always \(2\) (for every \(x\neq0\) in a punctured neighbourhood of \(0\)).  
Thus, for any \(\varepsilon>0\) we can pick any \(\delta>0\); whenever \(0<|x-0|<\delta\) we have \(|f(x)-2|=|2-2|=0<\varepsilon\).  
So \(\lim_{x\to0}f(x)=2\).

However, the function is defined to be \(1\) exactly at \(x=0\).  
The limit does **not** depend on the value at the point, only on the values arbitrarily close to it.  
Hence this example illustrates that a limit can exist and equal a number that is different from the function’s value at that point."
18100a-lecture-13-zoom-subtitled-version-4_360p_16_9,number line,Full Lecture Transcript,"In the proof that limits of functions are unique, what essential role does the assumption that the point \(c\) is a cluster point of the domain set play?  Provide a concise explanation.",The cluster‑point hypothesis guarantees that there are domain points arbitrarily close to \(c\) but not equal to \(c\).  In proving uniqueness we need such points to apply the \(\varepsilon\)-\(\delta\) condition for two purported limits \(L_1\) and \(L_2\); without them the argument could not produce a contradiction.,"In the uniqueness proof we need to compare the two candidate limits \(L_{1}\) and \(L_{2}\).  
The argument picks a point \(x\) of the domain that lies within a prescribed distance \(\delta\) of \(c\) (so that \(|x-c|<\delta\) and \(x\neq c\)).  
The assumption that \(c\) is a **cluster point of the domain set \(S\)** guarantees exactly this: for every \(\delta>0\) there exists an \(x\in S\) with \(0<|x-c|<\delta\).  

Without the cluster‑point hypothesis we could have no such \(x\); the definition of a limit would then be vacuous and the argument that forces \(|L_{1}-L_{2}|<\varepsilon\) for all \(\varepsilon>0\) would fail. Thus the cluster‑point assumption is essential to make the limit definition meaningful and to establish uniqueness."
18100a-lecture-13-zoom-subtitled-version-4_360p_16_9,L2 space,Full Lecture Transcript,"How is a cluster point of a subset \(S\subset\mathbb{R}\) defined, and what is an equivalent characterization involving \(\varepsilon\)-neighbourhoods?","A point \(c\in\mathbb{R}\) is a cluster point of \(S\) if for every \(\delta>0\) the punctured interval \((c-\delta,c+\delta)\) contains at least one point of \(S\) different from \(c\). Equivalently, for every \(\delta>0\) there exists \(x\in S\) with \(0<|x-c|<\delta\).","A point \(x\in\mathbb{R}\) is called a **cluster point** (or accumulation point) of a set \(S\subset\mathbb{R}\) when every neighbourhood of \(x\) contains points of \(S\) other than \(x\) itself.  In symbols

\[
x\text{ is a cluster point of }S
\quad\Longleftrightarrow\quad
\forall\,\delta>0:\;(x-\delta,\;x+\delta)\cap\bigl(S\setminus\{x\}\bigr)\neq\varnothing .
\]

An equivalent way to state this, using \(\varepsilon\)-neighbourhoods, is:

\[
x\text{ is a cluster point of }S
\quad\Longleftrightarrow\quad
\forall\,\varepsilon>0\;\exists\,y\in S\text{ such that }0<|y-x|<\varepsilon .
\]

Both formulations capture the idea that points of \(S\) can be found arbitrarily close to \(x\) (but not necessarily equal to \(x\))."
18100a-lecture-13-zoom-subtitled-version-4_360p_16_9,L2 space,Full Lecture Transcript,"Consider the set \(S=\{\tfrac{1}{n}\mid n\in\mathbb{N}\}\). Which points of \(\mathbb{R}\) are cluster points of \(S\), and why?",The only cluster point of \(S=\{1/n:n\in\mathbb{N}\}\) is \(0\). For any \(\delta>0\) we can choose \(n\) large enough so that \(1/n<\delta\); then \(1/n\in S\) and \(0<|1/n-0|<\delta\). No other real number satisfies this property.,"**Cluster points of \(S=\{\tfrac1n\mid n\in\mathbb N\}\)**  

The only cluster point of \(S\) is \(0\).

**Why?**

1. **\(0\) is a cluster point.**  
   For every \(\delta>0\) we can choose a natural number \(n\) so large that  
   \(\displaystyle \frac1n<\delta\) (this is possible by the Archimedean property).  
   Then \(\frac1n\in(0-\delta,\,0+\delta)\) and \(\frac1n\neq0\).  
   Thus every neighbourhood of \(0\) contains a point of \(S\) different from \(0\), so \(0\) satisfies the definition of a cluster point.

2. **No other point is a cluster point.**  
   Let \(x\neq0\).  
   The set \(S\) is discrete: the points \(\frac1n\) are all distinct and get arbitrarily close only to \(0\).  
   For a fixed \(x\neq0\) there is a positive distance from \(x\) to each element of \(S\); in fact  
   \(\displaystyle d=\min_{n\in\mathbb N}|x-\tfrac1n|>0\).  
   Taking \(\delta=\frac d2\) gives an interval \((x-\delta,\,x+\delta)\) that contains **no** point of \(S\).  
   Hence \(x\) does not satisfy the cluster‑point condition.

Therefore the set of cluster points of \(S\) is \(\{0\}\)."
18100a-lecture-13-zoom-subtitled-version-4_360p_16_9,L2 space,Full Lecture Transcript,"In the function \(f:\mathbb{R}\to\mathbb{R}\) defined by \(f(x)=1\) if \(x=0\) and \(f(x)=2\) otherwise, what is \(\displaystyle\lim_{x\to0}f(x)\) and how does this illustrate that the value of \(f\) at the limit point is irrelevant?","The limit is \(\displaystyle\lim_{x\to0}f(x)=2\). Every \(x\neq0\) close to \(0\) satisfies \(f(x)=2\), so the values of \(f\) near \(0\) are all \(2\). The value \(f(0)=1\) does not affect the limit because the limit depends only on the behaviour of \(f(x)\) for \(x\neq0\) arbitrarily close to \(0\).","In this example the function is

\[
f(x)=
\begin{cases}
1 & \text{if }x=0,\\[4pt]
2 & \text{if }x\neq 0 .
\end{cases}
\]

For every \(x\neq 0\) the value of \(f(x)\) is the constant \(2\).  
Hence, as \(x\) approaches \(0\) (but never equals \(0\)) the function stays at \(2\).  
Formally, given any \(\varepsilon>0\) we can choose any \(\delta>0\); if \(0<|x-0|<\delta\) then \(x\neq 0\) and

\[
|f(x)-2| = |2-2| = 0 < \varepsilon .
\]

Thus

\[
\boxed{\displaystyle\lim_{x\to 0} f(x)=2 } .
\]

The value of the function at the point \(x=0\) is \(f(0)=1\), which is **not** equal to the limit.  
This shows that the limit of a function as \(x\) approaches a point depends only on the values of the function in a neighborhood of that point (i.e., for \(x\neq 0\) close to \(0\)), and not on the value of the function exactly at the point itself. The limit is determined by the “nearby” behavior, not by the function’s value at the limit point."
18100a-lecture-13-zoom-subtitled-version-4_360p_16_9,L2 space,Full Lecture Transcript,State the theorem that characterizes the existence of \(\displaystyle\lim_{x\to c}f(x)=L\) in terms of sequences \((x_n)\subset S\setminus\{c\}\) converging to \(c\).,"The theorem states: \(\displaystyle\lim_{x\to c}f(x)=L\) if and only if for every sequence \((x_n)\subset S\setminus\{c\}\) with \(x_n\to c\), the sequence \((f(x_n))\) converges to \(L\).","**Theorem (Sequential characterization of limits).**  
Let \(S\subset\mathbb{R}\), let \(c\) be a cluster point of \(S\), and let \(f:S\to\mathbb{R}\).  
Then  

\[
\lim_{x\to c}f(x)=L
\]

if and only if for **every** sequence \((x_n)\subset S\setminus\{c\}\) that converges to \(c\) we have  

\[
\lim_{n\to\infty}f(x_n)=L .
\]"
18100a-lecture-13-zoom-subtitled-version-4_360p_16_9,L2 space,Full Lecture Transcript,Why does the requirement that \(c\) be a cluster point of \(S\) guarantee uniqueness of the limit \(\displaystyle\lim_{x\to c}f(x)\)? Present a short reasoning.,"If \(c\) is a cluster point, there exist arbitrarily close points of \(S\setminus\{c\}\). Assuming two distinct limits \(L_1\) and \(L_2\), one constructs sequences approaching \(c\) that would force \(f\) to approach both limits simultaneously, contradicting the defintion of limit. Thus the limit must be unique once \(c\) is a cluster point.","Because a cluster point guarantees that the domain of the function contains points arbitrarily close to \(c\) (but not equal to \(c\)).  
In the uniqueness proof we assume two limits \(L_{1}\) and \(L_{2}\).  
For any \(\varepsilon>0\) we find \(\delta_{1},\delta_{2}>0\) such that  

\[
|x-c|<\delta_{i}\;\Rightarrow\;|f(x)-L_{i}|<\varepsilon/2\qquad(i=1,2).
\]

Let \(\delta=\min(\delta_{1},\delta_{2})\).  
Since \(c\) is a cluster point of \(S\), there exists \(x\in S\) with  
\(0<|x-c|<\delta\).  For this \(x\),

\[
|L_{1}-L_{2}|\le |L_{1}-f(x)|+|f(x)-L_{2}|<\varepsilon/2+\varepsilon/2=\varepsilon .
\]

Because \(\varepsilon\) was arbitrary, \(L_{1}=L_{2}\).  
If \(c\) were not a cluster point, no such \(x\) would exist, the
definition would be vacuous, and the limit would not be forced to be unique."
18100a-lecture-13-zoom-subtitled-version-4_360p_16_9,square root,Full Lecture Transcript,"According to the discussion on cluster points, what condition must a real number \(X\) satisfy to be considered a cluster point of a set \(S\subset\mathbb{R}\)?","For every \(\delta>0\) the interval \((X-\delta,\,X+\delta)\) must contain a point of \(S\) other than \(X\); equivalently \((X-\delta,\,X+\delta)\cap(S\setminus\{X\})\neq\varnothing\).","A real number \(X\) is a cluster point of a set \(S\subset\mathbb{R}\) precisely when **every** punctured neighbourhood of \(X\) contains a point of \(S\) other than \(X\) itself.  
In symbols:

\[
\forall\,\delta>0:\quad (X-\delta,\;X+\delta)\;\cap\;(S\setminus\{X\})\neq\varnothing .
\]

Equivalently, there exists a sequence of distinct points of \(S\) that converges to \(X\)."
18100a-lecture-13-zoom-subtitled-version-4_360p_16_9,square root,Full Lecture Transcript,The lecturer gave an equivalent formulation of a cluster point using a point \(y\in S\). What is that formulation expressed with the inequality \(|X-y|\)?,For all \(\delta>0\) there exists \(y\in S\) such that \(0<|X-y|<\delta\).,"The equivalent statement is:

\[
\forall\,\delta>0\;\exists\,y\in S\quad\text{such that}\quad 0<|X-y|<\delta .
\]

In words: for every positive radius \(\delta\) there is a point \(y\) of the set \(S\) (different from \(X\)) whose distance from \(X\) is less than \(\delta\)."
18100a-lecture-13-zoom-subtitled-version-4_360p_16_9,square root,Full Lecture Transcript,Why did the lecture emphasize that the point \(C\) must be a cluster point of \(S\) in order for the limit of a function \(f\) as \(x\to C\) to be unique?,"If \(C\) were not a cluster point, there would exist a neighbourhood of \(C\) containing no other points of \(S\), making the \(\varepsilon\)–\(\delta\) condition vacuous; consequently the same limit value \(L\) could be assigned to any real number, breaking uniqueness.","The lecture stresses that \(C\) must be a **cluster point** of the domain \(S\) because the very definition of a limit relies on the existence of points of \(S\) that get arbitrarily close to \(C\) (but are not equal to \(C\)).  

If \(C\) were **not** a cluster point, then there would be a neighbourhood of \(C\) that contains no points of \(S\) other than possibly \(C\) itself. In that case the condition

\[
\forall \varepsilon>0\;\exists \delta>0\; \text{such that}\; 0<|x-C|<\delta \implies |f(x)-L|<\varepsilon
\]

would be vacuously true for **every** real number \(L\): the implication’s antecedent never occurs, so the statement holds for all \(L\). Consequently, the limit would not be unique—any number could be called a limit.

By requiring \(C\) to be a cluster point, we guarantee that there are points of \(S\) arbitrarily close to \(C\) (excluding \(C\) itself). This makes the implication in the definition non‑trivial and forces the limit, if it exists, to be the same for all sequences approaching \(C\). Thus the uniqueness of the limit is ensured."
18100a-lecture-13-zoom-subtitled-version-4_360p_16_9,square root,Full Lecture Transcript,State the theorem that connects limits of functions at cluster points with limits of sequences converging to that point.,"Let \(S\subset\mathbb{R}\) and \(C\) be a cluster point of \(S\).  For a function \(f:S\to\mathbb{R}\), \(\displaystyle\lim_{x\to C}f(x)=L\) iff for every sequence \((x_n)\subset S\setminus\{C\}\) with \(x_n\to C\), one has \(f(x_n)\to L\).","**Theorem (Sequential characterization of a limit of a function).**  
Let \(S\subseteq\mathbb{R}\) and let \(c\) be a cluster point of \(S\).  
Let \(f:S\to\mathbb{R}\).  
Then

\[
\lim_{x\to c}f(x)=L
\]

if and only if for **every** sequence \((x_n)\) of points in \(S\setminus\{c\}\) that converges to \(c\) we have

\[
\lim_{n\to\infty}f(x_n)=L .
\]

In other words, the limit of \(f\) at the cluster point \(c\) exists and equals \(L\) precisely when all sequences of points of \(S\) (avoiding \(c\)) that approach \(c\) are sent by \(f\) to sequences that approach \(L\)."
18100a-lecture-13-zoom-subtitled-version-4_360p_16_9,square root,Full Lecture Transcript,"In proving that \(\displaystyle\lim_{x\to c}(ax+b)=ac+b\), how was \(\delta\) chosen in terms of \(\varepsilon\) and \(|a|\)?","Choose \(\delta=\dfrac{\varepsilon}{|a|}\) (or any positive number less than or equal to that).  Then \(|x-c|<\delta\) implies \(|(ax+b)-(ac+b)|=|a|\,|x-c|<|a|\,\delta=\varepsilon\).","In the ε–δ proof we start from  

\[
|f(x)-L|=|ax+b-(ac+b)|=|a||x-c|.
\]

We want this to be less than ε whenever \(|x-c|<\delta\).  
Thus we need  

\[
|a|\delta \le \varepsilon .
\]

So we choose  

\[
\boxed{\;\delta=\frac{\varepsilon}{|a|}\;}
\]

(or any smaller positive number). This guarantees that \(|ax+b-(ac+b)|<\varepsilon\) whenever \(|x-c|<\delta\)."
18100a-lecture-13-zoom-subtitled-version-4_360p_16_9,absolutely convergent series,Full Lecture Transcript,"In the lecture, what property is preserved when an absolutely convergent series is rearranged?",Rearranging an absolutely convergent series results in a series that remains absolutely convergent and has the same sum as the original series.,The lecture states that **absolute convergence is preserved** – a rearranged series remains absolutely convergent and converges to the same sum as the original series.
18100a-lecture-13-zoom-subtitled-version-4_360p_16_9,absolutely convergent series,Full Lecture Transcript,"According to the discussion, how is a cluster point \(x\) of a subset \(S\subset \mathbb{R}\) defined using \(\delta>0\)?","For all \(\delta>0\), the intersection \((x-\delta,\,x+\delta)\cap S\setminus\{x\}\) is non‑empty.","A point \(x\in\mathbb{R}\) is a **cluster point** of a subset \(S\subset\mathbb{R}\) if and only if  

\[
\forall\,\delta>0\;\; \bigl((x-\delta,\;x+\delta)\cap S\setminus\{x\}\bigr)\neq\varnothing .
\]

Equivalently, for every \(\delta>0\) there exists a \(y\in S\) such that  

\[
0<|x-y|<\delta .
\]"
18100a-lecture-13-zoom-subtitled-version-4_360p_16_9,absolutely convergent series,Full Lecture Transcript,What is the sequential characterization of a cluster point that was mentioned in the lecture?,There exists a sequence \((x_n)\subset S\setminus\{x\}\) such that \(x_n\to x\).,"A point \(x\in\mathbb{R}\) is a cluster point of a set \(S\subseteq\mathbb{R}\) **iff** there is a sequence \((x_n)\) of points in \(S\) with \(x_n\neq x\) for all \(n\) such that  

\[
x_n \longrightarrow x \quad\text{as } n\to\infty .
\]

In other words, \(x\) is a cluster point of \(S\) exactly when one can find a sequence of distinct elements of \(S\) that converges to \(x\)."
18100a-lecture-13-zoom-subtitled-version-4_360p_16_9,absolutely convergent series,Full Lecture Transcript,"During the proof of uniqueness of limits for a function at a cluster point \(c\), what key inequality is derived to show \(|L_{1}-L_{2}|<\varepsilon\)?",Using \(|f(x_n)-L_1|<\varepsilon/2\) and \(|f(x_n)-L_2|<\varepsilon/2\) and the triangle inequality yields \(|L_1-L_2|\le |f(x_n)-L_1|+|f(x_n)-L_2|<\varepsilon\).,"During the proof we pick an \(x\in S\) with \(0<|x-c|<\delta\) (where \(\delta=\min\{\delta_1,\delta_2\}\)).  
Using the two ε/2‑conditions we have  

\[
|f(x)-L_1|<\frac{\varepsilon}{2}\quad\text{and}\quad |f(x)-L_2|<\frac{\varepsilon}{2}.
\]

Adding and subtracting \(f(x)\) inside \(|L_1-L_2|\) and applying the triangle inequality gives the key inequality

\[
|L_1-L_2|
   =|(L_1-f(x))+(f(x)-L_2)|
   \le |L_1-f(x)|+|f(x)-L_2|
   <\frac{\varepsilon}{2}+\frac{\varepsilon}{2}
   =\varepsilon .
\]

Thus \(|L_1-L_2|<\varepsilon\) for every \(\varepsilon>0\), proving \(L_1=L_2\)."
18100a-lecture-13-zoom-subtitled-version-4_360p_16_9,absolutely convergent series,Full Lecture Transcript,"For the function \(f(x)=\begin{cases}1,&x=0\\2,&x\neq0\end{cases}\) discussed in the lecture, what is \(\displaystyle\lim_{x\to0}f(x)\) and why does it not equal \(f(0)\)?","The limit is \(2\). Near \(x=0\) the function takes the constant value \(2\), so the limit depends only on nearby values; the value at \(x=0\) (which is \(1\)) does not affect the limit.","**Answer**

For the function  

\[
f(x)=\begin{cases}
1,&x=0\\[4pt]
2,&x\neq 0
\end{cases}
\]

the limit as \(x\) approaches \(0\) is  

\[
\boxed{\displaystyle\lim_{x\to 0}f(x)=2 } .
\]

**Why it is 2 (and not 1)**  

The definition of a limit only looks at the values of the function *near* the point, not at the value of the function *at* the point itself.  
- For every \(\varepsilon>0\) we can choose any \(\delta>0\).  
- If \(0<|x-0|<\delta\) (i.e., \(x\neq 0\) but arbitrarily close to \(0\)), then \(f(x)=2\).  
- Hence \(|f(x)-2|=|2-2|=0<\varepsilon\).

Since this holds for every \(\varepsilon>0\), the limit is \(2\).

But \(f(0)=1\). The limit does **not** equal \(f(0)\) because the limit depends only on the behavior of \(f(x)\) for \(x\) close to \(0\) but not equal to \(0\). The value of the function at the point itself is irrelevant to the limit. Thus, \(\lim_{x\to0}f(x)=2\neq f(0)=1\)."
18100a-lecture-13-zoom-subtitled-version-4_360p_16_9,open interval,Full Lecture Transcript,"In the definition recalled, what two equivalent conditions must hold for a real number \(X\) to be a cluster point of a subset \(S\subseteq\mathbb{R}\)?","A real number \(X\) is a cluster point of \(S\) iff: 1) for every \(\delta>0\), the interval \((X-\delta,\;X+\delta)\) contains some point of \(S\) other than \(X\) (i.e. \((X-\delta,X+\delta)\cap S\setminus\{X\}\neq\varnothing\)); 2) equivalently, for every \(\delta>0\) there exists \(Y\in S\) with \(0<|Y-X|<\delta\).","**Two equivalent ways to say that \(X\) is a cluster point of \(S\subseteq\mathbb{R}\):**

1. **Neighborhood condition**  
   \[
   \forall\,\delta>0:\quad (X-\delta,\;X+\delta)\;\cap\;(S\setminus\{X\})\neq\varnothing .
   \]

2. **Existence of nearby points**  
   \[
   \forall\,\delta>0:\quad \exists\,Y\in S\;\text{such that}\;0<|X-Y|<\delta .
   \]

Either of these statements must hold for \(X\) to be a cluster point of \(S\)."
18100a-lecture-13-zoom-subtitled-version-4_360p_16_9,open interval,Full Lecture Transcript,Why does the set \(S=\{1/n:n\in\mathbb{N}\}\) have 0 (but not 1) as a cluster point according to the lecture?,"For any small \(\delta>0\) you can find many points \(1/n\) with \(0<|1/n-0|<\delta\), so 0 satisfies the cluster point condition.  In contrast, if you take any interval around \(1\), the only point of \(S\) it can contain is \(1\) itself, so there is no other point of \(S\) arbitrarily close to \(1\); thus \(1\) fails to be a cluster point.","**Why 0 is a cluster point**

A point \(x\) is a cluster point of a set \(S\subset\mathbb{R}\) iff  

\[
\forall\,\delta>0\quad\bigl(x-\delta,\;x+\delta\bigr)\cap\bigl(S\setminus\{x\}\bigr)\neq\varnothing .
\]

Take \(x=0\) and \(S=\{1/n:n\in\mathbb{N}\}\).

* For any \(\delta>0\) we can use the Archimedean property: choose a natural number \(n\) so large that \(1/n<\delta\).  
* Then \(1/n\in(0-\delta,0+\delta)\) and \(1/n\neq 0\).  
* Hence \((0-\delta,0+\delta)\cap(S\setminus\{0\})\) contains \(1/n\), so it is non‑empty.

Because this holds for every \(\delta>0\), \(0\) satisfies the definition and is therefore a cluster point of \(S\).

---

**Why 1 is not a cluster point**

Now take \(x=1\).

* The set \(S\) contains only the point \(1\) that is equal to \(x\); all other elements of \(S\) are strictly less than \(1\).  
* Choose \(\delta=\tfrac12\) (or any \(\delta<1\)).  
* The interval \((1-\delta,1+\delta)=(\tfrac12, \tfrac32)\) contains the point \(1\) from \(S\), but it contains no other element of \(S\) because every other \(1/n\) satisfies \(1/n<1\) and is at least \(\tfrac12\) away from \(1\).

Thus \((1-\delta,1+\delta)\cap(S\setminus\{1\})=\varnothing\) for this \(\delta\).  
Since there exists a \(\delta>0\) for which the required intersection is empty, \(1\) fails the cluster‑point condition and is **not** a cluster point of \(S\).

---

So, according to the lecture, \(S=\{1/n:n\in\mathbb{N}\}\) has \(0\) as a cluster point (because points of \(S\) can be found arbitrarily close to \(0\)), but it does **not** have \(1\) as a cluster point (because there is a neighborhood of \(1\) that contains no other points of \(S\))."
18100a-lecture-13-zoom-subtitled-version-4_360p_16_9,open interval,Full Lecture Transcript,"According to the discussion on the set \(S=(0,1)\), what is the set of cluster points of \((0,1)\) and why does it include both endpoints?","The cluster points of the open interval \((0,1)\) are the closed interval \([0,1]\).  Every point in \((0,1)\) has other points of \((0,1)\) arbitrarily close to it, and the endpoints 0 and 1 are limits of points from \((0,1)\) (e.g., \(1/n\to0\) and \(1-1/n\to1\)), so they also satisfy the cluster point condition.","**Cluster points of \((0,1)\)**  
The set of cluster points of the open interval \((0,1)\) is the closed interval  

\[
\operatorname{Clust}(0,1)= [0,1].
\]

**Why the endpoints belong**

A point \(x\) is a cluster point of a set \(S\) if every open interval around \(x\) contains a point of \(S\) different from \(x\) itself.

* For any \(x\in(0,1)\) this is obvious: any interval \((x-\delta,x+\delta)\) with \(\delta>0\) will contain other points of \((0,1)\).

* **Endpoint \(0\):**  
  Take any \(\delta>0\). The interval \((0-\delta,0+\delta)=(-\delta,\delta)\) intersects \((0,1)\) in the set \((0,\delta)\), which is non‑empty. Thus \(0\) satisfies the cluster‑point condition.

* **Endpoint \(1\):**  
  Similarly, for any \(\delta>0\) the interval \((1-\delta,1+\delta)\) intersects \((0,1)\) in \((1-\delta,1)\), again non‑empty. Hence \(1\) is also a cluster point.

Because every point of \([0,1]\) meets the definition, the cluster‑point set of \((0,1)\) is exactly the closed interval \([0,1]\)."
18100a-lecture-13-zoom-subtitled-version-4_360p_16_9,open interval,Full Lecture Transcript,Why does the function defined by \(f(x)=2\) for \(x\neq0\) and \(f(0)=1\) have \(\lim_{x\to0}f(x)=2\) even though the value at the point differs?,"The definition of limit only requires control of the values of \(f(x)\) for points \(x\) close to 0 but not equal to 0.  Since for all \(x\neq0\) we have \(f(x)=2\), as \(x\) approaches 0 along any path not landing exactly at 0 the function values are constantly 2, so \(\lim_{x\to0}f(x)=2\).  The fact that \(f(0)=1\) is irrelevant to the limit.","Because the definition of a limit only looks at what the function does **near** the point, not at the point itself.  
For the function  

\[
f(x)=
\begin{cases}
2,& x\neq 0,\\[2pt]
1,& x=0,
\end{cases}
\]

the value at \(x=0\) is irrelevant for the limit as \(x\to 0\).

---

### ε–δ argument

Let \(\varepsilon>0\) be given.  
Choose any \(\delta>0\) (for instance \(\delta=1\)).  
If \(0<|x-0|<\delta\) then \(x\neq 0\), so by definition \(f(x)=2\).  
Hence

\[
|f(x)-2| = |2-2| = 0 < \varepsilon .
\]

Since for every \(\varepsilon>0\) we can find such a \(\delta\), the ε–δ definition is satisfied, and therefore

\[
\lim_{x\to 0} f(x)=2 .
\]

---

### Why the value at the point doesn’t matter

The limit only requires that the function values get arbitrarily close to the limit value for all points sufficiently close to the point of interest, **excluding** the point itself.  
In this example, all points \(x\) with \(0<|x|<\delta\) have the same value \(2\), so the function is “constant” in any punctured neighbourhood of \(0\).  
Thus the limit is \(2\), even though \(f(0)=1\).

This illustrates the key lesson from the lecture: *limits depend on the behaviour of the function near the point, not on the function’s value at the point.*"
18100a-lecture-13-zoom-subtitled-version-4_360p_16_9,open interval,Full Lecture Transcript,"State the theorem that links the limit of a function at a cluster point to limits of sequences converging to that point, as described in the lecture.","The theorem states: Let \(S\subseteq\mathbb{R}\) and let \(c\) be a cluster point of \(S\).  For a function \(f:S\to\mathbb{R}\) and \(L\in\mathbb{R}\), \(\displaystyle\lim_{x\to c}f(x)=L\) if and only if for every sequence \((x_n)\subseteq S\setminus\{c\}\) with \(x_n\to c\), the sequence \((f(x_n))\) satisfies \(\displaystyle\lim_{n\to\infty}f(x_n)=L\).","**Theorem (Sequential characterization of a function limit).**  
Let \(S\subseteq\mathbb{R}\) and let \(c\) be a cluster point of \(S\).  
Let \(f:S\to\mathbb{R}\).  
Then

\[
\lim_{x\to c}f(x)=L
\]

if and only if for **every** sequence \((x_n)\) of points in \(S\setminus\{c\}\) that converges to \(c\) we have

\[
\lim_{n\to\infty}f(x_n)=L .
\]

In other words, a function has limit \(L\) at a cluster point \(c\) precisely when all sequences of points of its domain that approach \(c\) are sent by \(f\) to sequences that converge to \(L\)."
18100a-lecture-13-zoom-subtitled-version-4_360p_16_9,rational number,Full Lecture Transcript,"In the discussion on limits, what is the formal definition of a cluster point for a subset \(S\subseteq\mathbb{R}\)?","A real number \(c\) is a cluster point of a set \(S\subseteq\mathbb{R}\) if for every \(\delta>0\) there exists an element \(x\in S\) such that \(0<|x-c|<\delta\); equivalently, every punctured neighborhood of \(c\) contains points of \(S\).","In the lecture the cluster point of a set \(S\subseteq\mathbb{R}\) is defined as follows:

> **Definition.**  
> Let \(S\subseteq\mathbb{R}\) and let \(x\in\mathbb{R}\).  
> \(x\) is a **cluster point** (or accumulation point) of \(S\) iff  
> \[
> \forall\,\delta>0\quad\bigl((x-\delta,\;x+\delta)\cap S\setminus\{x\}\bigr)\neq\varnothing .
> \]
> Equivalently, for every \(\delta>0\) there exists a point \(y\in S\) such that  
> \[
> 0<|y-x|<\delta .
> \]

This is the formal definition used in the discussion of limits."
18100a-lecture-13-zoom-subtitled-version-4_360p_16_9,rational number,Full Lecture Transcript,"Consider the set \(S=\{\,1/n \mid n\in\mathbb{N}\}\). According to the lecture, which real numbers are cluster points of \(S\), and why?",The only cluster point of \(S=\{1/n\}\) is \(0\). For any \(\delta>0\) choose \(n\) large enough with \(1/n<\delta\); then \(1/n\in S\) and \(0<1/n<\delta\). No other real number satisfies the condition because points of \(S\) accumulate only at \(0\).,"**Cluster points of \(S=\{\,1/n\mid n\in\mathbb N\,\}\)**  

According to the lecture, a point \(c\) is a *cluster point* of a set \(S\subset\mathbb R\) if for every \(\delta>0\) the punctured interval  

\[
(c-\delta,\;c+\delta)\cap S\setminus\{c\}\neq\varnothing .
\]

Applying this to \(S=\{1/n:n\in\mathbb N\}\):

* **\(0\) is a cluster point.**  
  For any \(\delta>0\) choose \(n\) large enough that \(1/n<\delta\) (possible by the Archimedean property). Then \(1/n\in(0-\delta,0+\delta)\) and \(1/n\neq0\). Hence the punctured interval around \(0\) always contains a point of \(S\).  

* **No other point of \(\mathbb R\) is a cluster point.**  
  Take any \(x>0\). If \(x=1/m\) for some \(m\in\mathbb N\), the distance to the next element of \(S\) is \(|1/m-1/(m+1)|\). Choosing \(\delta<|1/m-1/(m+1)|\) gives a punctured interval around \(x\) that contains no other element of \(S\).  
  If \(x\) is not of the form \(1/n\), then \(x\) is isolated from \(S\) by a positive distance (since the set \(\{1/n\}\) is discrete). Thus there exists a \(\delta>0\) such that \((x-\delta,x+\delta)\cap S=\varnothing\).

Therefore **the only cluster point of \(S\) is \(0\)**. This matches the example given in the lecture, where the set \(\{1/n\}\) was shown to have \(0\) as its sole cluster point."
18100a-lecture-13-zoom-subtitled-version-4_360p_16_9,rational number,Full Lecture Transcript,Why does the function \(f:\mathbb{R}\to\mathbb{R}\) defined by \(f(x)=1\) if \(x=0\) and \(f(x)=2\) otherwise have \(\displaystyle\lim_{x\to 0}f(x)=2\) even though \(f(0)=1\)?,"The limit concerns the values of \(f\) at points distinct from the approach point. For \(x\neq0\), \(f(x)=2\); any sequence approaching \(0\) but not equal to \(0\) stays at value \(2\), making the \(\varepsilon\)-\(\delta\) condition hold for limit \(2\). The value \(f(0)=1\) is irrelevant because the limit does not inspect \(f\) at the point itself.","Because the limit of a function is determined only by the values of the function **near** the point, not by the value at the point itself.  

For the function  

\[
f(x)=
\begin{cases}
1,& x=0,\\[4pt]
2,& x\neq 0,
\end{cases}
\]

every point \(x\) that is close to \(0\) but not equal to \(0\) satisfies \(f(x)=2\).  
Hence, for any \(\varepsilon>0\) we can choose any \(\delta>0\) (for instance \(\delta=1\)).  
If \(0<|x-0|<\delta\) then \(x\neq 0\) and therefore

\[
|f(x)-2| = |2-2| = 0 < \varepsilon .
\]

Since this holds for every \(\varepsilon>0\), the ε–δ definition of limit gives

\[
\lim_{x\to 0} f(x)=2 .
\]

The fact that \(f(0)=1\) is irrelevant to the limit; the limit only “sees” the values of \(f\) in every punctured neighbourhood of \(0\). Thus the limit exists and equals \(2\), even though the function’s value at the point is different."
18100a-lecture-13-zoom-subtitled-version-4_360p_16_9,rational number,Full Lecture Transcript,"What role does the assumption that the approach point \(c\) is a cluster point of \(S\) play in proving that limits of functions, if they exist, are unique?","If \(c\) were not a cluster point, there would exist a punctured neighbourhood of \(c\) containing no points of \(S\). In that case the \(\varepsilon\)-\(\delta\) definition would be vacuous, allowing two distinct numbers to satisfy the limit condition simultaneously. Requiring \(c\) to be a cluster point guarantees that an infinite number of points of \(S\) arbitrarily close to \(c\) enforce the uniqueness argument.","The hypothesis that \(c\) is a **cluster point of \(S\)** guarantees that there are points of the domain \(S\) arbitrarily close to \(c\).  
In the uniqueness proof we need to pick a point \(x\in S\) with  

\[
0<|x-c|<\delta ,
\]

where \(\delta\) is the minimum of the two \(\delta\)’s coming from the two assumed limits.  
Because \(c\) is a cluster point, such an \(x\) always exists. We then use the two
\(\varepsilon\)-\(\delta\) inequalities for \(f(x)\) to show

\[
|L_{1}-L_{2}|\le |f(x)-L_{1}|+|f(x)-L_{2}|<\varepsilon .
\]

Since this holds for every \(\varepsilon>0\), we conclude \(L_{1}=L_{2}\).

If \(c\) were **not** a cluster point, there might be no points of \(S\) near \(c\); the definition of a limit would become vacuous, and the argument above could not be carried out. Thus the cluster‑point assumption is essential for the uniqueness of limits."
18100a-lecture-13-zoom-subtitled-version-4_360p_16_9,rational number,Full Lecture Transcript,State the theorem that relates the existence of a limit of a function at a cluster point to the behavior of all sequences in \(S\setminus\{c\}\) converging to \(c\).,"The theorem states: Let \(S\subseteq\mathbb{R}\) and \(c\) be a cluster point of \(S\). A function \(f:S\to\mathbb{R}\) satisfies \(\displaystyle\lim_{x\to c}f(x)=L\) if and only if, for every sequence \((x_n)\) with \(x_n\in S\setminus\{c\}\) and \(x_n\to c\), one has \(f(x_n)\to L\).","**Theorem (Sequential characterization of a limit).**  
Let \(S\subseteq\mathbb{R}\) and let \(c\) be a cluster point of \(S\).  
Let \(f:S\to\mathbb{R}\).  
Then

\[
\lim_{x\to c}f(x)=L
\]

if and only if for **every** sequence \((x_n)\) of points in \(S\setminus\{c\}\) that converges to \(c\) we have

\[
\lim_{n\to\infty}f(x_n)=L .
\]

In other words, the existence of a limit of \(f\) at the cluster point \(c\) is equivalent to the fact that all sequences in \(S\) (excluding \(c\) itself) that approach \(c\) are sent by \(f\) to a sequence that approaches the same limit \(L\)."
18100a-lecture-14-multicam_360p_16_9,one-sided limit,Full Lecture Transcript,"According to the lecture, how is the limit of a function $f$ at a point $c$ defined in terms of $\varepsilon$ and $\delta$?",For every $\varepsilon>0$ there exists a $\delta>0$ such that for all $x$ in the domain with $0<|x-c|<\delta$ one has $|f(x)-L|<\varepsilon$.,"According to the lecture, the limit of a function \(f\) at a point \(c\) is defined by the \(\varepsilon\)–\(\delta\) condition:

\[
\lim_{x\to c}f(x)=L
\quad\Longleftrightarrow\quad
\forall\,\varepsilon>0\;\exists\,\delta>0\;\text{such that}\;
0<|x-c|<\delta \;\Longrightarrow\; |f(x)-L|<\varepsilon .
\]

In words: for every positive tolerance \(\varepsilon\) there is a positive distance \(\delta\) so that whenever \(x\) is within \(\delta\) of \(c\) (but not equal to \(c\)), the value \(f(x)\) lies within \(\varepsilon\) of the limit \(L\)."
18100a-lecture-14-multicam_360p_16_9,one-sided limit,Full Lecture Transcript,"In the lecture, what sequence condition is equivalent to the existence of the limit $\displaystyle\lim_{x\to c}f(x)=L$?","The limit $\displaystyle\lim_{x\to c}f(x)=L$ holds if and only if for every sequence $(x_n)$ with $x_n\neq c$, $x_n\to c$, one has $f(x_n)\to L$.","In the lecture the limit is characterized by a **sequence condition**:

> **Theorem (sequence criterion for limits).**  
> Let \(S\subseteq\mathbb{R}\) and let \(c\) be a cluster point of \(S\).  
> For a function \(f:S\to\mathbb{R}\) the following are equivalent  
> \[
> \lim_{x\to c}f(x)=L
> \quad\Longleftrightarrow\quad
> \text{for every sequence }(x_n)\subset S\setminus\{c\}\text{ with }x_n\to c,
> \text{ we have }f(x_n)\to L .
> \]

So the sequence condition equivalent to the existence of the limit \(\displaystyle\lim_{x\to c}f(x)=L\) is: **every sequence in the domain that converges to \(c\) (and does not equal \(c\) eventually) must have its image under \(f\) converge to \(L\).**"
18100a-lecture-14-multicam_360p_16_9,one-sided limit,Full Lecture Transcript,Why does the definition of the limit of a function allow $f$ to be undefined or take a different value at the point $c$?,Because the limit only concerns the behaviour of $f(x)$ for $x$ close to $c$ but not equal to $c$; the value at $c$ does not affect whether the $\varepsilon$–$\delta$ condition is satisfied.,"The definition of a limit is meant to describe **how a function behaves in a neighbourhood of the point \(c\)**, not what the function actually does *at* \(c\).  
In the ε–δ definition we require

\[
\forall \varepsilon>0\;\exists \delta>0\;\text{such that}\;0<|x-c|<\delta \implies |f(x)-L|<\varepsilon .
\]

The condition \(0<|x-c|\) explicitly excludes the point \(x=c\).  
Because of this, the value of \(f(c)\) (if it exists) does not enter the definition at all.  

This has two practical consequences:

1. **Functions can have a “hole” or a different value at \(c\)** and still have a well‑defined limit.  
   For example, \(f(x)=\frac{\sin x}{x}\) for \(x\neq 0\) has limit \(1\) as \(x\to0\), even though \(f(0)\) is not defined (or could be defined to be any number).

2. **Continuity is a separate property** that requires the limit to equal the actual value at the point:  
   \(f\) is continuous at \(c\) iff \(\lim_{x\to c}f(x)=f(c)\).  
   By allowing the limit to exist independently of \(f(c)\), we can talk about removable discontinuities, jump discontinuities, etc., and then decide whether the function is continuous by checking the equality.

So the definition allows \(f\) to be undefined or to take a different value at \(c\) because the limit is concerned only with the behaviour of \(f\) arbitrarily close to \(c\), not with the value at \(c\) itself."
18100a-lecture-14-multicam_360p_16_9,one-sided limit,Full Lecture Transcript,"How are the left–hand and right–hand limits of a function defined, and what condition must the domain satisfy for these limits to be considered?","The left–hand limit is defined by the same $\varepsilon$–$\delta$ condition but only for $x$ satisfying $c-\delta<x<c$. The right–hand limit uses $c<x<c+\delta$. For these limits to be considered, $c$ must be a cluster point of the intersection of the domain with $( -\infty ,c)$ (for left) or $(c,\infty)$ (for right).","**Left–hand limit (approach from the left)**  
Let \(S\subset\mathbb R\) be the domain of \(f\) and let \(c\in\mathbb R\).  
We say that  

\[
\lim_{x\to c^-}f(x)=L
\]

if for every \(\varepsilon>0\) there exists a \(\delta>0\) such that  

\[
c-\delta < x < c \quad\text{and}\quad x\in S
\;\Longrightarrow\; |f(x)-L|<\varepsilon .
\]

In other words, whenever \(x\) is taken from the domain and lies sufficiently close to \(c\) **to the left** of \(c\), the values \(f(x)\) are within \(\varepsilon\) of \(L\).

**Right–hand limit (approach from the right)**  
Similarly,  

\[
\lim_{x\to c^+}f(x)=L
\]

if for every \(\varepsilon>0\) there exists a \(\delta>0\) such that  

\[
c < x < c+\delta \quad\text{and}\quad x\in S
\;\Longrightarrow\; |f(x)-L|<\varepsilon .
\]

That is, for points of the domain lying sufficiently close to \(c\) **to the right** of \(c\), the function values are within \(\varepsilon\) of \(L\).

---

### Domain condition for the limits to be meaningful

For the left–hand limit to exist, \(c\) must be a **cluster point** of the set \(S\cap(-\infty,c)\); that is, there must be points of the domain arbitrarily close to \(c\) from the left.  
For the right–hand limit, \(c\) must be a cluster point of \(S\cap(c,\infty)\); there must be domain points arbitrarily close to \(c\) from the right.

If \(c\) is a cluster point of both \(S\cap(-\infty,c)\) and \(S\cap(c,\infty)\), then both one‑sided limits can be considered. If \(c\) is a cluster point of the whole domain \(S\), then the two‑sided limit \(\lim_{x\to c}f(x)\) is defined in the usual way."
18100a-lecture-14-multicam_360p_16_9,one-sided limit,Full Lecture Transcript,"What is the definition of continuity of a function at a point $c$ as given in the lecture, and how does it connect the limit and the value of the function at $c$?","A function $f$ is continuous at $c$ if $\displaystyle\lim_{x\to c}f(x)=f(c)$.  That is, for every $\varepsilon>0$ there exists a $\delta>0$ such that $|x-c|<\delta$ and $x$ in the domain imply $|f(x)-f(c)|<\varepsilon$.  This definition ties the limit of $f$ near $c$ directly to the actual value $f(c)$.","**Definition (as stated in the lecture)**  
Let \(S\subseteq\mathbb{R}\) and let \(c\in S\).  
The function \(f:S\to\mathbb{R}\) is **continuous at \(c\)** if

\[
\forall\,\varepsilon>0\;\exists\,\delta>0\;\text{such that}\;
\bigl(|x-c|<\delta \;\text{and}\; x\in S\bigr)\;\Longrightarrow\;|f(x)-f(c)|<\varepsilon .
\]

In words: for every tolerance \(\varepsilon\) we can find a neighbourhood of \(c\) (of radius \(\delta\)) so that all points \(x\) of the domain that lie in that neighbourhood make the function values \(f(x)\) lie within \(\varepsilon\) of the value at the point, \(f(c)\).

**Connection to the limit**  
The above condition is exactly the \(\varepsilon\)–\(\delta\) definition of the limit of \(f(x)\) as \(x\) approaches \(c\).  
Thus, saying that \(f\) is continuous at \(c\) is equivalent to saying

\[
\lim_{x\to c} f(x) = f(c).
\]

So continuity links the behaviour of the function near \(c\) (the limit) with the actual value of the function at \(c\)."
18100a-lecture-14-multicam_360p_16_9,Green's theorem,Full Lecture Transcript,"According to the discussion on limits, how is \n\\(\\lim_{x\\to c} f(x)=L\\) defined in \n\\(\\varepsilon\\)–\\(\\delta\\) language?",For every \(\\varepsilon>0\) there exists \(\\delta>0\) such that for all \(x\) with \(0<|x-c|<\\delta\) we have \n\\(|f(x)-L|<\\varepsilon\\).,"In the ε–δ language the limit is stated as:

> **Definition.**  
>  \[
>  \lim_{x\to c}f(x)=L
>  \]
>  means that for every number \(\varepsilon>0\) there exists a number \(\delta>0\) such that  
>  whenever \(x\) is in the domain of \(f\) and satisfies  
>  \[
>  0<|x-c|<\delta ,
>  \]
>  we have  
>  \[
>  |f(x)-L|<\varepsilon .
>  \]

In other words, no matter how small a tolerance \(\varepsilon\) you choose, you can find a neighbourhood of \(c\) (of radius \(\delta\)) so that all points \(x\) in that neighbourhood, except possibly \(x=c\) itself, map under \(f\) to values within \(\varepsilon\) of \(L\)."
18100a-lecture-14-multicam_360p_16_9,Green's theorem,Full Lecture Transcript,The lecture stated a theorem that connects limits of functions with limits of sequences. What is this equivalence?,"For every function \(f\\colon S\\to\\mathbb{R}\\) and cluster point \(c\\) of \(S\), \n\n\\[\\lim_{x\\to c}f(x)=L\\quad\\text{iff}\\quad\\forall\\,(x_n)\\subset S\\setminus\\{c\\}\\text{ with }x_n\\to c\\;:\\;f(x_n)\\to L.\\]","The theorem says that a function has a limit at a cluster point **iff** every sequence that approaches that point has the same limit.  

Formally, let \(S\subseteq\mathbb R\), let \(c\) be a cluster point of \(S\), and let \(f:S\to\mathbb R\).  
Then  

\[
\lim_{x\to c}f(x)=L \quad\Longleftrightarrow\quad
\text{for every sequence }(x_n)\subseteq S\setminus\{c\}\text{ with }x_n\to c,\;
\lim_{n\to\infty}f(x_n)=L .
\]"
18100a-lecture-14-multicam_360p_16_9,Green's theorem,Full Lecture Transcript,"Using that theorem, explain why \n\\(\\lim_{x\\to c} x^2 = c^2\\).","Take any sequence \(x_n\\to c\). Then by the theorem we only need to show \(x_n^2\\to c^2\). We know the product of two convergent sequences is convergent, so \(x_n\\cdot x_n\\to c\\cdot c\), i.e. \(x_n^2\\to c^2\). Hence the limit of \(x^2\) at \(c\) is \(c^2\).","By the theorem that links limits of functions to limits of sequences, we have  

\[
\lim_{x\to c}f(x)=L \quad\Longleftrightarrow\quad
\text{for every sequence }(x_n)\subset S\text{ with }x_n\to c,\; f(x_n)\to L .
\]

Take \(f(x)=x^{2}\).  
Let \((x_n)\) be any sequence in the domain that converges to \(c\).  
Since we already proved that the product of two convergent sequences is convergent, we can write

\[
x_n^2 = x_n\cdot x_n .
\]

Both factors \(x_n\) converge to \(c\), so their product converges to \(c\cdot c = c^{2}\).  
Thus for every sequence \((x_n)\) with \(x_n\to c\) we have \(x_n^2\to c^2\).

By the theorem, this is exactly the condition that guarantees

\[
\boxed{\displaystyle \lim_{x\to c} x^2 = c^2 } .
\]"
18100a-lecture-14-multicam_360p_16_9,Green's theorem,Full Lecture Transcript,Why does \n\\(\\lim_{x\\to 0} \\sin\\frac{1}{x}\\) fail to exist while \n\\(\\lim_{x\\to 0} x\\sin\\frac{1}{x}=0\\)?,"The function \(\\sin\\frac{1}{x}\\) oscillates between \(-1\) and \(1\) as \(x\\to0\). Constructing the sequence \(x_n=\\frac{2}{(2n-1)\\pi}\) gives \n\\(\\sin\\frac{1}{x_n}=\\sin\\frac{(2n-1)\\pi}{2}=\\pm1\\), so the sequence \(f(x_n)\) does not converge. Thus the limit at \(0\) does not exist. For \(x\\sin\\frac{1}{x}\) we have \\(|x\\sin\\frac{1}{x}|\le|x|\\) and \n\\(x_n\\to0\\) implies \n\\(|x_n\\sin\\tfrac{1}{x_n}|\le|x_n|\\to0\\). By the squeeze theorem the limit is \(0\).","**Why the two limits behave so differently**

1. **\(\displaystyle \lim_{x\to 0}\sin\frac{1}{x}\) does not exist**

   *The definition of a limit (from the lecture) says that the limit of a function at a point exists **iff** every sequence of points that approaches that point gives the same limit for the function values.*

   * In the lecture we constructed two specific sequences that both converge to \(0\) but give different values for \(\sin\frac{1}{x}\):

     \[
     x_n=\frac{2}{(2n-1)\pi}\quad\Longrightarrow\quad
     \frac{1}{x_n}=\frac{(2n-1)\pi}{2},
     \]
     so
     \[
     \sin\frac{1}{x_n}=\sin\!\left(\frac{(2n-1)\pi}{2}\right)=(-1)^{\,n+1}.
     \]

     This sequence of function values alternates between \(1\) and \(-1\); it does **not** converge.

   * Because we have found a sequence \(x_n\to0\) for which \(\sin\frac{1}{x_n}\) does not converge, the negated version of the limit theorem tells us that  
     \[
     \lim_{x\to0}\sin\frac{1}{x}
     \]
     cannot exist.

2. **\(\displaystyle \lim_{x\to 0}x\sin\frac{1}{x}=0\) does exist**

   *For any sequence \(x_n\to0\) we look at the product \(x_n\sin\frac{1}{x_n}\).  
     Using the squeeze theorem (also proved in the lecture) we have

     \[
     -|x_n|\le x_n\sin\frac{1}{x_n}\le |x_n|,
     \]

     because \(|\sin\frac{1}{x_n}|\le1\).

   * Since \(|x_n|\to0\), the squeeze theorem gives

     \[
     \lim_{n\to\infty}x_n\sin\frac{1}{x_n}=0.
     \]

   * By the sequence‑criterion for limits, this shows that for **every** sequence approaching \(0\) the function values converge to \(0\). Hence

     \[
     \lim_{x\to0}x\sin\frac{1}{x}=0.
     \]

**Summary**

- \(\sin\frac{1}{x}\) oscillates between \(-1\) and \(1\) infinitely often as \(x\) approaches \(0\); we can find sequences that make it take different limiting values, so the limit does not exist.
- Multiplying by \(x\) forces the product to be squeezed between \(-|x|\) and \(|x|\), both of which go to \(0\); thus the product has a unique limit \(0\)."
18100a-lecture-14-multicam_360p_16_9,Green's theorem,Full Lecture Transcript,"State the negated definition of continuity at a point \(c\), and use it to show that the function\n\\[f(x)= \\begin{cases} 1,& x=0\\ 2,& x\\neq 0\\end{cases}\\] is not continuous at \(x=0\\).","The negation says: \(f\) is *not* continuous at \(c\) if there exists \(\\varepsilon>0\) such that for every \(\\delta>0\) there is an \(x\\) with \n\\(|x-c|<\\delta\\) but \\(|f(x)-f(c)|\\ge\\varepsilon\\).  For the given \(f\) at \(c=0\), pick \\(\\varepsilon=1\\).  For any \\(\\delta>0\) choose \(x\\neq0\) with \\(|x|<\\delta\\); then \(f(x)=2\) and \n\\(|f(x)-f(0)|=|2-1|=1\\ge\\varepsilon\\).  Hence the function fails to be continuous at \(0\).","**Negated definition of continuity at a point \(c\)**  

A function \(f\) is **not** continuous at \(c\) iff

\[
\exists\,\varepsilon>0\;\; \forall\,\delta>0\;\; \exists\,x\in\mathbb{R}\;\text{such that}\;
|x-c|<\delta\quad\text{and}\quad |f(x)-f(c)|\ge \varepsilon .
\]

In words: there is some “bad” \(\varepsilon\) for which no matter how small a neighbourhood of \(c\) we take, we can always find a point inside that neighbourhood where the function value is at least \(\varepsilon\) away from \(f(c)\).

---

### Applying the negated definition to  

\[
f(x)=
\begin{cases}
1,& x=0,\\[4pt]
2,& x\neq 0 .
\end{cases}
\]

We want to show that \(f\) is not continuous at \(x=0\).

1. **Choose the bad \(\varepsilon\).**  
   Take \(\varepsilon = 1\).  
   (Any positive number would work, but \(1\) is convenient.)

2. **Show that for every \(\delta>0\) we can find an \(x\) with the required properties.**  
   Let \(\delta>0\) be arbitrary.  
   Pick any \(x\) such that \(0<|x|<\delta\) (for instance, \(x=\delta/2\)).  
   Then \(x\neq 0\), so by definition \(f(x)=2\).  
   Also \(f(0)=1\).  
   Hence

   \[
   |f(x)-f(0)| = |2-1| = 1 \ge \varepsilon .
   \]

   Moreover, by construction \(|x-0|=|x|<\delta\).

3. **Conclusion.**  
   We have found an \(\varepsilon>0\) (namely \(1\)) such that for every \(\delta>0\) there exists an \(x\) with \(|x-0|<\delta\) and \(|f(x)-f(0)|\ge\varepsilon\).  
   This satisfies the negated definition of continuity at \(0\).

Therefore, the function \(f\) is **not continuous at \(x=0\)**."
18100a-lecture-14-multicam_360p_16_9,l1,Full Lecture Transcript,"In the lecture, the limit of a function was linked to the limit of sequences.  Write out the precise equivalence statement that was given for the limit \( \lim_{x\to c} f(x)=L \) in terms of sequences \(x_n\) converging to \(c\).",The equivalence is: \\[\\lim_{x\\to c}f(x)=L\\quad\\text{iff}\\quad\\text{for every sequence }(x_n)\\text{ in }S\\setminus\\{c\\}\\text{ with }x_n\\to c\\text{ we have }f(x_n)\\to L.\\],"The lecture gave the following equivalence:

\[
\boxed{\;\lim_{x\to c}f(x)=L\quad\Longleftrightarrow\quad
\text{for every sequence }(x_n)\subset S\setminus\{c\}\text{ with }x_n\to c,
\text{ we have }f(x_n)\to L.\;}
\]

In words, the limit of \(f\) at \(c\) equals \(L\) exactly when every sequence of points of the domain that converges to \(c\) (and is eventually different from \(c\)) is sent by \(f\) to a sequence that converges to \(L\)."
18100a-lecture-14-multicam_360p_16_9,l1,Full Lecture Transcript,"Using the product rule for limits of sequences proved in the lecture, explain why the limit \( \displaystyle \lim_{x\to c} x^2 \) equals \(c^2\).  Outline the key steps that relate the sequence argument to the function limit.","Take an arbitrary sequence \(x_n \to c\).  By the product rule for convergent sequences proved earlier, the sequence \(x_n^2\) converges to \(c^2\).  Thus, for each such sequence, \(f(x_n)=x_n^2\to c^2\).  By the equivalence in Question 1, this shows that \\(\\lim_{x\\to c}x^2=c^2\\).","**Answer**

To show that  

\[
\lim_{x\to c}x^{2}=c^{2}
\]

we use the two facts that were proved in the lecture:

1. **Product rule for limits of sequences** –  
   If a sequence \((x_n)\) converges to \(c\), then the sequence \((x_n^2)\) converges to \(c^2\).

2. **Connection between function limits and sequence limits** –  
   For a function \(f\) defined on a set \(S\) with cluster point \(c\),  

   \[
   \lim_{x\to c}f(x)=L \quad\Longleftrightarrow\quad
   \text{for every sequence }(x_n)\subset S\setminus\{c\}\text{ with }x_n\to c,
   \; f(x_n)\to L .
   \]

---

### Key steps

1. **Choose the function**  
   Let \(f(x)=x^{2}\).  
   We want to prove \(\lim_{x\to c}f(x)=c^{2}\).

2. **Take an arbitrary sequence approaching \(c\)**  
   Let \((x_n)\) be any sequence in the domain of \(f\) (excluding \(c\)) such that \(x_n\to c\).

3. **Apply the product rule for sequences**  
   Since \(x_n\to c\), the product rule tells us that  
   \[
   x_n\cdot x_n \;\longrightarrow\; c\cdot c = c^{2}.
   \]
   But \(x_n\cdot x_n = x_n^{2} = f(x_n)\).  
   Hence \(f(x_n)\to c^{2}\).

4. **Use the sequence–function limit equivalence**  
   Because *every* sequence \((x_n)\) converging to \(c\) satisfies \(f(x_n)\to c^{2}\), the theorem connecting limits of functions to limits of sequences gives

   \[
   \lim_{x\to c}f(x)=c^{2}.
   \]

Thus, by first proving the product rule for sequences and then applying the theorem that translates sequence limits into function limits, we conclude that \(\displaystyle \lim_{x\to c}x^{2}=c^{2}\)."
18100a-lecture-14-multicam_360p_16_9,l1,Full Lecture Transcript,"Two examples involving \( \sin(1/x) \) were discussed.  (a) Why does the limit \( \displaystyle \lim_{x\to 0}\sin(1/x) \) not exist?  (b) Why does \( \displaystyle \lim_{x\to 0}x\,\sin(1/x) \) exist and equal \(0\)?  Give a concrete sequence that shows the non‑existence in part (a).","a) Choose the sequence \(x_n = \\frac{2}{(2n-1)\\pi}\).  Then \(x_n\\to0\) but \\(\\sin(1/x_n)=\\sin\\bigl((2n-1)\\tfrac\\pi2\\bigr)=(-1)^{\,n+1}\\), which oscillates between \(1\) and \(-1\) and does not converge.  Hence \\(\\lim_{x\\to0}\\sin(1/x)\\) does not exist.  \n\nb) For any sequence \(x_n\\to0\), \\(|x_n\\sin(1/x_n)|\\le|x_n|\\), so \\(x_n\\sin(1/x_n)\\to0\\).  By the equivalence again, \\(\\lim_{x\\to0}x\\sin(1/x)=0\\).","**(a)  Why \(\displaystyle \lim_{x\to 0}\sin(1/x)\) does not exist**

The lecture shows that the function \(\sin(1/x)\) oscillates between \(-1\) and \(+1\) as \(x\) approaches \(0\).  
To prove that the limit does **not** exist we exhibit a sequence \((x_n)\) that

* converges to \(0\) (so it is a “path” to the point \(0\)), and  
* for which the values \(\sin(1/x_n)\) do **not** converge to a single number.

A concrete choice is  

\[
x_n \;=\; \frac{1}{\frac{\pi}{2}+2\pi n}\qquad(n=1,2,3,\dots)
\]

Then \(x_n\to 0\) because the denominator grows without bound.  
But

\[
\sin\!\left(\frac{1}{x_n}\right)
   = \sin\!\left(\frac{\pi}{2}+2\pi n\right)
   = 1 \quad\text{for every }n .
\]

Thus the sequence \(\bigl(\sin(1/x_n)\bigr)\) is constantly \(1\) and therefore converges to \(1\).  
If the limit \(\lim_{x\to 0}\sin(1/x)\) existed, every sequence converging to \(0\) would have to produce the same limit.  
Since we have found a sequence that gives the limit \(1\) (and, by a similar construction, another sequence that gives \(-1\)), the limit cannot exist.

**(b)  Why \(\displaystyle \lim_{x\to 0}x\,\sin(1/x)=0\)**

The lecture uses the squeeze theorem.  
For any \(x\neq 0\),

\[
-\,|x| \;\le\; x\,\sin(1/x) \;\le\; |x| ,
\]

because \(|\sin(1/x)|\le 1\).  
Both bounding sequences \(-|x|\) and \(|x|\) tend to \(0\) as \(x\to 0\).  
Hence, by the squeeze theorem,

\[
\lim_{x\to 0}x\,\sin(1/x)=0 .
\]

So the product \(x\,\sin(1/x)\) has a well‑defined limit (zero), even though \(\sin(1/x)\) itself has no limit at \(0\)."
18100a-lecture-14-multicam_360p_16_9,l1,Full Lecture Transcript,Consider the Heaviside function \( H(x)=0\) for \(x\le 0\) and \(H(x)=1\) for \(x>0\).  State the left‑hand and right‑hand limits of \(H\) at \(x=0\) and explain their relationship to the value \(H(0)\).  Why is \(H\) not continuous at \(0\)?,"The left‑hand limit is \\(\\lim_{x\\to0^-}H(x)=0\\) because all points left of \(0\) map to \(0\). The right‑hand limit is \\(\\lim_{x\\to0^+}H(x)=1\\) because all points right of \(0\) map to \(1\).  The value at the point is \(H(0)=0\).  Since the left and right limits are not equal, the limit at \(0\) does not exist, so \(H\) is not continuous at \(0\).","**Left‑hand limit (as \(x\to0^{-}\))**  
\[
\lim_{x\to0^{-}}H(x)=0 .
\]

**Right‑hand limit (as \(x\to0^{+}\))**  
\[
\lim_{x\to0^{+}}H(x)=1 .
\]

The value of the function at the point is  
\[
H(0)=0 .
\]

Thus the left‑hand limit equals the function value, but the right‑hand limit does not.  
Because the two one‑sided limits are different, the two‑sided limit \(\lim_{x\to0}H(x)\) does not exist (or, if one insists, it is not equal to \(H(0)\)).  

**Continuity at \(0\)**  
A function is continuous at a point \(c\) if \(\lim_{x\to c}f(x)=f(c)\).  
Since \(\lim_{x\to0}H(x)\) does not exist (the left and right limits disagree) and in particular it is not equal to \(H(0)\), the Heaviside function is **not continuous at \(0\)**."
18100a-lecture-14-multicam_360p_16_9,l1,Full Lecture Transcript,"The lecture outlined how to negate the definition of continuity.  Write the negated condition (using an \(\varepsilon\)-\(\delta\) formulation) that shows the function \(f(x)=\begin{cases}1,&x=0\\2,&x\neq0\end{cases}\) is not continuous at \(x=0\).  Specify the choice of the “bad” \(\varepsilon\) and explain why, for any \(\delta>0\), an appropriate \(x\) can be found.","The negated definition says: There exists \\(\\varepsilon>0\\) (the “bad” epsilon) such that for every \\(\\delta>0\\) there exists \\(x\\) with \\(|x-0|<\\delta\\) and \\(|f(x)-f(0)|\\ge\\varepsilon\\).  Here choose \\(\\varepsilon_{0}=1\\); \(f(0)=1\).  For any \\(\\delta>0\\) pick \(x=\tfrac\\delta2\\neq0\).  Then \\(|x-0|<\\delta\\) and \\(|f(x)-f(0)|=|2-1|=1\\ge\\varepsilon_{0}\\).  Thus the condition fails, proving \(f\) is not continuous at \(0\).","**Negated ε–δ condition**

The function \(f\) is **not** continuous at \(x=0\) precisely when

\[
\exists\,\varepsilon>0\;\; \forall\,\delta>0\;\; \exists\,x\in\mathbb R
\quad\text{such that}\quad |x-0|<\delta
\;\text{and}\;
|f(x)-f(0)|\ge \varepsilon .
\]

---

**Choice of the “bad” ε**

Take  
\[
\varepsilon_0 = 1 .
\]

Since \(f(0)=1\), we have

\[
|f(x)-f(0)|=
\begin{cases}
0 & \text{if }x=0,\\[4pt]
|2-1|=1 & \text{if }x\neq 0 .
\end{cases}
\]

Thus for any non‑zero \(x\) we already have \(|f(x)-f(0)|=1\ge\varepsilon_0\).

---

**Why an appropriate \(x\) can always be found for any \(\delta>0\)**

Let \(\delta>0\) be arbitrary.  
Choose any \(x\) with \(0<|x|<\delta\); for instance, take

\[
x=\frac{\delta}{2}\quad(\text{or any other non‑zero number smaller than }\delta).
\]

Then

* \( |x-0| = |x| < \delta\) (so the \(x\) lies inside the \(\delta\)-neighbourhood of \(0\)),
* \(x\neq 0\) (by construction), hence \(f(x)=2\),
* \( |f(x)-f(0)| = |2-1| = 1 = \varepsilon_0\).

Therefore the condition \(|f(x)-f(0)|\ge\varepsilon_0\) is satisfied.

Since this works for **every** \(\delta>0\), the negated ε–δ statement holds, proving that \(f\) is not continuous at \(x=0\)."
18100a-lecture-14-multicam_360p_16_9,origin,Full Lecture Transcript,"According to the lecture, how is the limit of a function as \(x\to c\) defined using \(\varepsilon\)‑\(\delta\) language?",For all \(\varepsilon>0\) there exists \(\delta>0\) such that for all \(x\in S\) with \(0<|x-c|<\delta\) we have \(|f(x)-L|<\varepsilon\).,"**Definition (ε–δ form).**  
Let \(S\subseteq\mathbb R\) and let \(c\) be a cluster point of \(S\).  
We say that  

\[
\lim_{x\to c}f(x)=L
\]

if and only if

> for every \(\varepsilon>0\) there exists a \(\delta>0\) such that  
> for all \(x\in S\) with \(0<|x-c|<\delta\) we have  
> \(|f(x)-L|<\varepsilon\).

In words: no matter how small a tolerance \(\varepsilon\) you choose, you can find a neighbourhood of \(c\) (of radius \(\delta\)) so that whenever \(x\) lies in that neighbourhood (but not equal to \(c\)), the value \(f(x)\) is within \(\varepsilon\) of the proposed limit \(L\)."
18100a-lecture-14-multicam_360p_16_9,origin,Full Lecture Transcript,"State the theorem, as presented, that connects the limit of a function to limits of sequences.","Let \(S\subseteq\mathbb{R}\), \(c\) a cluster point of \(S\), and \(f:S\to\mathbb{R}\). Then \(\displaystyle\lim_{x\to c}f(x)=L\) if and only if for every sequence \((x_n)\subseteq S\setminus\{c\}\) with \(x_n\to c\) we have \(f(x_n)\to L\).","**Theorem (Limit of a function ⇔ limits of all convergent sequences).**  
Let \(S\subseteq\mathbb{R}\) and let \(c\) be a cluster point of \(S\).  
Let \(f:S\to\mathbb{R}\).  
Then

\[
\lim_{x\to c}f(x)=L
\]

if and only if for **every** sequence \((x_n)\) with \(x_n\in S\setminus\{c\}\) and \(x_n\to c\) we have

\[
\lim_{n\to\infty}f(x_n)=L .
\]

In other words, the function \(f\) has limit \(L\) at \(c\) precisely when all sequences in \(S\) that converge to \(c\) are sent by \(f\) to sequences converging to \(L\)."
18100a-lecture-14-multicam_360p_16_9,origin,Full Lecture Transcript,"What is the precise condition that a function must satisfy at a point \(c\) to be considered continuous there, according to the lecture?","\(f\) is continuous at \(c\) precisely when \(\displaystyle\lim_{x\to c}f(x)=f(c)\), i.e., for every \(\varepsilon>0\) there exists \(\delta>0\) such that \(|x-c|<\delta\) implies \(|f(x)-f(c)|<\varepsilon\).","According to the lecture, a function \(f\) is **continuous at a point \(c\)** if and only if it satisfies the following ε–δ condition:

\[
\forall\,\varepsilon>0\;\exists\,\delta>0\;\text{such that}\;\forall\,x\in\text{dom}(f),\;|x-c|<\delta \;\Longrightarrow\; |f(x)-f(c)|<\varepsilon .
\]

In other words, for every positive tolerance \(\varepsilon\) we can find a neighborhood of \(c\) (of radius \(\delta\)) so that all points \(x\) within that neighborhood map to values \(f(x)\) that lie within \(\varepsilon\) of \(f(c)\). This is the precise condition for continuity at \(c\)."
18100a-lecture-14-multicam_360p_16_9,origin,Full Lecture Transcript,"Why, according to the lecture, can we discuss the limit of a function at a point where the function is not defined, and give an example mentioned in the text?","Because the epsilon‑delta definition requires only values of \(f\) *near* \(c\), not at \(c\) itself. The lecture gives the example \(f(x)=\begin{cases}0,&x\le 0\\1,&x>0\end{cases}\); the function is not defined at \(0\) in the usual sense, yet limits from the left and right can still be discussed.","**Why the limit can be discussed even when the function isn’t defined at the point**

In the lecture it is emphasized that a limit is a statement about the *behaviour of the function in a neighbourhood of the point*, not about the value of the function *at* that point.  
The definition of a limit says:

> For every \(\varepsilon>0\) there exists \(\delta>0\) such that  
> if \(0<|x-c|<\delta\) (and \(x\) is in the domain), then \(|f(x)-L|<\varepsilon\).

Notice that the condition \(0<|x-c|\) explicitly excludes the point \(x=c\).  
Therefore the function may be undefined at \(c\), or it may have any value there, and the limit can still exist and be well‑defined.

**Example given in the lecture**

The lecture gives the classic example:

\[
f(x)=
\begin{cases}
1 & \text{if } x=0,\\[4pt]
2 & \text{if } x\neq 0.
\end{cases}
\]

Here \(f\) is defined at \(x=0\), but the value at that point is irrelevant to the limit.  
Using the definition, one shows that for every \(\varepsilon>0\) we can choose \(\delta=1\) (or any positive number) and then for all \(x\neq 0\) with \(|x|<\delta\) we have \(|f(x)-2|=0<\varepsilon\).  
Thus

\[
\lim_{x\to 0} f(x)=2,
\]

even though \(f(0)=1\).  

The lecture also mentions the function \(\sin(1/x)\) defined on \(\mathbb{R}\setminus\{0\}\).  We can discuss \(\lim_{x\to 0}\sin(1/x)\) even though the function is not defined at \(x=0\); the limit simply does not exist in that case, but the discussion is still meaningful.

So, the key point is that limits depend only on values *near* the point, not on the value at the point itself, which allows us to talk about limits even when the function is undefined there."
18100a-lecture-14-multicam_360p_16_9,origin,Full Lecture Transcript,"State the one‑sided limit theorem and explain why the cluster point condition for the sets \((-\infty,c)\cap S\) and \((c,\infty)\cap S\) is required.","If \(S\subseteq\mathbb{R}\), \(c\) is a cluster point of both \(S\cap(-\infty,c)\) and \(S\cap(c,\infty)\), and \(f:S\to\mathbb{R}\). Then \(\displaystyle\lim_{x\to c}f(x)=L\) iff \(\displaystyle\lim_{x\to c^-}f(x)=L\) and \(\displaystyle\lim_{x\to c^+}f(x)=L\). The cluster point condition guarantees that there are points of \(S\) arbitrarily close to \(c\) from the left and from the right, so that the one‑sided limits are well‑defined.","**One‑sided limit theorem (from the lecture)**  

Let \(S\subseteq\mathbb R\) and let \(f:S\to\mathbb R\).  
Assume that  

* \(c\) is a cluster point of \((-\infty ,c)\cap S\) (so there are points of \(S\) arbitrarily close to \(c\) from the left), and  
* \(c\) is a cluster point of \((c,\infty)\cap S\) (so there are points of \(S\) arbitrarily close to \(c\) from the right).

Then  

\[
\lim_{x\to c^-}f(x)=L \quad\Longleftrightarrow\quad
\text{for every sequence }(x_n)\subset S\setminus\{c\}\text{ with }x_n<c\text{ and }x_n\to c,\;
f(x_n)\to L .
\]

Similarly,

\[
\lim_{x\to c^+}f(x)=L \quad\Longleftrightarrow\quad
\text{for every sequence }(x_n)\subset S\setminus\{c\}\text{ with }x_n>c\text{ and }x_n\to c,\;
f(x_n)\to L .
\]

---

### Why the cluster‑point condition is required

The definition of a one‑sided limit uses only the values of \(f\) on points of \(S\) that lie **strictly** to the left (or right) of \(c\).  
If \(c\) were **not** a cluster point of \((-\infty ,c)\cap S\), then there would be a gap: there would exist a \(\delta>0\) such that no point of \(S\) lies in \((c-\delta ,c)\). In that case:

* There would be no sequence \((x_n)\subset S\) with \(x_n<c\) that converges to \(c\).  
* The condition “for every such sequence, \(f(x_n)\to L\)” would be vacuously true for any \(L\), giving no meaningful information about the behaviour of \(f\) near \(c\).

Thus the cluster‑point hypothesis guarantees that:

1. **Sequences approaching \(c\) from the left/right actually exist.**  
2. **The one‑sided limit is a genuine property of \(f\) near \(c\)**, not a trivial statement.

Without this condition the theorem would either be meaningless (no points to approach from one side) or would incorrectly assert that every function has a left/right limit at every point. Hence the cluster‑point requirement is essential for the theorem to be well‑posed and useful."
18100a-lecture-14-multicam_360p_16_9,negations,Full Lecture Transcript,"In the lecture, the limit of a function \(f:\,S\subseteq\mathbb{R}\to\mathbb{R}\) as \(x\to c\) is shown to be equivalent to a statement about sequences.  State this equivalence and explain why the assumption that \(c\) is a cluster point of \(S\) is essential.","The theorem states that for a function \(f\) defined on \(S\) and for \(c\) a cluster point of \(S\), \(\displaystyle \lim_{x\to c}f(x)=L\) if and only if for **every** sequence \((x_n)\subseteq S\setminus\{c\}\) with \(x_n\to c\) we have \(f(x_n)\to L\).  The cluster‑point hypothesis guarantees that such sequences exist and that they stay within the domain \(S\).","**Equivalence**

Let \(S\subseteq\mathbb{R}\) and \(f:S\to\mathbb{R}\).  
Assume that \(c\) is a cluster point of \(S\).  
Then

\[
\boxed{\;\lim_{x\to c}f(x)=L\quad\Longleftrightarrow\quad
\text{for every sequence }(x_n)\subseteq S\setminus\{c\}\text{ with }x_n\to c,
\;f(x_n)\to L.\;}
\]

In words: the function has limit \(L\) at \(c\) iff every sequence of points of \(S\) (different from \(c\)) that converges to \(c\) is sent by \(f\) to a sequence that converges to \(L\).

---

**Why the cluster‑point assumption is essential**

1. **Existence of sequences approaching \(c\).**  
   If \(c\) is not a cluster point of \(S\), there is a neighbourhood of \(c\) that contains no points of \(S\) other than possibly \(c\) itself. In that case no sequence of distinct points of \(S\) can converge to \(c\). The “for every sequence” part of the equivalence would then be vacuously true for *any* \(L\), giving no useful information about the behaviour of \(f\) near \(c\).

2. **Non‑triviality of the limit definition.**  
   The \(\varepsilon\)–\(\delta\) definition of \(\lim_{x\to c}f(x)=L\) requires that for every \(\varepsilon>0\) we can find points of \(S\) arbitrarily close to \(c\) (i.e., \(0<|x-c|<\delta\)). This is precisely the content of \(c\) being a cluster point. Without it, the definition would be satisfied by any \(L\) because the condition “\(0<|x-c|<\delta\)” would never be met.

Thus the cluster‑point hypothesis guarantees that the limit is a genuine statement about the behaviour of \(f\) near \(c\) and that the sequence characterization is meaningful and equivalent."
18100a-lecture-14-multicam_360p_16_9,negations,Full Lecture Transcript,"Using the equivalence from the previous question, outline a proof that \(\displaystyle \lim_{x\to c}x^{2}=c^{2}\) for any real number \(c\), without re‑deriving the \(\varepsilon\!-\!\delta\) definition from scratch.","Take any arbitrary sequence \((x_n)\) in \(S\) with \(x_n\to c\).  Since each \(x_n\to c\) and the product of two convergent sequences converges to the product of the limits, we have \(x_n^2\to c^2\).  Thus for every such sequence \(f(x_n)=x_n^2\to c^2\).  By the equivalence theorem, the limit of \(x^2\) as \(x\to c\) exists and equals \(c^2\).","**Outline of the proof (using the sequence‑criterion for limits)**  

1. **Set‑up**  
   - Let \(f(x)=x^{2}\) and let \(c\in\mathbb{R}\).  
   - The point \(c\) is a cluster point of \(\mathbb{R}\) (every real number is a cluster point of the real line).  
   - We want to show \(\displaystyle \lim_{x\to c}f(x)=c^{2}\).

2. **Apply the sequence‑criterion**  
   The theorem proved in the lecture states:  
   \[
   \lim_{x\to c}f(x)=L \quad\Longleftrightarrow\quad
   \text{for every sequence }(x_{n})\subset\mathbb{R}\text{ with }x_{n}\to c,
   \text{ we have }f(x_{n})\to L .
   \]
   Thus it suffices to show that for *any* sequence \((x_{n})\) converging to \(c\), the sequence \((x_{n}^{2})\) converges to \(c^{2}\).

3. **Take an arbitrary convergent sequence**  
   Let \((x_{n})\) be any sequence in \(\mathbb{R}\) such that \(x_{n}\to c\).

4. **Use the algebra of limits**  
   From the earlier part of the lecture we already know that the product of two convergent sequences converges to the product of their limits.  
   Since \(x_{n}\to c\) and \(x_{n}\to c\) (the same sequence), we have
   \[
   x_{n}\cdot x_{n}\;\longrightarrow\; c\cdot c = c^{2}.
   \]
   But \(x_{n}\cdot x_{n}=x_{n}^{2}\), so \((x_{n}^{2})\to c^{2}\).

5. **Conclude by the criterion**  
   Because the above holds for *every* sequence \((x_{n})\) converging to \(c\), the sequence‑criterion tells us that
   \[
   \lim_{x\to c}x^{2}=c^{2}.
   \]

---

**Summary**  
By the equivalence theorem, it is enough to verify the limit along all convergent sequences. Taking an arbitrary sequence \((x_{n})\to c\) and applying the product rule for limits gives \((x_{n}^{2})\to c^{2}\). Hence \(\displaystyle \lim_{x\to c}x^{2}=c^{2}\) for every real \(c\)."
18100a-lecture-14-multicam_360p_16_9,negations,Full Lecture Transcript,"According to the lecture, what is the equivalent statement that expresses “the limit \(\lim_{x\to c}f(x)\) does not exist (or does not equal \(L\))” in terms of sequences?",The negation can be expressed as:  \(\displaystyle \lim_{x\to c}f(x)\) does not equal \(L\) (or fails to exist) iff there **exists** a sequence \((x_n)\subseteq S\setminus\{c\}\) with \(x_n\to c\) such that the sequence \((f(x_n))\) does **not** converge to \(L\).,"According to the lecture, the negation of the limit statement can be expressed by a sequence:

\[
\lim_{x\to c}f(x)\neq L \quad\Longleftrightarrow\quad 
\text{there exists a sequence }(x_n)\text{ with }x_n\to c\text{ such that }f(x_n)\text{ does **not** converge to }L.
\]

In other words, if the limit does not exist (or is not equal to \(L\)), one can find a sequence approaching \(c\) whose image under \(f\) fails to converge to \(L\)."
18100a-lecture-14-multicam_360p_16_9,negations,Full Lecture Transcript,Define the one‑sided limits \(\lim_{x\to c^-}f(x)\) and \(\lim_{x\to c^+}f(x)\) as given in the lecture.  What conditions on the set \(S\) and the point \(c\) guarantee that each of these limits is meaningful?,"Left limit: \(\displaystyle \lim_{x\to c^-}f(x)=L\) means that for every \(\varepsilon>0\) there is \(\delta>0\) such that whenever \(c-\delta<x<c\) (with \(x\in S\)), we have \(|f(x)-L|<\varepsilon\).  Right limit: \(\displaystyle \lim_{x\to c^+}f(x)=L\) means the analogous condition for \(c<x<c+\delta\).  These limits are meaningful only if \(c\) is a cluster point of \(S\cap(-\infty,c)\) for the left limit and of \(S\cap(c,\infty)\) for the right limit.","**One‑sided limits (definition)**  

Let \(S\subseteq\mathbb R\) and let \(f:S\to\mathbb R\).  
For a point \(c\in\mathbb R\) we say  

\[
\boxed{\displaystyle \lim_{x\to c^-}f(x)=L}
\]

iff  

\[
\forall\,\varepsilon>0\;\exists\,\delta>0\;\text{such that}\;
\bigl(c-\delta<x<c\bigr)\;\wedge\;x\in S
\;\Longrightarrow\;|f(x)-L|<\varepsilon .
\]

Similarly,

\[
\boxed{\displaystyle \lim_{x\to c^+}f(x)=L}
\]

iff  

\[
\forall\,\varepsilon>0\;\exists\,\delta>0\;\text{such that}\;
\bigl(c<x<c+\delta\bigr)\;\wedge\;x\in S
\;\Longrightarrow\;|f(x)-L|<\varepsilon .
\]

---

**When are these limits “meaningful’’?**  

A one‑sided limit can only be discussed if there are points of the domain \(S\) that approach \(c\) from the corresponding side. In the language of the lecture this means that \(c\) must be a *cluster point* of the appropriate subset of \(S\):

| Limit | Condition on \(S\) and \(c\) |
|-------|------------------------------|
| \(\displaystyle \lim_{x\to c^-}f(x)\) | \(c\) is a cluster point of \(S\cap(-\infty,c)\).  Equivalently, for every \(\delta>0\) the set \((c-\delta,c)\cap S\) is non‑empty. |
| \(\displaystyle \lim_{x\to c^+}f(x)\) | \(c\) is a cluster point of \(S\cap(c,\infty)\).  Equivalently, for every \(\delta>0\) the set \((c,c+\delta)\cap S\) is non‑empty. |

If \(c\) is **not** a cluster point of the relevant side‑subset, then there are no points of \(S\) arbitrarily close to \(c\) from that side, and the one‑sided limit is not defined (or is vacuously true but not useful).  

Thus, the meaningfulness of each one‑sided limit is guaranteed precisely by the existence of domain points arbitrarily close to \(c\) from the left (for the left limit) or from the right (for the right limit)."
18100a-lecture-14-multicam_360p_16_9,negations,Full Lecture Transcript,"Write the negated definition of continuity at a point \(c\) as described in the lectures.  Then apply this negated definition to show that the function \(f(x)=\begin{cases}1,&x=0\\2,&x\neq0\end{cases}\) is not continuous at \(0\).","The negated definition states:  \(f\) is **not** continuous at \(c\) iff there exists \(\varepsilon>0\) such that for every \(\delta>0\) there is an \(x\in S\) with \(|x-c|<\delta\) and \(|f(x)-f(c)|\ge\varepsilon\).  For the given \(f\) we take \(\varepsilon=1\).  For any \(\delta>0\) choose \(x=\delta/2\) (which is non‑zero).  Then \(|x-0|<\delta\) and \(|f(x)-f(0)|=|2-1|=1\ge\varepsilon\).  Hence the condition holds, so \(f\) is not continuous at \(0\).","**Negated definition of continuity at a point \(c\)**  

A function \(f\) is **not** continuous at \(c\) iff  

\[
\exists\,\varepsilon>0\;\; \forall\,\delta>0\;\; \exists\,x\in\mathbb R
\quad\text{such that}\quad |x-c|<\delta
\;\text{and}\;
|f(x)-f(c)|\ge \varepsilon .
\]

In words: there is some positive “bad” \(\varepsilon\) for which no matter how small a neighbourhood of \(c\) you take, you can always find a point inside that neighbourhood where the function value is at least \(\varepsilon\) away from \(f(c)\).

---

### Applying the negated definition to  
\[
f(x)=\begin{cases}
1,&x=0\\[4pt]
2,&x\neq 0
\end{cases}
\]

1. **Choose a bad \(\varepsilon\).**  
   Take \(\varepsilon = 1\).  
   (Any \(\varepsilon\le 1\) would also work, but 1 is convenient.)

2. **Show that for every \(\delta>0\) we can find an \(x\) with the required properties.**  
   Let \(\delta>0\) be arbitrary.  
   Pick any \(x\neq 0\) with \(|x|<\delta\) (for instance \(x=\delta/2\)).  
   Then  
   \[
   |x-0|=|x|<\delta,
   \qquad
   f(x)=2,\quad f(0)=1,
   \qquad
   |f(x)-f(0)|=|2-1|=1\ge\varepsilon .
   \]

   Thus the condition “\(|x-c|<\delta\) and \(|f(x)-f(c)|\ge\varepsilon\)” is satisfied for this \(x\).

3. **Conclusion.**  
   Since we have found an \(\varepsilon>0\) (namely \(\varepsilon=1\)) such that for every \(\delta>0\) there exists an \(x\) with \(|x-0|<\delta\) and \(|f(x)-f(0)|\ge\varepsilon\), the negated definition is fulfilled.  
   Therefore \(f\) is **not continuous at \(0\)**."
18100a-lecture-14-multicam_360p_16_9,limit,Full Lecture Transcript,"What are the precise epsilon‑delta conditions for the limit of a function \(f\) at a point \(c\), as explained in the lecture?","For all \(\varepsilon>0\) there exists \(\delta>0\) such that for all \(x\in S\) with \(0<|x-c|<\delta\) one has \(|f(x)-L|<\varepsilon\).  Here \(\varepsilon\) measures how close we want \(f(x)\) to be to the proposed limit \(L\), and \(\delta\) tells us how close \(x\) must be to \(c\) to guarantee that closeness.","**Epsilon–delta definition of a limit (two‑sided)**  

Let \(S\subseteq\mathbb R\) be the domain of the function \(f\) and let \(c\) be a cluster point of \(S\).  
We say that  

\[
\lim_{x\to c}f(x)=L
\]

iff  

> **For every** \(\varepsilon>0\) **there exists** \(\delta>0\) **such that for every** \(x\in S\) **with**  
> \[
> 0<|x-c|<\delta
> \]
> **we have**  
> \[
> |f(x)-L|<\varepsilon .
> \]

(Notice that the condition \(0<|x-c|<\delta\) excludes the point \(x=c\) itself; the limit concerns the behaviour of \(f\) *near* \(c\).)

---

**One‑sided limits**

*Left limit* (approaching \(c\) from the left):

\[
\lim_{x\to c^-}f(x)=L
\]

iff  

> **For every** \(\varepsilon>0\) **there exists** \(\delta>0\) **such that for every** \(x\in S\) **with**  
> \[
> c-\delta < x < c
> \]
> **we have**  
> \[
> |f(x)-L|<\varepsilon .
> \]

*Right limit* (approaching \(c\) from the right):

\[
\lim_{x\to c^+}f(x)=L
\]

iff  

> **For every** \(\varepsilon>0\) **there exists** \(\delta>0\) **such that for every** \(x\in S\) **with**  
> \[
> c < x < c+\delta
> \]
> **we have**  
> \[
> |f(x)-L|<\varepsilon .
> \]

---

**Continuity at a point**

A function \(f\) is *continuous* at \(c\in S\) precisely when

\[
\lim_{x\to c}f(x)=f(c),
\]

i.e. the epsilon–delta condition above holds with \(L=f(c)\)."
18100a-lecture-14-multicam_360p_16_9,limit,Full Lecture Transcript,"Summarize the theorem that connects the limit of a function to limits of sequences of points approaching the cluster point, as presented in the lecture.","If \(f:S\to\mathbb{R}\) and \(c\) is a cluster point of \(S\), then \(\displaystyle\lim_{x\to c}f(x)=L\) if and only if for every sequence \((x_n)\subset S\setminus\{c\}\) with \(x_n\to c\) one has \(f(x_n)\to L\).","**Theorem (Limit of a function via sequences).**  
Let \(S\subseteq\mathbb{R}\), let \(c\) be a cluster point of \(S\), and let \(f:S\to\mathbb{R}\).  
Then

\[
\lim_{x\to c}f(x)=L
\]

if and only if for **every** sequence \((x_n)\) of points in \(S\setminus\{c\}\) that converges to \(c\) we have

\[
\lim_{n\to\infty}f(x_n)=L .
\]

In other words, the function \(f\) approaches the value \(L\) at \(c\) precisely when all sequences of points from \(S\) that get arbitrarily close to \(c\) produce function values that converge to \(L\)."
18100a-lecture-14-multicam_360p_16_9,limit,Full Lecture Transcript,"Using the theorem and the fact that the product of convergent sequences converges, outline why \(\displaystyle \lim_{x\to c}x^{2}=c^{2}\) holds as discussed.","Take \(f(x)=x^2\).  For any sequence \((x_n)\subset S\) with \(x_n\to c\), the product \(x_n\cdot x_n\) is a product of two convergent sequences, so \(x_n^2\to c^2\).  By the equivalence theorem above, this shows that \(\displaystyle\lim_{x\to c}x^2=c^2\).","**Outline of the proof that \(\displaystyle \lim_{x\to c}x^{2}=c^{2}\)**  

1. **Choose the function and the set**  
   - Let \(f(x)=x^{2}\).  
   - Take the domain \(S=\mathbb{R}\) (or any set containing \(c\)).  

2. **Apply the “sequence‑to‑limit” theorem**  
   - The theorem says:  
     \[
     \lim_{x\to c}f(x)=L \quad\Longleftrightarrow\quad
     \text{for every sequence }(x_n)\subset S\setminus\{c\}\text{ with }x_n\to c,
     \;f(x_n)\to L .
     \]

3. **Take an arbitrary sequence converging to \(c\)**  
   - Let \((x_n)\) be any sequence in \(S\setminus\{c\}\) such that \(x_n\to c\).  

4. **Use the product rule for sequences**  
   - Since \(x_n\to c\), the sequence \((x_n)\) is convergent.  
   - The product of two convergent sequences is convergent; apply it to the pair \((x_n)\) and \((x_n)\).  
   - Hence \((x_n^2)\) converges, and its limit is the product of the limits:  
     \[
     \lim_{n\to\infty}x_n^2 = \left(\lim_{n\to\infty}x_n\right)^2 = c^2 .
     \]

5. **Conclude via the theorem**  
   - We have shown that for *every* sequence \((x_n)\) converging to \(c\), the sequence \((x_n^2)\) converges to \(c^2\).  
   - By the sequence‑to‑limit theorem, this is exactly the statement that  
     \[
     \lim_{x\to c}x^{2}=c^{2}.
     \]

Thus, using the theorem that links limits of functions to limits of sequences and the fact that the product of convergent sequences converges, we obtain the desired limit."
18100a-lecture-14-multicam_360p_16_9,limit,Full Lecture Transcript,"Explain the method used in the lecture to show that \(\displaystyle \lim_{x\to 0}\sin\!\Big(\frac{1}{x}\Big)\) does not exist, including the specific sequence chosen.","Choose the sequence \(x_n=\dfrac{1}{\frac{(2n-1)\pi}{2}}=\dfrac{2}{(2n-1)\pi}\).  Then \(x_n\to0\) but \(\sin\!\big(\tfrac{1}{x_n}\big)=\sin\!\big(\tfrac{(2n-1)\pi}{2}\big)=(-1)^{\,n-1}\), which alternates between \(1\) and \(-1\) and does not converge.  By the theorem, because there exists a sequence converging to \(0\) whose image under \(\sin(1/x)\) does not converge, the limit \(\displaystyle\lim_{x\to 0}\sin(1/x)\) does not exist.","**Method used in the lecture**

The lecture uses the *sequential characterization of limits* for functions:

> The limit \(\displaystyle \lim_{x\to c}f(x)=L\) exists **iff** for **every** sequence \((x_n)\) with \(x_n\to c\) (and \(x_n\neq c\) for all \(n\)), the sequence \((f(x_n))\) converges to \(L\).

To prove that a limit **does not** exist, it is enough to find **one** sequence that approaches the point of interest but for which the image under the function does **not** converge.

**Application to \(\displaystyle \lim_{x\to 0}\sin\!\Big(\frac{1}{x}\Big)\)**

1. **Choose a sequence that tends to \(0\).**  
   The lecturer picks  
   \[
   x_n \;=\; \frac{2}{(2n-1)\pi}\qquad(n=1,2,3,\dots)
   \]
   Because \((2n-1)\pi\to\infty\), we have \(x_n\to 0\).

2. **Evaluate the function on this sequence.**  
   \[
   \sin\!\Big(\frac{1}{x_n}\Big)
   \;=\;
   \sin\!\Big(\frac{(2n-1)\pi}{2}\Big)
   \;=\;
   \sin\!\Big(\frac{\pi}{2},\,\frac{3\pi}{2},\,\frac{5\pi}{2},\dots\Big)
   \;=\;
   (-1)^{\,n+1}.
   \]

   Thus the sequence \(\bigl(\sin(1/x_n)\bigr)\) alternates between \(1\) and \(-1\).

3. **Show that this image sequence does not converge.**  
   Since the terms keep oscillating between two distinct values, the sequence has no limit.

4. **Conclude that the original limit does not exist.**  
   Because we found a sequence \(x_n\to 0\) for which \(\sin(1/x_n)\) fails to converge, the sequential criterion tells us that  
   \[
   \lim_{x\to 0}\sin\!\Big(\frac{1}{x}\Big)
   \]
   cannot exist.

**Summary**

The lecture demonstrates non‑existence of the limit by the sequential method: pick a sequence approaching \(0\) (here \(x_n = 2/[(2n-1)\pi]\)), compute \(\sin(1/x_n)\), observe that it oscillates between \(1\) and \(-1\) and therefore does not converge, and conclude that the limit \(\lim_{x\to 0}\sin(1/x)\) does not exist."
18100a-lecture-14-multicam_360p_16_9,limit,Full Lecture Transcript,"What is the statement relating the existence of a two‑sided limit to the equality of the left and right limits, as stated in the lecture?","Let \(S\subset\mathbb{R}\), \(c\) a cluster point of both \((-\infty,c)\cap S\) and \((c,\infty)\cap S\).  Then \(\displaystyle\lim_{x\to c}f(x)=L\) if and only if the left‑hand limit \(\displaystyle\lim_{x\to c^-}f(x)=L\) and the right‑hand limit \(\displaystyle\lim_{x\to c^+}f(x)=L\).  Thus a two‑sided limit exists and equals \(L\) precisely when both one‑sided limits exist and are equal to \(L\).","The lecture states that  

**“The limit of \(f\) at \(c\) exists and equals \(L\) if and only if the left‑hand limit and the right‑hand limit both exist and are equal to \(L\).”**  

In other words,  
\[
\lim_{x\to c}f(x)=L \quad\Longleftrightarrow\quad 
\lim_{x\to c^-}f(x)=\lim_{x\to c^+}f(x)=L .
\]"
18100a-lecture-14-multicam_360p_16_9,absolute value,Full Lecture Transcript,State the theorem that relates the limit of a function at a cluster point \(c\) to limits of sequences approaching \(c\).,"Let \\(S\\subseteq\\mathbb{R}\\) and \\(c\\) be a cluster point of \\(S\\).  Then\n\n\\[\\lim_{x\\to c}\\!f(x)=L\\quad\\text{iff}\\quad\\forall\\ \\text{sequences }(x_{n})\\subset S\\setminus\\{c\\}\\text{ with }x_{n}\\to c,\;\\;f(x_{n})\\to L.\\]","**Theorem (Sequential characterization of a limit).**  
Let \(S\subseteq\mathbb R\), let \(c\) be a cluster point of \(S\), and let  
\(f:S\to\mathbb R\).  Then

\[
\lim_{x\to c}f(x)=L
\]

if and only if for **every** sequence \((x_n)\) with \(x_n\in S\setminus\{c\}\) and  
\(x_n\to c\) we have

\[
f(x_n)\longrightarrow L .
\]

In other words, the function \(f\) tends to \(L\) at the cluster point \(c\) precisely when all sequences in its domain that converge to \(c\) produce function values that converge to \(L\)."
18100a-lecture-14-multicam_360p_16_9,absolute value,Full Lecture Transcript,Explain how to use the sequence theorem to show that for the function \(f(x)=x^{2}\) we have \\(\\displaystyle\\lim_{x\\to c}f(x)=c^{2}\\).,"Take an arbitrary sequence \\((x_{n})\\) such that \\(x_{n}\\to c\\).  Since the sequence of real numbers \\((x_{n}^{2})\\) is the product of the convergent sequence \\((x_{n})\\) with itself, it converges to \\(c^{2}\\).  Hence, by the sequence–limit theorem, \\(\\lim_{x\\to c}x^{2}=c^{2}\\).","**Using the sequence theorem**

The lecture gives the following equivalence (the *sequence theorem* for limits of functions):

> Let \(S\subseteq\mathbb{R}\) and let \(c\) be a cluster point of \(S\).  
> For a function \(f:S\to\mathbb{R}\) we have  
> \[
> \lim_{x\to c}f(x)=L
> \]
> **iff** for **every** sequence \((x_n)\subseteq S\setminus\{c\}\) that converges to \(c\) we have  
> \[
> f(x_n)\longrightarrow L .
> \]

So to prove \(\displaystyle\lim_{x\to c}x^{2}=c^{2}\) we only need to show that for **any** sequence \((x_n)\) with \(x_n\to c\) we have \(x_n^{2}\to c^{2}\).

---

### Step 1 – Take an arbitrary sequence converging to \(c\)

Let \((x_n)\) be any sequence in \(\mathbb{R}\) such that \(x_n\to c\) as \(n\to\infty\).

---

### Step 2 – Use the product rule for convergent sequences

From the lecture we already proved that the product of two convergent sequences is convergent, and its limit is the product of the limits.  
Since \(x_n\to c\), we also have \(x_n\to c\) (the same sequence).  
Therefore

\[
x_n^{2}=x_n\cdot x_n \;\longrightarrow\; c\cdot c = c^{2}.
\]

---

### Step 3 – Apply the sequence theorem

Because **every** sequence \((x_n)\) that converges to \(c\) satisfies \(x_n^{2}\to c^{2}\), the sequence theorem tells us that

\[
\lim_{x\to c}x^{2}=c^{2}.
\]

---

### Summary

1. Pick any sequence \((x_n)\) with \(x_n\to c\).  
2. By the product rule, \(x_n^{2}\to c^{2}\).  
3. By the sequence theorem, this implies \(\displaystyle\lim_{x\to c}x^{2}=c^{2}\).

Thus the limit of \(f(x)=x^{2}\) at any point \(c\) is \(c^{2}\)."
18100a-lecture-14-multicam_360p_16_9,absolute value,Full Lecture Transcript,What is the precise condition that characterises a function \(f\) being continuous at a point \(c\\)?,A function \\(f\\) is continuous at a point \\(c\\in S\\) precisely when\n\n\\[\\lim_{x\\to c}\\!f(x)=f(c).\\],"A function \(f\) is **continuous at a point \(c\)** (with \(c\) in the domain of \(f\)) precisely when  

\[
\forall\,\varepsilon>0\;\exists\,\delta>0\;\text{such that}\;\forall\,x\in\text{dom}(f),\;
|x-c|<\delta \;\Longrightarrow\; |f(x)-f(c)|<\varepsilon .
\]

Equivalently, the limit of \(f(x)\) as \(x\) approaches \(c\) equals the value of the function at \(c\):  

\[
\lim_{x\to c}f(x)=f(c).
\]"
18100a-lecture-14-multicam_360p_16_9,absolute value,Full Lecture Transcript,"For the function \\(f(x)=\\begin{cases}1,&x=0\\2,&x\\neq 0\\end{cases}\\), give the specific choice of \(\\varepsilon\) and describe why this function fails the continuity definition at \(x=0\\).","Take \\(\\varepsilon=1\\).  For any \\(\\delta>0\\) choose \\(x=\\delta/2\\) (so \\(0<|x-0|<\\delta\\)).  Then\n\n\\[|f(x)-f(0)|=|2-1|=1\\ge\\varepsilon,\\]\n\nwhich contradicts the definition of continuity at \\(0\\).  Thus the function is not continuous at \\(0\\).","**Choice of ε**

Take  
\[
\varepsilon_0 = 1 .
\]

**Why the function is not continuous at \(x=0\)**  

The definition of continuity at a point \(c\) says that for every \(\varepsilon>0\) there must exist a \(\delta>0\) such that  
\[
|x-c|<\delta \;\Longrightarrow\; |f(x)-f(c)|<\varepsilon .
\]

For the given function \(f\) we have \(f(0)=1\).  
Choose \(\varepsilon_0=1\).  
Now let \(\delta>0\) be arbitrary. Because every neighbourhood of \(0\) contains points \(x\neq 0\), we can pick an \(x\) with \(0<|x|<\delta\). For such an \(x\),

\[
|f(x)-f(0)| = |2-1| = 1 \ge \varepsilon_0 .
\]

Thus, for this \(\varepsilon_0\) no matter how small \(\delta\) is chosen, we can always find an \(x\) within \(\delta\) of \(0\) that violates the inequality \(|f(x)-f(0)|<\varepsilon_0\).  

Hence the function fails the continuity definition at \(x=0\)."
18100a-lecture-14-multicam_360p_16_9,absolute value,Full Lecture Transcript,State the theorem that connects the limit of a function with the limit of its absolute value.,"If \\(\\displaystyle\\lim_{x\\to c}\\!f(x)=L\\), then\n\n\\[\\displaystyle\\lim_{x\\to c}\\!\\lvert f(x)\\rvert=\\lvert L\\rvert.\\]","**Theorem (Absolute value and limits).**  
If  
\[
\lim_{x\to c} f(x)=L,
\]  
then  
\[
\lim_{x\to c} |f(x)|=|L|.
\]"
18100a-lecture-14-multicam_360p_16_9,L2 space,Full Lecture Transcript,"In the lecture, why does the definition of a limit of a function care only about points close to \(c\) but not about the value of the function at \(c\) itself?",The definition uses only the statement \(\lvert x-c\rvert<\delta\) for all \(x\) with \(x\neq c\).  It never requires that \(f(c)\) be defined or equal to the limit–it only demands that values of \(f\) near \(c\) get arbitrarily close to \(L\).  Therefore the behaviour at the exact point \(c\) is irrelevant for the limit.,"In the lecture the definition of a limit is written with the condition  

\[
0<|x-c|<\delta ,
\]

which explicitly **excludes the point \(x=c\)**.  
The idea is that a limit describes how the values of \(f(x)\) behave **as \(x\) gets arbitrarily close to \(c\)**, not what the function actually equals at the point itself.  

Because the definition only talks about points \(x\) that are *near* \(c\) (but not equal to \(c\)), the value of \(f(c)\) is irrelevant to the limit. The limit can exist even if \(f(c)\) is undefined, or if it is defined but different from the limiting value. Continuity, on the other hand, is the extra condition that ties the limit to the function’s value at the point:  

\[
\lim_{x\to c}f(x)=f(c).
\]

So the lecture emphasizes that limits concern the “near‑by” behavior of the function, while continuity connects that behavior to the actual value at the point."
18100a-lecture-14-multicam_360p_16_9,L2 space,Full Lecture Transcript,"According to the theorem discussed, how can we characterize the limit of a function \(f\) at a cluster point \(c\) in terms of sequences converging to \(c\)?","The theorem states: \(\displaystyle \lim_{x\to c}f(x)=L\) if and only if for every sequence \((x_n)\) with \(x_n\in S\setminus\{c\}\) and \(x_n\to c\), we have \(f(x_n)\to L\).","According to the theorem,  

\[
\lim_{x\to c}f(x)=L
\]

if and only if **every** sequence \((x_n)\) of points in the domain of \(f\) (with \(x_n\neq c\)) that converges to \(c\) has the property that the sequence of function values \((f(x_n))\) converges to \(L\).  In other words, the limit of the function at the cluster point \(c\) is characterized by the limits of all sequences approaching \(c\)."
18100a-lecture-14-multicam_360p_16_9,L2 space,Full Lecture Transcript,What condition in the lecture guarantees that the two one‑sided limits of a function at a point \(c\) exist and are equal to the two‑sided limit?,The lecture shows that \(\displaystyle \lim_{x\to c}f(x)=L\) exists and equals \(L\) precisely when \(\displaystyle \lim_{x\to c^-}f(x)=L\) and \(\displaystyle \lim_{x\to c^+}f(x)=L\).,"The lecture states that a two‑sided limit exists and equals \(L\) **iff** the two one‑sided limits exist and are equal to the same value.  
In other words, the condition is:

> **Both the left‑hand limit \(\displaystyle \lim_{x\to c^-}f(x)\) and the right‑hand limit \(\displaystyle \lim_{x\to c^+}f(x)\) exist and are equal to the same number \(L\).**  

When this holds, the two‑sided limit \(\displaystyle \lim_{x\to c}f(x)\) exists and equals \(L\)."
18100a-lecture-14-multicam_360p_16_9,L2 space,Full Lecture Transcript,"When proving that the affine function \(f(x)=ax+b\) is continuous at every real number, why does the proof choose \(\delta=\varepsilon/(1+|a|)\) and how does this choice work?",Choosing \(\delta=\varepsilon/(1+|a|)\) guarantees that \(|f(x)-f(c)|=|a(x-c)|\le |a|\lvert x-c\rvert < |a|\delta \le \varepsilon\).  The extra \(+1\) in the denominator ensures \(\delta\) is positive even if \(a=0\) and keeps the bound valid for any real \(a\).,"**Why the choice \(\displaystyle \delta=\frac{\varepsilon}{\,1+|a|\,}\) is made**

When we want to prove that the affine function  

\[
f(x)=ax+b ,\qquad a,b\in\mathbb R,
\]

is continuous at an arbitrary point \(c\in\mathbb R\), we must show that for every
\(\varepsilon>0\) there is a \(\delta>0\) such that

\[
|x-c|<\delta \;\Longrightarrow\; |f(x)-f(c)|<\varepsilon .
\]

Because  

\[
|f(x)-f(c)|=|ax+b-(ac+b)|=|a||x-c|,
\]

the inequality we need to satisfy is

\[
|a||x-c|<\varepsilon .
\]

If we simply chose \(\delta=\varepsilon/|a|\), we would run into a problem when
\(a=0\) (division by zero).  To avoid this special case and to have a single
formula that works for every \(a\), we add a harmless “\(1\)” in the denominator:

\[
\boxed{\;\delta=\frac{\varepsilon}{\,1+|a|\,}\;}
\]

**How this choice works**

1. **\(\delta\) is positive** – because \(\varepsilon>0\) and \(1+|a|>0\).

2. **It guarantees the desired inequality**  
   If \(|x-c|<\delta\), then

   \[
   |f(x)-f(c)|=|a||x-c|
   <|a|\delta
   =|a|\frac{\varepsilon}{1+|a|}
   =\varepsilon\;\frac{|a|}{1+|a|}
   <\varepsilon ,
   \]

   since \(\frac{|a|}{1+|a|}<1\) for every real \(a\).

3. **It works even when \(a=0\)** – then \(\delta=\varepsilon/(1+0)=\varepsilon\),
   and the inequality becomes \(0<\varepsilon\), which is trivially true.

Thus the choice \(\delta=\varepsilon/(1+|a|)\) provides a single, uniform
\(\delta\) that works for all real \(a\) and ensures that the affine function
is continuous at every point \(c\)."
18100a-lecture-14-multicam_360p_16_9,L2 space,Full Lecture Transcript,"Using the definition of continuity presented, write down the logical negation that expresses ""\(f\) is not continuous at \(c\)”.","The negation is: \(\displaystyle \exists\,\varepsilon>0\;\forall\,\delta>0\;\exists\,x\in S\;\bigl(|x-c|<\delta\ \wedge\ |f(x)-f(c)|\ge\varepsilon\bigr)\).","Using the ε–δ definition of continuity at a point \(c\),

\[
\forall \varepsilon>0\;\exists \delta>0\;\forall x\in\text{dom}(f)\;
\bigl(|x-c|<\delta \;\Longrightarrow\; |f(x)-f(c)|<\varepsilon\bigr),
\]

the logical negation (i.e. “\(f\) is **not** continuous at \(c\)”) is

\[
\boxed{\;\exists \varepsilon>0\;\forall \delta>0\;\exists x\in\text{dom}(f)\;
\bigl(|x-c|<\delta \;\text{and}\; |f(x)-f(c)|\ge \varepsilon\bigr)\; }.
\]

In words: there is some positive tolerance \(\varepsilon\) such that no matter how small a neighbourhood \(\delta\) you choose around \(c\), you can always find a point \(x\) within that neighbourhood for which the function value differs from \(f(c)\) by at least \(\varepsilon\)."
18100a-lecture-14-multicam_360p_16_9,pi,Full Lecture Transcript,"According to the lecture, what is the formal $\varepsilon$–$\delta$ condition that must be satisfied for $\lim_{x\to c}f(x)=L$?",For every $\varepsilon>0$ there exists a $\delta>0$ such that for all $x$ (belonging to the domain) with $0<|x-c|<\delta$ we have $|f(x)-L|<\varepsilon$.,"According to the lecture, the limit \(\displaystyle \lim_{x\to c}f(x)=L\) is defined by the following ε–δ condition:

> **For every** \(\varepsilon>0\) **there exists** \(\delta>0\) **such that for all** \(x\) (with \(x\) in the domain of \(f\))  
> \[
> 0<|x-c|<\delta \quad\Longrightarrow\quad |f(x)-L|<\varepsilon .
> \]

In words: given any tolerance \(\varepsilon\), we can find a neighbourhood of \(c\) (of radius \(\delta\)) so that whenever \(x\) lies within that neighbourhood (but not equal to \(c\)), the value \(f(x)\) lies within \(\varepsilon\) of the limit \(L\)."
18100a-lecture-14-multicam_360p_16_9,pi,Full Lecture Transcript,The lecture states a theorem that relates limits of functions to limits of sequences. State this theorem and briefly explain how it is used to prove that $\displaystyle\lim_{x\to c}x^2=c^2$.,"The theorem states: \n$$\displaystyle\lim_{x\to c}f(x)=L \iff \forall (x_n)\subset S\setminus\{c\},\;x_n\to c \;\Longrightarrow\; f(x_n)\to L.$$ \nTo prove $\lim_{x\to c}x^2=c^2$, one takes an arbitrary sequence $(x_n)$ converging to $c$ and uses the previously proved fact that the product of two convergent sequences is convergent, giving $x_n^2\to c^2$. By the theorem this yields the desired limit.","**Theorem (sequences–functions correspondence).**  
Let \(S\subseteq\mathbb{R}\) and let \(c\) be a cluster point of \(S\).  
For a function \(f:S\to\mathbb{R}\) the following are equivalent  

\[
\lim_{x\to c}f(x)=L
\quad\Longleftrightarrow\quad
\text{for every sequence }(x_n)\subseteq S\setminus\{c\}\text{ with }x_n\to c,
\text{ we have }f(x_n)\to L .
\]

In words: a function has limit \(L\) at \(c\) exactly when every sequence of points of its domain that converges to \(c\) is sent by \(f\) to a sequence that converges to \(L\).

---

### Using the theorem to prove \(\displaystyle\lim_{x\to c}x^2=c^2\)

1. **Take an arbitrary sequence** \((x_n)\subseteq\mathbb{R}\) with \(x_n\to c\).  
2. **Apply the algebraic limit theorem for sequences**: since \(x_n\to c\) and the constant sequence \(c\) also converges to \(c\), the product sequence \(x_n\cdot x_n=x_n^2\) converges to \(c\cdot c=c^2\).  
3. **Conclude by the correspondence theorem**: because every sequence \((x_n)\) converging to \(c\) satisfies \(x_n^2\to c^2\), the function \(f(x)=x^2\) has limit \(c^2\) at \(c\).

Thus \(\displaystyle\lim_{x\to c}x^2=c^2\)."
18100a-lecture-14-multicam_360p_16_9,pi,Full Lecture Transcript,"In the proof that $\displaystyle\lim_{x\to 0}\sin\frac1x$ does not exist, which sequence is chosen to demonstrate the failure of the limit, and why does the resulting sequence fail to converge?","The sequence chosen is $x_n=\dfrac{2}{(2n-1)\pi}$, which converges to $0$. Plugging it into $\sin\frac1x$ yields $\sin\!\bigl((2n-1)\frac{\pi}{2}\bigr)=(-1)^{\,n+1}$, an alternating sequence that does not converge. Hence the limit does not exist.","In the proof we pick a sequence that “hits’’ the points where \(\sin\) takes the extreme values \(1\) and \(-1\).  
The sequence chosen is  

\[
x_n=\frac{2}{(2n-1)\pi}\qquad(n=1,2,3,\dots)
\]

which clearly satisfies \(x_n\to 0\) as \(n\to\infty\).

When we evaluate the function at this sequence we get  

\[
\sin\!\left(\frac{1}{x_n}\right)
   =\sin\!\left(\frac{(2n-1)\pi}{2}\right)
   =(-1)^{\,n+1},
\]

so the resulting sequence alternates between \(1\) and \(-1\).  
Because it does not settle to a single value, it does **not** converge.  

Thus the existence of this sequence shows that \(\displaystyle\lim_{x\to0}\sin\frac1x\) cannot exist."
18100a-lecture-14-multicam_360p_16_9,pi,Full Lecture Transcript,"What is the definition of the left (one‑sided) limit presented in the lecture, and how does it differ from the two‑sided limit definition?","The left limit is defined as: \n$$\lim_{x\to c^-}f(x)=L\iff\forall \varepsilon>0\;\exists\delta>0\;\forall x\;(c-\delta<x<c\implies |f(x)-L|<\varepsilon).$$ \nThe difference lies in the restriction $c-\delta<x<c$, which restricts $x$ to be *less than* $c$, whereas the two‑sided limit requires $0<|x-c|<\delta$.","**Left (one‑sided) limit (as presented in the lecture)**  

Let \(S\subseteq\mathbb R\) and let \(c\) be a cluster point of the set  
\(S\cap(-\infty ,c)\) (i.e. there are points of \(S\) arbitrarily close to \(c\) **from the left**).  
We say that  

\[
\lim_{x\to c^-}f(x)=L
\]

if for every \(\varepsilon>0\) there exists a \(\delta>0\) such that  

\[
\text{for all }x\in S\text{ with }c-\delta < x < c,\qquad |f(x)-L|<\varepsilon .
\]

In words: whenever \(x\) is taken from the left of \(c\) and is sufficiently close to \(c\), the value \(f(x)\) is within \(\varepsilon\) of \(L\).

---

**Two‑sided limit (standard definition)**  

Let \(S\subseteq\mathbb R\) and let \(c\) be a cluster point of \(S\setminus\{c\}\).  
We say that  

\[
\lim_{x\to c}f(x)=L
\]

if for every \(\varepsilon>0\) there exists a \(\delta>0\) such that  

\[
\text{for all }x\in S\text{ with }0<|x-c|<\delta,\qquad |f(x)-L|<\varepsilon .
\]

That is, \(x\) may approach \(c\) from **either side**; the condition must hold for all points of \(S\) that are within \(\delta\) of \(c\) (excluding \(c\) itself).

---

**Key difference**

- The left‑hand limit only looks at points \(x\) that are **less than \(c\)** (approaching from the left).  
- The two‑sided limit considers points on **both sides** of \(c\).  

Thus the left‑sided definition is a restriction of the two‑sided definition to the interval \((-\infty,c)\)."
18100a-lecture-14-multicam_360p_16_9,pi,Full Lecture Transcript,"According to the lecture, what condition must a function $f$ satisfy to be continuous at a point $c$? Does the function need to be defined at the point $c$ for this definition to apply?","The function $f$ is continuous at $c$ when for every $\varepsilon>0$ there exists a $\delta>0$ such that $|x-c|<\delta$ implies $|f(x)-f(c)|<\varepsilon$.  This definition explicitly involves $f(c)$, so the function must be defined at the point $c$ for continuity to be discussed.","**Condition for continuity at \(c\)**  
According to the lecture, a function \(f\) is *continuous at a point* \(c\) (with \(c\) belonging to the domain of \(f\)) if the following ε–δ condition holds:

> For every \(\varepsilon>0\) there exists a \(\delta>0\) such that for every \(x\) in the domain of \(f\) with  
> \[
> |x-c|<\delta \quad\Longrightarrow\quad |f(x)-f(c)|<\varepsilon .
> \]

In other words, as \(x\) approaches \(c\) (within a \(\delta\)-neighbourhood of \(c\)), the values \(f(x)\) get arbitrarily close to the value \(f(c)\).

**Is \(f(c)\) required to exist?**  
Yes. The definition explicitly involves the term \(f(c)\). Therefore, for the ε–δ condition to be meaningful, the function must be defined at the point \(c\). (The lecture also notes that limits of functions do not care about the value at the point, but continuity does require that the function be defined at that point.)"
18100a-lecture-14-multicam_360p_16_9,algebraic operation,Full Lecture Transcript,"According to the lecture, state the theorem that connects the existence of a limit of a function at a cluster point with the behaviour of all sequences converging to that point.","The theorem states: *Let \(S\subseteq\mathbb{R}\) and let \(c\) be a cluster point of \(S\). Let \(f : S\to\mathbb{R}\). Then \(\displaystyle\lim_{x\to c}f(x)=L\) if and only if for every sequence \((x_{n})\) with \(x_{n}\in S\setminus\{c\}\) that converges to \(c\), we have \(\displaystyle\lim_{n\to\infty}f(x_{n})=L\).*","**Theorem (sequential characterization of limits of functions).**  
Let \(S\subseteq\mathbb{R}\), let \(c\) be a cluster point of \(S\), and let \(f:S\to\mathbb{R}\).  
Then

\[
\lim_{x\to c}f(x)=L
\]

if and only if for **every** sequence \((x_n)\) with \(x_n\in S\setminus\{c\}\) and \(x_n\to c\), the sequence \((f(x_n))\) converges to \(L\)."
18100a-lecture-14-multicam_360p_16_9,algebraic operation,Full Lecture Transcript,"In the lecture, why does the definition of continuity at a point \(c\) involve the same \(\varepsilon\)–\(\delta\) condition that defines a limit, and give an explicit example of a function that fails to satisfy this condition at a point.","Because a limit of \(f\) at \(c\) is defined exactly by the same epsilon–delta condition that shows how \(f(x)\) can be made arbitrarily close to a given value by restricting \(x\) to be close enough to \(c\).  Continuity requires that this limit, when it exists, is *equal* to the actual value of the function at that point.  For example, the function \(f:\mathbb{R}\to\mathbb{R}\) defined by\n   \[ f(x)=\begin{cases}1,& x=0,\\2,& x\neq0,\end{cases} \]\n   is not continuous at \(0\) because no \(\delta>0\) makes \(|f(x)-f(0)|<1/2\) for all \(x\) with \(|x-0|<\delta\).","**Why the same ε–δ condition is used**

In the lecture the notion of *continuity at a point* is introduced as a special case of the limit.  
The limit of \(f\) at \(c\) is defined by

\[
\forall \varepsilon>0\;\exists \delta>0\;\forall x\;(0<|x-c|<\delta \implies |f(x)-L|<\varepsilon),
\]

where \(L\) is the value that the function approaches.  
Continuity at \(c\) is defined by the requirement that the limit of \(f\) at \(c\) **equals the actual value of the function at that point**:

\[
\lim_{x\to c}f(x)=f(c).
\]

Thus, to check continuity we simply plug \(L=f(c)\) into the ε–δ definition of a limit.  
The ε–δ condition therefore looks exactly the same as the limit condition, but with the
right‑hand side replaced by \(f(c)\).  In other words, continuity is “the limit exists and
coincides with the function value,” so the same ε–δ machinery is used.

---

**Explicit example of a function that fails the ε–δ condition at a point**

Consider

\[
f(x)=
\begin{cases}
1, & x=0,\\[4pt]
2, & x\neq 0 .
\end{cases}
\]

At the point \(c=0\) we have \(f(0)=1\).  
To test continuity we need

\[
\forall \varepsilon>0\;\exists \delta>0\;\forall x\;( |x-0|<\delta \implies |f(x)-f(0)|<\varepsilon).
\]

Take \(\varepsilon=\tfrac12\).  
For **any** \(\delta>0\) we can choose an \(x\) with \(0<|x|<\delta\) (for example \(x=\delta/2\)).  
Since \(x\neq 0\), \(f(x)=2\), and

\[
|f(x)-f(0)|=|2-1|=1 \ge \tfrac12 = \varepsilon .
\]

Thus the ε–δ condition fails for this \(\varepsilon\), and consequently \(f\) is **not continuous at \(0\)**.  This example matches the non‑example described in the lecture."
18100a-lecture-14-multicam_360p_16_9,algebraic operation,Full Lecture Transcript,"Using the theorem that links limits of functions to limits of sequences, explain why \(\displaystyle\lim_{x\to c}x^{2}=c^{2}\).","Take the function \(f(x)=x^{2}\).  By the theorem, to show \(\lim_{x\to c}x^{2}=c^{2}\) it suffices to take an arbitrary sequence \((x_{n})\) with \(x_{n}\to c\) and observe that \(\lim_{n\to\infty}x_{n}^{2}=(\lim_{n\to\infty}x_{n})^{2}=c^{2}\).  Thus every such sequence has limit \(c^{2}\), and the theorem gives the desired function limit.","**Answer**

Let \(f(x)=x^{2}\) and let \(c\in\mathbb{R}\).  
To prove that \(\displaystyle\lim_{x\to c}f(x)=c^{2}\) we use the theorem that connects limits of functions with limits of sequences:

> **Theorem (sequence criterion for limits).**  
> Let \(S\subseteq\mathbb{R}\) and let \(c\) be a cluster point of \(S\).  
> For a function \(f:S\to\mathbb{R}\) we have  
> \[
> \lim_{x\to c}f(x)=L
> \quad\Longleftrightarrow\quad
> \text{for every sequence }(x_{n})\subseteq S\setminus\{c\}\text{ with }x_{n}\to c,
> \text{ we have }f(x_{n})\to L .
> \]

So we must show that for **every** sequence \((x_{n})\) in the domain of \(f\) that converges to \(c\), the sequence \((x_{n}^{2})\) converges to \(c^{2}\).

Take an arbitrary sequence \((x_{n})\) with \(x_{n}\to c\).  
Since the limit of a sequence is unique, we have

\[
x_{n}\xrightarrow[n\to\infty]{}c .
\]

Now apply the algebraic limit theorem for sequences that we proved earlier:  
if two sequences converge, then their product converges to the product of their limits.  
Thus

\[
x_{n}^{2}=x_{n}\cdot x_{n}\xrightarrow[n\to\infty]{}c\cdot c=c^{2}.
\]

Because this holds for **every** sequence \((x_{n})\) converging to \(c\), the sequence criterion theorem tells us that

\[
\lim_{x\to c}x^{2}=c^{2}.
\]

Hence the limit of the function \(x\mapsto x^{2}\) at the point \(c\) is indeed \(c^{2}\)."
18100a-lecture-14-multicam_360p_16_9,algebraic operation,Full Lecture Transcript,Rephrase the equivalence stated in the lecture for one‑sided limits: what does \(\displaystyle\lim_{x\to c^{-}}f(x)=L\) mean in terms of sequences?,"The lecture states: *\(\displaystyle\lim_{x\to c^{-}}f(x)=L\) if and only if for every sequence \((x_{n})\) with \(x_{n}<c\) and \(x_{n}\to c\), we have \(\displaystyle\lim_{n\to\infty}f(x_{n})=L\).*","**Rephrased statement (one‑sided, left limit)**  

\[
\lim_{x\to c^{-}}f(x)=L
\quad\Longleftrightarrow\quad
\text{for every sequence }(x_n)\text{ with }x_n<c\text{ for all }n\text{ and }x_n\to c,
\text{ we have }f(x_n)\to L .
\]

In other words, whenever you take any sequence of points that lie strictly to the left of \(c\) and that converges to \(c\), the corresponding sequence of function values must converge to \(L\)."
18100a-lecture-14-multicam_360p_16_9,algebraic operation,Full Lecture Transcript,Write out the negation of the \(\varepsilon\)–\(\delta\) definition of continuity at a point and show why the function \(f(x)=1\) if \(x=0\) and \(f(x)=2\) if \(x\neq0\) is not continuous at \(0\).,"The negation of the epsilon–delta definition of continuity at \(c\) is: \(\exists\varepsilon_{0}>0\) such that \(\forall \delta>0\ \exists x\in S\) with \(0<|x-c|<\delta\) and \(|f(x)-f(c)|\ge\varepsilon_{0}\).  For the given function, choose \(\varepsilon_{0}=1\).  For any \(\delta>0\), take \(x\) with \(0<|x|<\delta\) (for instance \(x=\delta/2\)).  Then \(x\neq0\), so \(f(x)=2\) and \(f(0)=1\), and \(|f(x)-f(0)|=1\ge\varepsilon_{0}\).  Hence the condition is satisfied, so the function is not continuous at \(0\).","**Negation of the ε–δ definition of continuity**

Let \(f:S\subseteq\mathbb R\to\mathbb R\) and let \(c\in S\).  
The ε–δ definition of *continuity at \(c\)* is

\[
\forall\,\varepsilon>0\;\exists\,\delta>0\;\forall\,x\in S
\bigl(|x-c|<\delta \;\Longrightarrow\; |f(x)-f(c)|<\varepsilon\bigr).
\]

To negate this statement we reverse the quantifiers and the implication:

\[
\exists\,\varepsilon_{0}>0\;\forall\,\delta>0\;\exists\,x\in S
\bigl(|x-c|<\delta \;\text{and}\; |f(x)-f(c)|\ge \varepsilon_{0}\bigr).
\]

In words: *there is a positive number \(\varepsilon_{0}\) such that no matter how small a neighbourhood of \(c\) we take, we can always find a point \(x\) in that neighbourhood for which the function value is at least \(\varepsilon_{0}\) away from \(f(c)\).*

---

**Why \(f(x)=1\) if \(x=0\) and \(f(x)=2\) if \(x\neq0\) is not continuous at \(0\)**

1. **Identify the point and the function value.**  
   Here \(c=0\) and \(f(0)=1\).

2. **Choose a “bad” \(\varepsilon_{0}\).**  
   Take \(\varepsilon_{0}=1\).  
   (Any positive number \(\le 1\) would work, but 1 is convenient.)

3. **Show that for every \(\delta>0\) we can find an \(x\) with the required properties.**  
   Let \(\delta>0\) be arbitrary.  
   Choose any \(x\neq 0\) with \(|x|<\delta\); for instance \(x=\frac{\delta}{2}\).  
   Then

   \[
   |x-0|=|x|<\delta,
   \]
   and because \(x\neq 0\),

   \[
   f(x)=2,\qquad f(0)=1,
   \]
   so

   \[
   |f(x)-f(0)|=|2-1|=1\ge \varepsilon_{0}.
   \]

   Thus the pair \((x,\delta)\) satisfies the condition in the negated statement.

4. **Conclusion.**  
   Since we have found an \(\varepsilon_{0}>0\) (namely \(1\)) such that for every \(\delta>0\) there exists an \(x\) with \(|x-0|<\delta\) and \(|f(x)-f(0)|\ge\varepsilon_{0}\), the negated definition is true.  
   Therefore \(f\) is **not** continuous at \(0\).

This argument follows exactly the negation of the ε–δ definition that was discussed in the lecture."
18100a-lecture-15-multicam_360p_16_9,absolute value,Full Lecture Transcript,"In a lecture about continuity, it was argued that if a point \(c\) in a set \(S \subseteq \mathbb R\) is **not** a cluster point of \(S\), then **any** function \(f:S \to \mathbb R\) is continuous at \(c\).  Explain, in your own words, why this special case is trivial from the point‑wise definition of continuity.","When \(c\) is not a cluster point, there exists a \(\delta_0>0\) such that the punctured \(\delta_0\)–neighbourhood of \(c\) contains no points of \(S\).  Thus for any \(x\in S\) with \(|x-c|<\delta_0\) we must have \(x=c\).  The continuity condition \(|f(x)-f(c)|<\varepsilon\) therefore holds automatically (since the only such \(x\) is \(c\) itself, giving difference \(0\)).  Hence \(f\) is continuous at \(c\) for any choice of \(f\).","Because the definition of continuity at a point is a *point‑wise* statement, it only talks about what happens to the values of the function at points that are “close” to the point in question.  

For a point \(c\in S\) the definition says:

> \(f\) is continuous at \(c\)  \(\iff\)  for every \(\varepsilon>0\) there exists \(\delta>0\) such that  
>  whenever \(x\in S\) and \(|x-c|<\delta\), we have \(|f(x)-f(c)|<\varepsilon\).

Now suppose \(c\) is **not** a cluster point of \(S\).  
By definition of a cluster point this means that there is some radius \(\delta_{0}>0\) for which the punctured neighbourhood of \(c\) contains no other points of \(S\):

\[
\bigl(S\cap (c-\delta_{0},\,c+\delta_{0})\bigr)\setminus\{c\}=\varnothing .
\]

In other words, the only point of \(S\) that lies within distance \(\delta_{0}\) of \(c\) is \(c\) itself.  

Take any \(\varepsilon>0\).  
Choose \(\delta=\delta_{0}\).  
If \(x\in S\) and \(|x-c|<\delta\), then the only possibility is \(x=c\).  
Hence

\[
|f(x)-f(c)| = |f(c)-f(c)| = 0 < \varepsilon .
\]

Thus the \(\varepsilon\)–\(\delta\) condition is satisfied for every \(\varepsilon\), regardless of what the function \(f\) does elsewhere.  

So when \(c\) is not a cluster point, the continuity condition is automatically fulfilled for **any** function \(f:S\to\mathbb{R}\). This is why the case is considered trivial."
18100a-lecture-15-multicam_360p_16_9,absolute value,Full Lecture Transcript,"According to the discussion, for a cluster point \(c\) of \(S\) continuity of \(f:S \to \mathbb R\) at \(c\) is equivalent to \(\displaystyle \lim_{x \to c}f(x)=f(c)\).  State precisely what this equivalence means in terms of \(\epsilon\)-\(\delta\) conditions.","The equivalence states that for all \(\varepsilon>0\) there exists \(\delta>0\) such that whenever \(x\in S\setminus\{c\}\) and \(|x-c|<\delta\), we have \(|f(x)-f(c)|<\varepsilon\).  In other words, the limit \(\lim_{x\to c}f(x)\) exists and equals the function value \(f(c)\) at the cluster point \(c\).","**Equivalence (in ε–δ language)**  

Let \(S\subset\mathbb R\), \(c\in S\) and \(f:S\to\mathbb R\).  
Assume that \(c\) is a **cluster point** of \(S\) (i.e. every deleted neighbourhood of \(c\) contains points of \(S\)).  
Then the following two statements are equivalent:

1. **Continuity of \(f\) at \(c\).**  
   \[
   \forall\,\varepsilon>0\;\exists\,\delta>0\;\text{such that}\;
   \bigl(0<|x-c|<\delta\ \text{and}\ x\in S\bigr)\;\Longrightarrow\;|f(x)-f(c)|<\varepsilon .
   \]

2. **Limit of \(f\) at \(c\) equals the function value.**  
   \[
   \lim_{x\to c}f(x)=f(c)\quad\text{iff}\quad
   \forall\,\varepsilon>0\;\exists\,\delta>0\;\text{such that}\;
   \bigl(0<|x-c|<\delta\ \text{and}\ x\in S\bigr)\;\Longrightarrow\;|f(x)-f(c)|<\varepsilon .
   \]

Thus, for a cluster point \(c\) of \(S\), saying that \(f\) is continuous at \(c\) is exactly the same as saying that the limit of \(f(x)\) as \(x\) approaches \(c\) equals \(f(c)\); both are expressed by the same ε–δ condition above."
18100a-lecture-15-multicam_360p_16_9,absolute value,Full Lecture Transcript,"The lecture established a sequential characterisation of continuity: \(f\) is continuous at \(c\) iff for every sequence \((x_n)\) in \(S\) with \(x_n\to c\) we have \(f(x_n)\to f(c)\).  Outline a brief proof of the direction ‘if the limit condition holds for all such sequences, then \(f\) is continuous at \(c\)’.  Why does this direction not follow automatically from the definition?","Assume the sequential condition: for every sequence \((x_n)\subset S\) with \(x_n\to c\), we have \(f(x_n)\to f(c)\).  Suppose for a contradiction that \(f\) is not continuous at \(c\).  Then there exists \(\varepsilon_0>0\) such that for all \(\delta>0\) we can choose \(x\in S\) with \(|x-c|<\delta\) and \(|f(x)-f(c)|\ge\varepsilon_0\).  Choosing \(\delta=1/n\) we build a sequence \(x_n\to c\) with \(|f(x_n)-f(c)|\ge\varepsilon_0\) for all \(n\), contradicting the sequential condition.  Thus \(f\) must be continuous at \(c\).","**Outline of the proof**

Assume that  

\[
\forall (x_n)\subset S,\;x_n\to c\;\Longrightarrow\;f(x_n)\to f(c).
\]

We want to show that \(f\) is continuous at \(c\) in the \(\varepsilon\!-\!\delta\) sense.

1. **Suppose, for a contradiction, that \(f\) is not continuous at \(c\).**  
   Then there exists an \(\varepsilon_0>0\) such that for every \(\delta>0\) we can find an
   \(x\in S\) with \(|x-c|<\delta\) but \(|f(x)-f(c)|\ge \varepsilon_0\).

2. **Construct a sequence that violates the sequential condition.**  
   For each \(n\in\mathbb N\) choose \(x_n\in S\) with  

   \[
   |x_n-c|<\frac1n \quad\text{and}\quad |f(x_n)-f(c)|\ge \varepsilon_0 .
   \]

   The choice is possible by the assumption that continuity fails.

3. **Check the properties of the constructed sequence.**  
   * Because \(|x_n-c|<1/n\), we have \(x_n\to c\).  
   * Because \(|f(x_n)-f(c)|\ge \varepsilon_0\) for all \(n\), the sequence
     \((f(x_n))\) does **not** converge to \(f(c)\).

4. **Contradiction.**  
   This contradicts the hypothesis that every sequence converging to \(c\)
   has its image converge to \(f(c)\).  
   Hence our assumption that \(f\) is not continuous must be false.

Therefore \(f\) is continuous at \(c\).

---

**Why this direction is not automatic from the definition**

The definition of continuity at \(c\) is the \(\varepsilon\!-\!\delta\) statement:

\[
\forall \varepsilon>0\;\exists \delta>0\;\forall x\in S\;
(|x-c|<\delta \implies |f(x)-f(c)|<\varepsilon).
\]

This quantifier structure is different from the sequential statement, which
quantifies over *all sequences* converging to \(c\).  
From the \(\varepsilon\!-\!\delta\) definition it is immediate that any
sequence \(x_n\to c\) will satisfy \(|f(x_n)-f(c)|<\varepsilon\) eventually,
hence \(f(x_n)\to f(c)\).  
The converse, however, requires a non‑trivial argument: we must show that
if no \(\delta\) works for some \(\varepsilon\), we can build a sequence
violating the sequential condition.  This construction (as above) is
essential; the implication does not follow by a simple logical
rearrangement of the quantifiers.  Hence the sequential characterization
needs an explicit proof to establish the \(\varepsilon\!-\!\delta\) continuity."
18100a-lecture-15-multicam_360p_16_9,absolute value,Full Lecture Transcript,"A classic example of a function that is discontinuous at every point was given: \(g(x)=1\) if \(x\) is irrational and \(g(x)=0\) if \(x\) is rational.  Using the sequential criterion for continuity, explain why \(g\) fails to be continuous at any real number \(c\).","For a given \(c\in\mathbb R\) pick two sequences: \(x_n=c+1/n\) (irrational) and \(y_n=c+1/(2n)\) (rational).  Both converge to \(c\).  Since \(g(x_n)=1\) for all \(n\) and \(g(y_n)=0\) for all \(n\), the limits along these sequences are \(1\) and \(0\) respectively, which are different from each other and from \(g(c)\) (depending on whether \(c\) is rational or irrational).  Thus the sequential criterion fails, so \(g\) is not continuous at any \(c\).","**Answer**

The sequential criterion for continuity says that a function \(f\) is continuous at a point \(c\) iff for **every** sequence \((x_n)\) that converges to \(c\) we have  

\[
f(x_n)\longrightarrow f(c).
\]

To show that \(g\) is *not* continuous at any real number \(c\) we only need to exhibit, for each \(c\), a single sequence \((x_n)\) converging to \(c\) for which the sequence \(g(x_n)\) does **not** converge to \(g(c)\).

---

### 1.  The case \(c\) rational  

Let \(c\in\mathbb{Q}\).  
Choose a sequence of irrational numbers that converges to \(c\); for instance

\[
x_n = c + \frac{1}{n}\sqrt{2}\quad(\text{or any other irrational sequence approaching }c).
\]

Because each \(x_n\) is irrational, \(g(x_n)=1\) for all \(n\).  
Hence \(g(x_n)\to 1\).

But \(g(c)=0\) (since \(c\) is rational).  
Thus \(g(x_n)\) does **not** converge to \(g(c)\).  
By the sequential criterion, \(g\) is not continuous at this rational \(c\).

---

### 2.  The case \(c\) irrational  

Let \(c\notin\mathbb{Q}\).  
Now pick a sequence of rational numbers converging to \(c\); for example

\[
x_n = c + \frac{1}{n}\quad(\text{or any rational sequence approaching }c).
\]

Each \(x_n\) is rational, so \(g(x_n)=0\) for all \(n\).  
Thus \(g(x_n)\to 0\).

But \(g(c)=1\) (since \(c\) is irrational).  
Again \(g(x_n)\) does **not** converge to \(g(c)\).  
Therefore \(g\) is not continuous at this irrational \(c\).

---

### 3.  Conclusion  

Because the rationals and irrationals are both dense in \(\mathbb{R}\), for **every** real number \(c\) we can find a sequence of rationals or a sequence of irrationals converging to \(c\) that forces \(g(x_n)\) to converge to a value different from \(g(c)\).  
Hence, by the sequential criterion, \(g\) fails to be continuous at any real number \(c\)."
18100a-lecture-15-multicam_360p_16_9,absolute value,Full Lecture Transcript,"The lecture described several algebraic operations that preserve continuity (e.g., sum, product, quotient, composition).  Pick one of these operations and give a concise justification—using the sequential approach—of why the operation keeps a function continuous at a point \(c\) when all the involved functions are continuous at the appropriate points.","Consider the product operation: if \(f\) and \(g\) are continuous at \(c\), then for any sequence \(x_n\to c\) we have \(f(x_n)\to f(c)\) and \(g(x_n)\to g(c)\).  By the theorem on limits of products of convergent sequences, \(f(x_n)g(x_n)\to f(c)g(c)\).  Hence the sequence \(h(x_n)=f(x_n)g(x_n)\) tends to \(h(c)=f(c)g(c)\), proving that the product function \(h=f\,g\) is continuous at \(c\).","**Operation chosen:** Sum of two functions  

**Sequential justification**

Let \(f,g : S\to\mathbb{R}\) and suppose \(c\in S\) is a cluster point of \(S\).  
Assume that both \(f\) and \(g\) are continuous at \(c\).

Take any sequence \((x_n)\subset S\) with \(x_n\to c\).  
By continuity of \(f\) at \(c\) we have  
\[
f(x_n)\longrightarrow f(c),
\]
and by continuity of \(g\) at \(c\) we have  
\[
g(x_n)\longrightarrow g(c).
\]

The theorem proved earlier in the lecture states that the sum of two convergent sequences converges to the sum of their limits. Hence
\[
f(x_n)+g(x_n)\longrightarrow f(c)+g(c).
\]

But \(f(x_n)+g(x_n)=(f+g)(x_n)\) and \(f(c)+g(c)=(f+g)(c)\).  
Thus for every sequence \((x_n)\) converging to \(c\), the sequence \((f+g)(x_n)\) converges to \((f+g)(c)\).

By the sequential characterization of continuity, this shows that \(f+g\) is continuous at \(c\)."
18100a-lecture-15-multicam_360p_16_9,complex unit circle,Full Lecture Transcript,"In the lecture, how is continuity at a point \(c\in S\) characterized when \(c\) is a cluster point of \(S\)?","If \(c\) is a cluster point of \(S\), then \(f\) is continuous at \(c\) if and only if \(\displaystyle \lim_{x\to c} f(x)=f(c)\).","When \(c\) is a **cluster point** of the domain \(S\), the lecture states that  

\[
f \text{ is continuous at } c \quad\Longleftrightarrow\quad 
\lim_{x\to c,\;x\in S} f(x)=f(c).
\]

Equivalently, using sequences,  

\[
f \text{ is continuous at } c \quad\Longleftrightarrow\quad 
\text{for every sequence }(x_n)\subset S \text{ with }x_n\to c,\;
f(x_n)\to f(c).
\]"
18100a-lecture-15-multicam_360p_16_9,complex unit circle,Full Lecture Transcript,"According to the discussion, what conclusion can be drawn about a function’s continuity at a point \(c\in S\) that is not a cluster point of \(S\)?","If \(c\) is not a cluster point of \(S\), then \(f\) is automatically continuous at \(c\) regardless of its behaviour elsewhere in \(S\).","If \(c\in S\) is **not** a cluster point of \(S\), then **every** function \(f:S\to\mathbb{R}\) is automatically continuous at \(c\).  In other words, the lack of other points of \(S\) arbitrarily close to \(c\) forces \(f\) to be continuous there."
18100a-lecture-15-multicam_360p_16_9,complex unit circle,Full Lecture Transcript,What sequential test for continuity at a point \(c\) is stated in the theorem proved during the lecture? Please write the condition in full.,"The sequential test says: \(f\) is continuous at \(c\) iff for every sequence \((x_n)\subset S\) with \(\lim_{n\to\infty}x_n=c\), one has \(\displaystyle \lim_{n\to\infty} f(x_n)=f(c)\).","**Sequential test for continuity at a point \(c\)**  

\(f\) is continuous at \(c\) **iff** for **every** sequence \((x_n)\) of points in the domain \(S\) such that  

\[
x_n \longrightarrow c \quad\text{as }n\to\infty,
\]

the image sequence satisfies  

\[
f(x_n) \longrightarrow f(c) \quad\text{as }n\to\infty .
\]"
18100a-lecture-15-multicam_360p_16_9,complex unit circle,Full Lecture Transcript,"The lecture provides the function \(f(x)=1\) if \(x\notin\mathbb Q\) and \(f(x)=0\) if \(x\in\mathbb Q\). Explain, using the sequential criterion, why this function is not continuous at any real number.","The set of rationals and irrationals is dense in \(\mathbb R\). For any real \(c\), choose a sequence of rationals \(q_n\to c\) and a sequence of irrationals \(r_n\to c\). Then \(f(q_n)=0\) for all \(n\) while \(f(r_n)=1\) for all \(n\). Hence \(\lim f(q_n)=0\neq1=\lim f(r_n)\), so the limit of \(f(x_n)\) cannot equal \(f(c)\) for every sequence converging to \(c\). Therefore \(f\) is not continuous at any \(c\).","**Sequential criterion for continuity**

A function \(f:S\to\mathbb R\) is continuous at a point \(c\in S\) **iff** for every sequence \((x_n)\subset S\) that converges to \(c\) we have  
\[
f(x_n)\longrightarrow f(c).
\]

---

### The function in question

\[
f(x)=
\begin{cases}
1,& x\notin\mathbb Q\quad(\text{irrational})\\[4pt]
0,& x\in\mathbb Q\quad(\text{rational})
\end{cases}
\]

We want to show that \(f\) fails the sequential criterion at **every** real number \(c\).

---

### Step 1 – Construct two special sequences

For any real number \(c\) we can find:

1. **A rational sequence** \((q_n)\) with \(q_n\in\mathbb Q\) and \(q_n\to c\).  
   (This follows from the density of \(\mathbb Q\) in \(\mathbb R\).)

2. **An irrational sequence** \((\alpha_n)\) with \(\alpha_n\notin\mathbb Q\) and \(\alpha_n\to c\).  
   (This follows from the density of \(\mathbb R\setminus\mathbb Q\) in \(\mathbb R\).)

Both sequences lie in the domain of \(f\) and converge to the same point \(c\).

---

### Step 2 – Evaluate \(f\) on these sequences

- For the rational sequence \((q_n)\):
  \[
  f(q_n)=0 \quad\text{for all }n,
  \]
  so \(f(q_n)\to 0\).

- For the irrational sequence \((\alpha_n)\):
  \[
  f(\alpha_n)=1 \quad\text{for all }n,
  \]
  so \(f(\alpha_n)\to 1\).

Thus, **two different limits** arise from two sequences that both converge to \(c\).

---

### Step 3 – Compare with \(f(c)\)

- If \(c\) is rational, then \(f(c)=0\).  
  The irrational sequence gives a limit \(1\neq f(c)\).

- If \(c\) is irrational, then \(f(c)=1\).  
  The rational sequence gives a limit \(0\neq f(c)\).

In either case, there exists a sequence \((x_n)\to c\) such that \(f(x_n)\) does **not** converge to \(f(c)\).

---

### Conclusion

Because the sequential criterion fails at every real number \(c\), the function

\[
f(x)=
\begin{cases}
1,& x\notin\mathbb Q\\
0,& x\in\mathbb Q
\end{cases}
\]

is **not continuous at any real number**."
18100a-lecture-15-multicam_360p_16_9,complex unit circle,Full Lecture Transcript,"What does the theorem about the sum of two continuous functions state, and how does the sequential characterization of continuity justify this result?","The theorem states: if \(f\) and \(g\) are continuous at \(c\), then the sum \(f+g\) is continuous at \(c\). Using the sequential criterion, for any sequence \(x_n\to c\) we have \(\lim f(x_n)=f(c)\) and \(\lim g(x_n)=g(c)\). By the limit law for sums of sequences, \(\lim (f+g)(x_n)=f(c)+g(c)=(f+g)(c)\), satisfying the sequential test for continuity.","**Theorem (sum of two continuous functions).**  
If \(f\) and \(g\) are continuous at a point \(c\in S\subset\mathbb{R}\), then the function  
\[
h(x)=f(x)+g(x)
\]
is also continuous at \(c\).

---

**Why the sequential characterization gives this result**

1. **Sequential definition of continuity**  
   A function \(f\) is continuous at \(c\) iff for every sequence \((x_n)\) in \(S\) with \(x_n\to c\) we have  
   \[
   f(x_n)\longrightarrow f(c).
   \]

2. **Apply to \(f\) and \(g\)**  
   Because \(f\) and \(g\) are continuous at \(c\), for any sequence \((x_n)\) converging to \(c\) we have  
   \[
   f(x_n)\to f(c)\quad\text{and}\quad g(x_n)\to g(c).
   \]

3. **Use the algebra of limits for sequences**  
   The lecture proved that if two sequences converge, then the sequence of their sums converges to the sum of the limits:
   \[
   \text{If } a_n\to a \text{ and } b_n\to b,\text{ then } a_n+b_n\to a+b.
   \]
   Applying this to \(a_n=f(x_n)\) and \(b_n=g(x_n)\) gives  
   \[
   f(x_n)+g(x_n)\;\longrightarrow\; f(c)+g(c).
   \]

4. **Recognize the limit as the value of \(h\) at \(c\)**  
   The left‑hand side is \((f+g)(x_n)\) and the right‑hand side is \((f+g)(c)\).  
   Hence for every sequence \((x_n)\) with \(x_n\to c\),  
   \[
   (f+g)(x_n)\to (f+g)(c).
   \]

5. **Conclude continuity of \(f+g\)**  
   By the sequential characterization, this is exactly the condition that \(f+g\) is continuous at \(c\).

Thus the theorem that the sum of two continuous functions is continuous follows directly from the sequential definition of continuity and the basic limit law for sums of convergent sequences."
18100a-lecture-15-multicam_360p_16_9,subset of r,Full Lecture Transcript,"In the discussion of continuity on a subset \(S\subset\mathbb{R}\), what are the two separate situations for a point \(C\in S\) and why does the situation where \(C\) is not a cluster point lead to automatic continuity of any function \(f\) at \(C\)?","The two situations are: (1) \(C\) is a cluster point of \(S\); (2) \(C\) is not a cluster point. When \(C\) is not a cluster point, there exists a neighbourhood of \(C\) that contains no other points of \(S\) besides \(C\) itself. Thus for any \(x\in S\) sufficiently close to \(C\) we must have \(x=C\), and consequently \(|f(x)-f(C)|=0<\varepsilon\). Hence every function is continuous at such a point.","**Two situations for a point \(C\in S\)**  

1. **\(C\) is a cluster (limit) point of \(S\).**  
   In this case there are points of \(S\) arbitrarily close to \(C\) (but not equal to \(C\)).  Continuity at such a point is a genuine condition: we must have  

   \[
   \lim_{x\to C,\;x\in S}f(x)=f(C),
   \]

   or equivalently, for every sequence \((x_n)\subset S\) with \(x_n\to C\) we must have \(f(x_n)\to f(C)\).

2. **\(C\) is **not** a cluster point of \(S\).**  
   Here there is a neighbourhood of \(C\) that contains no other points of \(S\) besides \(C\) itself.  In other words, there exists \(\delta_0>0\) such that  

   \[
   (C-\delta_0,C+\delta_0)\cap S=\{C\}.
   \]

   Because of this, the \(\varepsilon\)-\(\delta\) condition for continuity is automatically satisfied: for any \(\varepsilon>0\) we can pick any \(\delta>0\) (for instance \(\delta=\delta_0\)).  If \(x\in S\) and \(|x-C|<\delta\), then necessarily \(x=C\), so  

   \[
   |f(x)-f(C)|=|f(C)-f(C)|=0<\varepsilon .
   \]

   Thus **every** function \(f:S\to\mathbb{R}\) is continuous at \(C\) when \(C\) is not a cluster point of \(S\).  The lack of nearby points makes the continuity condition trivial."
18100a-lecture-15-multicam_360p_16_9,subset of r,Full Lecture Transcript,State the exact equivalence between the existence of the limit \(\lim_{x\to C}f(x)=L\) and the behavior of every sequence \((x_n)\subset S\) that converges to \(C\).,"The theorem states that for a subset \(S\subset\mathbb{R}\) and a cluster point \(C\in S\), \[\lim_{x\to C}f(x)=L \quad\text{iff}\quad \forall\,(x_n\subset S,\;x_n\to C)\;\; f(x_n)\to L.\] In particular, if the limit equals \(f(C)\), then continuity at \(C\) is equivalent to all sequences converging to \(C\) having images converge to \(f(C)\).","**Equivalence (Sequential Characterisation of a Limit)**  

Let \(S\subset\mathbb{R}\) and let \(C\) be a cluster point of \(S\).  
Then  

\[
\lim_{x\to C}f(x)=L
\]

**iff**

for **every** sequence \((x_n)\subset S\) that converges to \(C\) (i.e. \(x_n\to C\)), the sequence of function values \(\bigl(f(x_n)\bigr)\) converges to \(L\) (i.e. \(f(x_n)\to L\)).  

In other words, the limit of \(f\) at \(C\) exists and equals \(L\) exactly when all sequences in the domain that approach \(C\) are sent by \(f\) to sequences that approach \(L\)."
18100a-lecture-15-multicam_360p_16_9,subset of r,Full Lecture Transcript,"If \(C\) is a cluster point of \(S\) and \(f\) is continuous at \(C\), explain why, for any sequence \((x_n)\subset S\) with \(x_n \to C\), the sequence \((f(x_n))\) must converge to \(f(C)\).","Continuity at \(C\) means that for every \(\varepsilon>0\) there exists \(\delta>0\) such that \(|x-C|<\delta\) (with \(x\in S\)) implies \(|f(x)-f(C)|<\varepsilon\). Since \(x_n\to C\), there exists \(N\) with \(|x_n-C|<\delta\) for all \(n\ge N\). Applying the continuity condition gives \(|f(x_n)-f(C)|<\varepsilon\) for all \(n\ge N\), so \(f(x_n)\to f(C)\).","Because \(f\) is continuous at the cluster point \(C\), the ε–δ definition of continuity applies:

\[
\forall\,\varepsilon>0\;\exists\,\delta>0\text{ such that } 
x\in S,\;|x-C|<\delta \;\Longrightarrow\; |f(x)-f(C)|<\varepsilon .
\]

Now take any sequence \((x_n)\subset S\) with \(x_n\to C\).  
By the definition of convergence, for the same \(\delta>0\) there is an integer \(N\) such that

\[
n\ge N \;\Longrightarrow\; |x_n-C|<\delta .
\]

For all \(n\ge N\) we can therefore apply the continuity condition:

\[
|f(x_n)-f(C)|<\varepsilon .
\]

Since this holds for every \(\varepsilon>0\), we have

\[
\lim_{n\to\infty} f(x_n)=f(C).
\]

Thus, whenever \(C\) is a cluster point of \(S\) and \(f\) is continuous at \(C\), every sequence in \(S\) that converges to \(C\) is sent by \(f\) to a sequence that converges to \(f(C)\)."
18100a-lecture-15-multicam_360p_16_9,subset of r,Full Lecture Transcript,"Why does the linear function \(f(x)=ax+b\) satisfy the condition for continuity at every real number, according to the theorem presented in the lecture?","For each real number \(C\), choose \(\delta>0\). If \(|x-C|<\delta\) and \(x\in\mathbb{R}\), then \(|f(x)-f(C)|=0\) because \(f\) is a linear map \(f(x)=ax+b\) and thus \(f(x)-f(C)=a(x-C)\). Since \(|x-C|<\delta\) forces \(|a(x-C)|<|a|\delta\), we can make this arbitrarily small by choosing \(\delta\) appropriately. Thus \(\lim_{x\to C}(ax+b)=aC+b=f(C)\), satisfying the limit definition of continuity at every point.","According to the theorem that was stated in the lecture, a function \(f\) is continuous at a point \(c\) **iff** for **every** sequence \((x_n)\) that converges to \(c\) the sequence \((f(x_n))\) converges to \(f(c)\).

For the linear function  

\[
f(x)=ax+b \qquad (a,b\in\mathbb{R}),
\]

take an arbitrary sequence \((x_n)\) with \(x_n\to c\).  
Because the operations of multiplication by a constant and addition are continuous, we have

\[
f(x_n)=a\,x_n+b \;\longrightarrow\; a\,c+b = f(c).
\]

In other words, the image sequence \((f(x_n))\) converges to \(f(c)\).  
Since this holds for **every** sequence converging to \(c\), the theorem guarantees that \(f\) is continuous at \(c\).

Because the argument works for any real number \(c\), the linear function \(f(x)=ax+b\) satisfies the continuity condition at every real number."
18100a-lecture-15-multicam_360p_16_9,subset of r,Full Lecture Transcript,"Using the dichotomy of rational and irrational numbers, outline the reasoning that shows the function \(f:\mathbb{R}\to\mathbb{R}\) defined by \(f(x)=1\) if \(x\) is irrational and \(f(x)=0\) otherwise is discontinuous at every real point.","Fix any real \(C\). Two cases arise:\n1. \(C\) rational: for every \(n\) choose an irrational \(x_n\) with \(|x_n-C|<1/n\). Then \(x_n\to C\) but \(f(x_n)=1\) for all \(n\), while \(f(C)=0\). So \(\lim f(x_n)\neq f(C)\). \n2. \(C\) irrational: for every \(n\) choose a rational \(x_n\) with \(|x_n-C|<1/n\). Then \(x_n\to C\) but \(f(x_n)=0\) for all \(n\), whereas \(f(C)=1\). Again \(\lim f(x_n)\neq f(C)\). \nThus the hypothesis of continuity fails for all \(C\), proving the function is discontinuous everywhere.","**Outline of the proof that \(f\) is discontinuous at every real point**

1. **Recall the definition of \(f\).**  
   \[
   f(x)=
   \begin{cases}
   1 & \text{if }x\text{ is irrational},\\[2pt]
   0 & \text{if }x\text{ is rational}.
   \end{cases}
   \]

2. **Use the theorem about continuity and sequences.**  
   A function \(f\) is continuous at a point \(c\) iff *every* sequence \((x_n)\) that converges to \(c\) satisfies  
   \[
   \lim_{n\to\infty}f(x_n)=f(c).
   \]
   The negation (used in the lecture) says:  
   \(f\) is **not** continuous at \(c\) iff there exists a sequence \((x_n)\to c\) such that  
   \[
   \lim_{n\to\infty}f(x_n)\neq f(c).
   \]

3. **Exploit the density of rationals and irrationals.**  
   The lecture proved (after the Archimedean property) that between any two real numbers there is a rational and also an irrational.  
   Hence for any real \(c\) and any \(n\in\mathbb N\) we can find:
   * an irrational \(x_n\) with \(c< x_n < c+\frac1n\), and
   * a rational \(y_n\) with \(c< y_n < c+\frac1n\).

   By the squeeze theorem, both \((x_n)\) and \((y_n)\) converge to \(c\).

4. **Case analysis on the type of \(c\).**

   * **\(c\) rational.**  
     Take the sequence \((x_n)\) of irrationals converging to \(c\).  
     Then \(f(x_n)=1\) for all \(n\), so \(\lim f(x_n)=1\).  
     But \(f(c)=0\) (since \(c\) is rational).  
     Thus \(\lim f(x_n)\neq f(c)\), so \(f\) is not continuous at \(c\).

   * **\(c\) irrational.**  
     Take the sequence \((y_n)\) of rationals converging to \(c\).  
     Then \(f(y_n)=0\) for all \(n\), so \(\lim f(y_n)=0\).  
     But \(f(c)=1\) (since \(c\) is irrational).  
     Thus \(\lim f(y_n)\neq f(c)\), so \(f\) is not continuous at \(c\).

5. **Conclusion.**  
   In either case we have produced a sequence converging to \(c\) whose image under \(f\) does **not** converge to \(f(c)\).  
   Therefore, by the negated continuity theorem, \(f\) is discontinuous at every real number \(c\)."
18100a-lecture-15-multicam_360p_16_9,discontinuous function,Full Lecture Transcript,"In the lecture, what is the stated consequence for a function \(f\colon S\to\mathbb{R}\) when a point \(C\in S\) is **not** a cluster point of \(S\) with respect to continuity at \(C\)?",Any function is automatically continuous at \(C\); no restriction on values of \(f\) is required.,"If \(C\in S\) is **not** a cluster point of \(S\), then **every** function \(f:S\to\mathbb{R}\) is automatically continuous at \(C\).  In other words, the continuity condition is vacuous at such a point."
18100a-lecture-15-multicam_360p_16_9,discontinuous function,Full Lecture Transcript,"According to the lecture, if \(C\) **is** a cluster point of \(S\), what is the equivalent limit condition for \(f\) to be continuous at \(C\)?",The limit of \(f(x)\) as \(x\) approaches \(C\) equals the value of the function at that point: \(\displaystyle \lim_{x\to C}f(x)=f(C).\),"According to the lecture, if \(C\) **is** a cluster point of \(S\), then \(f\) is continuous at \(C\) **iff**

\[
\lim_{x\to C} f(x)=f(C).
\]

In other words, the limit of \(f(x)\) as \(x\) approaches the cluster point \(C\) must equal the value of the function at that point."
18100a-lecture-15-multicam_360p_16_9,discontinuous function,Full Lecture Transcript,Which sequential characterization of continuity at a cluster point \(C\) was explicitly mentioned in the lecture?,"For every sequence \((x_n)\subset S\) with \(x_n\to C\), the sequence \((f(x_n))\) converges to \(f(C)\).","The lecture stated the following sequential characterization:

> **Sequential characterization of continuity at a cluster point.**  
> Let \(S\subset\mathbb{R}\), \(C\in S\) be a cluster point of \(S\), and \(f:S\to\mathbb{R}\).  
> Then \(f\) is continuous at \(C\) **iff** for every sequence \((x_n)\) of points in \(S\) that converges to \(C\), the sequence \((f(x_n))\) converges to \(f(C)\)."
18100a-lecture-15-multicam_360p_16_9,discontinuous function,Full Lecture Transcript,What reasoning did the lecture provide to show that the function defined by \(g(x)=1\) when \(x\) is irrational and \(g(x)=0\) when \(x\) is rational is discontinuous at every real number?,"Because between any two real numbers there exist both rational and irrational numbers, one can construct two sequences \((x_n)\) and \((y_n)\) converging to the same point \(C\), one consisting entirely of rationals and the other of irrationals. The corresponding values of \(g\) converge to \(0\) along \((x_n)\) and to \(1\) along \((y_n)\), contradicting the requirement that all such sequences converge to \(g(C)\). Thus \(g\) is not continuous at any point.","The lecture proved the discontinuity of the “Dirichlet” function  

\[
g(x)=\begin{cases}
1,&x\text{ irrational},\\[2pt]
0,&x\text{ rational},
\end{cases}
\]

by using the **sequential characterization of continuity**:

> \(g\) is not continuous at \(c\) iff there exists a sequence \((x_n)\) with  
> \(x_n\to c\) but \((g(x_n))\) does **not** converge to \(g(c)\).

The proof splits into the two possible types of the point \(c\).

---

### 1.  \(c\) is rational  

Because the irrationals are dense in \(\mathbb{R}\), for every \(n\in\mathbb{N}\) we can choose an irrational number \(x_n\) such that  

\[
c < x_n < c+\frac{1}{n}.
\]

Thus \(x_n\to c\).  
For each \(n\), \(x_n\) is irrational, so \(g(x_n)=1\).  
Hence \((g(x_n))\) is the constant sequence \(1,1,1,\dots\), which converges to \(1\).

But \(g(c)=0\) (since \(c\) is rational).  
Therefore \(\lim_{n\to\infty}g(x_n)=1\neq g(c)=0\), so \(g\) is not continuous at the rational point \(c\).

---

### 2.  \(c\) is irrational  

Now use the density of the rationals: for each \(n\) pick a rational \(y_n\) with  

\[
c < y_n < c+\frac{1}{n}.
\]

Then \(y_n\to c\).  
Each \(y_n\) is rational, so \(g(y_n)=0\).  
Thus \((g(y_n))\) is the constant sequence \(0,0,0,\dots\), converging to \(0\).

But \(g(c)=1\) (since \(c\) is irrational).  
Hence \(\lim_{n\to\infty}g(y_n)=0\neq g(c)=1\), so \(g\) is not continuous at the irrational point \(c\).

---

Since every real number is either rational or irrational, the above argument shows that **\(g\) is discontinuous at every real number**. The key reasoning was the use of the sequential definition of continuity together with the density of rationals and irrationals to produce sequences that violate the limit condition."
18100a-lecture-15-multicam_360p_16_9,discontinuous function,Full Lecture Transcript,"Which operations on real‑valued functions on a set \(S\) were proven in the lecture to preserve continuity at a point \(C\), assuming the usual hypotheses (e.g., denominator non‑zero for division)?","Addition, multiplication, division by a non‑zero function (quotient), and composition of functions. Each of these preserves continuity at the point \(C\) when the usual conditions (e.g., denominator never zero for the quotient) hold.","The lecture showed that the following **operations on real‑valued functions on a set \(S\)** preserve continuity at a point \(C\) (provided the usual hypotheses are satisfied, e.g. the denominator is non‑zero for a quotient):

| Operation | Condition | Result |
|-----------|-----------|--------|
| **Sum** \(f+g\) | \(f\) and \(g\) are continuous at \(C\) | \(f+g\) is continuous at \(C\) |
| **Product** \(f\cdot g\) | \(f\) and \(g\) are continuous at \(C\) | \(f\cdot g\) is continuous at \(C\) |
| **Quotient** \(f/g\) | \(f\) and \(g\) are continuous at \(C\) and \(g(C)\neq 0\) | \(f/g\) is continuous at \(C\) |
| **Composition** \(f\circ g\) | \(g\) is continuous at \(C\) and \(f\) is continuous at \(g(C)\) | \(f\circ g\) is continuous at \(C\) |

These are the operations that were explicitly proved in the lecture to preserve continuity at a point \(C\)."
18100a-lecture-15-multicam_360p_16_9,sine of a plus b,Full Lecture Transcript,"In the case where \(C\) is not a cluster point of a subset \(S\subset \mathbb{R}\), how does the definition of continuity simplify at the point \(C\)?","When \(C\) is not a cluster point, every point of \(S\) sufficiently close to \(C\) must actually be \(C\) itself. Consequently \(|f(x)-f(C)|=0\) for all such \(x\), so the epsilon–delta condition is automatically satisfied for any \(\varepsilon>0\); thus \(f\) is automatically continuous at \(C\).","When \(C\) is **not** a cluster point of \(S\), there is a neighbourhood of \(C\) that contains no other points of \(S\) except \(C\) itself.  
Formally, there exists \(\delta_{0}>0\) such that  

\[
\bigl(C-\delta_{0},\,C+\delta_{0}\bigr)\cap S=\{C\}.
\]

Hence, in the \(\varepsilon\)–\(\delta\) definition of continuity at \(C\),

\[
\forall\,\varepsilon>0\;\exists\,\delta>0\;\text{such that}\;
x\in S,\;|x-C|<\delta \;\Longrightarrow\; |f(x)-f(C)|<\varepsilon,
\]

the only \(x\in S\) that can satisfy \(|x-C|<\delta\) is \(x=C\).  
Thus the implication becomes

\[
x=C \;\Longrightarrow\; |f(C)-f(C)|=0<\varepsilon,
\]

which is automatically true for every \(\varepsilon>0\).  

So the definition of continuity at a non‑cluster point collapses to a trivial statement: **every function is continuous at such a point**. The condition reduces to the fact that the only point “near” \(C\) in \(S\) is \(C\) itself, making the inequality automatically satisfied."
18100a-lecture-15-multicam_360p_16_9,sine of a plus b,Full Lecture Transcript,"According to the theorem about continuity at a cluster point, continuity of a function \(f\) at a point \(C\) is equivalent to which limit statement?",Continuity at a cluster point \(C\) is equivalent to \(\displaystyle\lim_{x\to C}f(x)=f(C)\).,"Continuity of \(f\) at a cluster point \(C\) is equivalent to the limit statement  

\[
\lim_{x\to C} f(x)=f(C).
\]"
18100a-lecture-15-multicam_360p_16_9,sine of a plus b,Full Lecture Transcript,State the sequential characterization of continuity at a point \(c\) in a subset \(S\): what condition must every sequence \((x_n)\subset S\) satisfying \(x_n\to c\) meet with respect to \(f\)?,"For every sequence \((x_n)\subset S\) with \(\lim_{n\to\infty}x_n=c\), we must have \(\displaystyle\lim_{n\to\infty}f(x_n)=f(c)\).","**Sequential characterization of continuity**

Let \(S\subset\mathbb{R}\), \(c\in S\), and \(f:S\to\mathbb{R}\).  
Then \(f\) is continuous at \(c\) **iff** for **every** sequence \((x_n)\subset S\) that converges to \(c\) we have  

\[
f(x_n)\;\longrightarrow\;f(c)\quad\text{as }n\to\infty .
\]

In other words, every sequence in \(S\) approaching \(c\) must be sent by \(f\) to a sequence that approaches the value \(f(c)\)."
18100a-lecture-15-multicam_360p_16_9,sine of a plus b,Full Lecture Transcript,Outline the proof that \(\sin x\) is continuous at an arbitrary point \(c\) using the inequality \(|\sin a-\sin b|\le |a-b|\).,"Use the identity \(\sin a-\sin b=2\sin\frac{a-b}{2}\cos\frac{a+b}{2}\). Then \(|\sin a-\sin b|\le 2\bigl|\sin\frac{a-b}{2}\bigr|\le |a-b|\), since \(|\cos|\le1\) and \(|\sin u|\le|u|\). Choosing \(\delta=\varepsilon\) yields \(|\sin x-\sin c|<\varepsilon\) whenever \(|x-c|<\delta\), proving continuity.","**Outline of the proof that \(\sin x\) is continuous at an arbitrary point \(c\)**  

1. **Key inequality**  
   For any real numbers \(a,b\) we have  
   \[
   |\sin a-\sin b|
   =\bigl|2\sin\!\bigl(\tfrac{a-b}{2}\bigr)\cos\!\bigl(\tfrac{a+b}{2}\bigr)\bigr|
   \le 2\bigl|\sin\!\bigl(\tfrac{a-b}{2}\bigr)\bigr|\cdot 1
   \le 2\cdot\frac{|a-b|}{2}=|a-b|.
   \]
   The steps use:
   * the difference‑to‑product formula for sines,
   * \(|\cos t|\le 1\) for all \(t\),
   * \(|\sin u|\le |u|\) for all \(u\).

2. **Epsilon–delta argument**  
   Let \(\varepsilon>0\) be given.  
   Choose \(\delta=\varepsilon\).

3. **Apply the inequality**  
   If \(|x-c|<\delta\) then, by the inequality,
   \[
   |\sin x-\sin c|\le |x-c|<\delta=\varepsilon.
   \]

4. **Conclusion**  
   Since for every \(\varepsilon>0\) we found a \(\delta>0\) (namely \(\delta=\varepsilon\)) such that \(|x-c|<\delta\) implies \(|\sin x-\sin c|<\varepsilon\), the function \(\sin x\) is continuous at the arbitrary point \(c\)."
18100a-lecture-15-multicam_360p_16_9,sine of a plus b,Full Lecture Transcript,"What does the function \(f(x)=\begin{cases}1,& x\text{ irrational}\\0,& x\text{ rational}\end{cases}\) demonstrate about continuity at real numbers, and how can this be shown using sequences?","This function is discontinuous at every real number. For any \(c\), construct a sequence of rationals \(x_n\to c\); then \(f(x_n)=0\) for all \(n\). Similarly, choose a sequence of irrationals \(y_n\to c\); then \(f(y_n)=1\) for all \(n\). In both cases the limits of \(f(x_n)\) and \(f(y_n)\) differ from \(f(c)\), violating the sequential continuity condition.","The function  

\[
f(x)=\begin{cases}
1,& x\text{ irrational}\\[2pt]
0,& x\text{ rational}
\end{cases}
\]

is an example of a function that is **discontinuous at every real number**.  
In other words, no point \(c\in\mathbb R\) is a point of continuity for \(f\).

---

### How to prove this with sequences

Recall the sequence characterization of continuity:  
\(f\) is continuous at \(c\) **iff** for every sequence \((x_n)\) with \(x_n\to c\) we have  
\(f(x_n)\to f(c)\).  
Equivalently, \(f\) is **not** continuous at \(c\) **iff** there exists a sequence \((x_n)\) with \(x_n\to c\) such that \(f(x_n)\) does **not** converge to \(f(c)\).

We use this to show that \(f\) fails at every \(c\).

---

#### 1.  \(c\) rational

Let \(c\in\mathbb Q\).  
Because the irrationals are dense in \(\mathbb R\), we can choose a sequence of irrationals \((x_n)\) with \(x_n\to c\).  
Then

\[
f(x_n)=1\quad\text{for all }n,
\]

so \(f(x_n)\to 1\).  
But \(f(c)=0\) (since \(c\) is rational).  
Thus \(f(x_n)\) does **not** converge to \(f(c)\), so \(f\) is not continuous at this rational \(c\).

---

#### 2.  \(c\) irrational

Let \(c\notin\mathbb Q\).  
Because the rationals are dense, we can choose a sequence of rationals \((y_n)\) with \(y_n\to c\).  
Then

\[
f(y_n)=0\quad\text{for all }n,
\]

so \(f(y_n)\to 0\).  
But \(f(c)=1\) (since \(c\) is irrational).  
Again \(f(y_n)\) does **not** converge to \(f(c)\), so \(f\) is not continuous at this irrational \(c\).

---

Since the argument works for **any** real number \(c\), the function \(f\) is discontinuous at every point of \(\mathbb R\). This demonstrates that a function can be nowhere continuous, and it shows how the sequence criterion for continuity can be used to prove such a result."
18100a-lecture-15-multicam_360p_16_9,cluster point of a set s,Full Lecture Transcript,"According to the lecture, if a point \(C\) is not a cluster point of a set \(S\subseteq\mathbb{R}\), what can we say about any function \(f:S\to\mathbb{R}\) at that point?",Any function \(f:S\to\mathbb{R}\) is automatically continuous at a point \(C\) that is not a cluster point of \(S\).,"According to the lecture, if \(C\) is **not** a cluster point of the set \(S\subseteq\mathbb{R}\), then **every** function \(f:S\to\mathbb{R}\) is automatically continuous at \(C\). In other words, continuity at a non‑cluster point is trivial – no condition on \(f\) is needed."
18100a-lecture-15-multicam_360p_16_9,cluster point of a set s,Full Lecture Transcript,"In proving that continuity at a cluster point \(C\) is equivalent to \(\lim_{x\to C}f(x)=f(C)\), how does the requirement that \(x\neq C\) in the limit definition affect the argument?","The limit definition excludes the point itself, but since \(f(C)=f(C)\), the exclusion does not change the conclusion; the argument shows that the same \(\varepsilon\)–\(\delta\) condition guarantees \(|f(x)-f(C)|<\varepsilon\) even when \(x=C\), so continuity and the limit condition are equivalent at a cluster point.","In the proof we use the two definitions side‑by‑side:

* **Limit at a cluster point**  
  \[
  \lim_{x\to C}f(x)=L \quad\Longleftrightarrow\quad
  \forall\varepsilon>0\;\exists\delta>0\;\text{such that }  
  (x\in S,\;x\neq C,\;|x-C|<\delta)\;\Rightarrow\;|f(x)-L|<\varepsilon .
  \]

* **Continuity at \(C\)**  
  \[
  f\text{ is continuous at }C \quad\Longleftrightarrow\quad
  \forall\varepsilon>0\;\exists\delta>0\;\text{such that }  
  (x\in S,\;|x-C|<\delta)\;\Rightarrow\;|f(x)-f(C)|<\varepsilon .
  \]

The only difference is that the limit condition explicitly excludes the point \(x=C\).  
When we prove “continuity \(\iff\) limit equals \(f(C)\)” we must therefore split the
argument into two cases:

1. **\(x\neq C\)** – Here the limit hypothesis gives us exactly the inequality
   \(|f(x)-f(C)|<\varepsilon\) for all \(x\) in the punctured \(\delta\)-neighbourhood of \(C\).

2. **\(x=C\)** – This case is not covered by the limit definition, but it is trivial:
   \(|f(C)-f(C)|=0<\varepsilon\).

Thus the requirement \(x\neq C\) in the limit definition forces us to treat the point
\(C\) separately in the continuity proof.  Apart from that, the limit condition
provides the necessary control on all other points, and the continuity at \(C\)
follows by adding the trivial case \(x=C\)."
18100a-lecture-15-multicam_360p_16_9,cluster point of a set s,Full Lecture Transcript,What is the sequential characterization of continuity presented in the lecture?,"A function \(f\) is continuous at \(C\) if and only if for every sequence \((x_n)\subseteq S\) with \(x_n\to C\), we have \(f(x_n)\to f(C)\).","**Sequential characterization of continuity (as stated in the lecture)**  

Let \(S\subseteq\mathbb{R}\), let \(c\in S\), and let \(f:S\to\mathbb{R}\).  
Then  

\[
f \text{ is continuous at } c
\quad\Longleftrightarrow\quad
\text{for every sequence }(x_n)\subseteq S \text{ with } x_n\to c,
\text{ we have } f(x_n)\to f(c).
\]

In other words, a function is continuous at a point \(c\) exactly when every sequence of points of the domain that converges to \(c\) is sent by \(f\) to a sequence that converges to the value \(f(c)\). This holds whether or not \(c\) is a cluster point of \(S\); if \(c\) is not a cluster point, the condition is vacuously true and every function is continuous at \(c\)."
18100a-lecture-15-multicam_360p_16_9,cluster point of a set s,Full Lecture Transcript,"When \(C\) is not a cluster point of \(S\), how does the lecture justify the choice of \(\delta\) in the \(\varepsilon\)–\(\delta\) proof that \(f\) is continuous at \(C\)?","The lecture chooses \(\delta_0>0\) such that \((C-\delta_0,C+\delta_0)\cap(S\setminus\{C\})=\varnothing\). Then any \(x\in S\) with \(|x-C|<\delta_0\) must equal \(C\), so \(|f(x)-f(C)|=0<\varepsilon\); this \(\delta_0\) works for every \(\varepsilon>0\).","When \(C\) is **not** a cluster point of \(S\), the lecture points out that the definition of “not a cluster point’’ gives us a concrete neighbourhood of \(C\) that contains no other points of \(S\).  
Specifically, there exists a number \(\delta_{0}>0\) such that  

\[
\bigl(C-\delta_{0},\,C+\delta_{0}\bigr)\cap\bigl(S\setminus\{C\}\bigr)=\varnothing .
\]

In other words, every point \(x\in S\) with \(|x-C|<\delta_{0}\) must actually be \(x=C\).

The ε–δ proof of continuity then simply **chooses \(\delta=\delta_{0}\)**.  
For any \(\varepsilon>0\) we take this \(\delta\); if \(x\in S\) satisfies \(|x-C|<\delta\), the above property forces \(x=C\), so

\[
|f(x)-f(C)|=|f(C)-f(C)|=0<\varepsilon .
\]

Thus the lecture justifies the choice of \(\delta\) by invoking the existence of the neighbourhood \(\delta_{0}\) that isolates \(C\) from all other points of \(S\). This guarantees that the ε–δ condition for continuity is automatically satisfied."
18100a-lecture-15-multicam_360p_16_9,cluster point of a set s,Full Lecture Transcript,"Using the sequential criterion discussed, why does the function \(f(x)=\begin{cases}0,&x\in\mathbb{Q}\\1,&x\notin\mathbb{Q}\end{cases}\) fail to be continuous at any real number \(c\)?","For any real \(c\) we can construct a sequence of rationals (or irrationals) \((x_n)\) converging to \(c\).  At each term \(x_n\), \(f(x_n)\) equals \(0\) (or \(1\)), while \(f(c)\) equals the opposite value.  Thus \(f(x_n)\) does not converge to \(f(c)\), violating the sequential criterion, so \(f\) is discontinuous at every \(c\).","Because of the **sequential criterion for continuity**:

> \(f\) is continuous at \(c\) **iff** for **every** sequence \((x_n)\) with \(x_n\to c\) we have  
> \[
> f(x_n)\longrightarrow f(c).
> \]

For the function  

\[
f(x)=\begin{cases}
0,&x\in\mathbb{Q},\\[2pt]
1,&x\notin\mathbb{Q},
\end{cases}
\]

the rational numbers \(\mathbb{Q}\) and the irrationals \(\mathbb{R}\setminus\mathbb{Q}\) are both **dense** in \(\mathbb{R}\).  
Hence, for **any** real number \(c\) we can find:

* a sequence \((q_n)\subset\mathbb{Q}\) with \(q_n\to c\);
* a sequence \((\alpha_n)\subset\mathbb{R}\setminus\mathbb{Q}\) with \(\alpha_n\to c\).

Now evaluate \(f\) on these sequences:

* \(f(q_n)=0\) for all \(n\), so \(\displaystyle\lim_{n\to\infty}f(q_n)=0\).
* \(f(\alpha_n)=1\) for all \(n\), so \(\displaystyle\lim_{n\to\infty}f(\alpha_n)=1\).

Thus we have two sequences converging to the same point \(c\) whose images under \(f\) converge to **different limits** (0 and 1).  
Consequently, the limit \(\lim_{x\to c}f(x)\) does **not** exist, and the sequential criterion tells us that \(f\) cannot be continuous at \(c\).

Since this argument works for every real \(c\), the function \(f\) is discontinuous at **every** real number."
18100a-lecture-15-multicam_360p_16_9,class of continuous functions,Full Lecture Transcript,"According to the lecture, what can be said about a function that is defined on a set \(S\subset \mathbb{R}\) when the point \(c\in S\) is *not* a cluster point of \(S\) with respect to continuity?",Any function is automatically continuous at a point \(c\) that is not a cluster point of its domain; the definition vacuously satisfies the ε‑δ condition.,"According to the lecture, **any function is automatically continuous at a point that is not a cluster point of its domain**.  
If \(c\in S\) is not a cluster point of \(S\), then for every function \(F:S\to\mathbb{R}\) we have \(F\) continuous at \(c\).  In other words, the continuity condition is vacuously satisfied because there are no other points of \(S\) arbitrarily close to \(c\)."
18100a-lecture-15-multicam_360p_16_9,class of continuous functions,Full Lecture Transcript,"Rephrase the epsilon‑\( \delta \) definition of continuity at a point \(c\) as an equivalent statement involving sequences, as presented in the class notes.",A function \(f\) is continuous at \(c\) iff for every sequence \((x_n)\subset S\) with \(x_n\to c\) we have \(f(x_n)\to f(c)\).,"**Epsilon–delta definition (at a point \(c\))**  
\(f\) is continuous at \(c\) iff  

\[
\forall\,\varepsilon>0\;\exists\,\delta>0\text{ such that }|x-c|<\delta\;\Longrightarrow\;|f(x)-f(c)|<\varepsilon .
\]

**Equivalent sequential statement**  
\(f\) is continuous at \(c\) iff for every sequence \((x_n)\) in the domain with \(x_n\to c\) we have  

\[
f(x_n)\;\longrightarrow\;f(c).
\]

In other words, the epsilon–delta condition is equivalent to the requirement that all sequences converging to \(c\) are carried by \(f\) to sequences converging to \(f(c)\)."
18100a-lecture-15-multicam_360p_16_9,class of continuous functions,Full Lecture Transcript,"Using the density of the rationals and irrationals, explain why the function \(f:\mathbb{R}\to\mathbb{R}\) defined by \(f(x)=1\) if \(x\) is irrational and \(f(x)=0\) if \(x\) is rational is not continuous at any real number.","Because every real interval contains both rationals and irrationals, for any \(c\) and any sequence approaching \(c\) we can choose a subsequence of irrationals or rationals; the image under \(f\) will then converge to 1 or 0 respectively, which cannot equal \(f(c)\) (either 1 or 0), violating the definition of continuity.","**Why the “Dirichlet” function is never continuous**

Let  

\[
f(x)=\begin{cases}
1,&x\text{ irrational},\\[2pt]
0,&x\text{ rational},
\end{cases}\qquad x\in\mathbb R .
\]

The lecture proved the following equivalent characterisation of continuity at a point \(c\):

> \(f\) is continuous at \(c\) **iff** for every sequence \((x_n)\) with \(x_n\to c\) we have  
> \(f(x_n)\to f(c)\).

Thus, to show that \(f\) is *not* continuous at a particular \(c\) it suffices to find **one** sequence \((x_n)\) converging to \(c\) for which \(f(x_n)\) does **not** converge to \(f(c)\).

The lecture also established the *density* of the rationals and of the irrationals in \(\mathbb R\):

* Between any two real numbers there is a rational number.
* Between any two real numbers there is an irrational number.

Using this density we can construct the required sequences.

---

### 1.  \(c\) rational

Let \(c\in\mathbb Q\).  
Because the irrationals are dense, for each \(n\in\mathbb N\) we can choose an irrational number \(x_n\) such that  

\[
c< x_n < c+\frac1n .
\]

Then \(x_n\to c\) as \(n\to\infty\).  
But \(x_n\) is irrational, so \(f(x_n)=1\) for every \(n\).  
Hence \(f(x_n)\to 1\).

Since \(c\) is rational, \(f(c)=0\).  
Thus \(f(x_n)\) does **not** converge to \(f(c)\).  
By the theorem, \(f\) is not continuous at any rational \(c\).

---

### 2.  \(c\) irrational

Let \(c\notin\mathbb Q\).  
Because the rationals are dense, for each \(n\in\mathbb N\) we can choose a rational number \(y_n\) such that  

\[
c< y_n < c+\frac1n .
\]

Then \(y_n\to c\).  
But \(y_n\) is rational, so \(f(y_n)=0\) for every \(n\).  
Hence \(f(y_n)\to 0\).

Since \(c\) is irrational, \(f(c)=1\).  
Thus \(f(y_n)\) does **not** converge to \(f(c)\).  
Again, by the theorem, \(f\) is not continuous at any irrational \(c\).

---

Because every real number is either rational or irrational, the above two cases cover all \(c\in\mathbb R\).  
Therefore the function \(f\) is **not continuous at any real number**."
18100a-lecture-15-multicam_360p_16_9,class of continuous functions,Full Lecture Transcript,"If two functions \(f,g:S\to\mathbb{R}\) are continuous at a point \(c\in S\), which of the following operations preserves continuity at \(c\) and why? (i) sum \(f+g\), (ii) product \(fg\), (iii) quotient \(f/g\) (when \(g(x)\neq0\) for all \(x\in S\)).","All listed operations preserve continuity. The sum and product preserve continuity by the sequence characterization (limits of sums/products of convergent sequences), and the quotient preserves continuity when the denominator does not vanish because \(f/g\) can be expressed as \(f\cdot(1/g)\) and both factors are continuous.","**Answer**

All three operations preserve continuity at \(c\).

---

### (i) Sum \(f+g\)

*Why?*  
Let \((x_n)\) be any sequence in \(S\) with \(x_n\to c\).  
Because \(f\) and \(g\) are continuous at \(c\),

\[
f(x_n)\longrightarrow f(c), \qquad g(x_n)\longrightarrow g(c).
\]

The theorem on limits of sequences tells us that the sum of two convergent sequences converges to the sum of the limits. Hence

\[
(f+g)(x_n)=f(x_n)+g(x_n)\longrightarrow f(c)+g(c)=(f+g)(c).
\]

Thus \(f+g\) is continuous at \(c\).

---

### (ii) Product \(fg\)

*Why?*  
Using the same sequence \((x_n)\to c\),

\[
f(x_n)\to f(c), \qquad g(x_n)\to g(c).
\]

The product of two convergent sequences converges to the product of the limits, so

\[
(fg)(x_n)=f(x_n)g(x_n)\longrightarrow f(c)g(c)=(fg)(c).
\]

Hence \(fg\) is continuous at \(c\).

---

### (iii) Quotient \(f/g\) (when \(g(x)\neq0\) for all \(x\in S\))

*Why?*  
Again let \((x_n)\to c\).  
Since \(g(x)\neq0\) for every \(x\in S\), in particular \(g(c)\neq0\).  
We have

\[
f(x_n)\to f(c), \qquad g(x_n)\to g(c)\neq0.
\]

The quotient of two convergent sequences, with the denominator converging to a non‑zero limit, converges to the quotient of the limits. Therefore

\[
\left(\frac{f}{g}\right)(x_n)=\frac{f(x_n)}{g(x_n)}\longrightarrow \frac{f(c)}{g(c)}=\left(\frac{f}{g}\right)(c).
\]

Thus \(f/g\) is continuous at \(c\).

---

**Conclusion:**  
If \(f\) and \(g\) are continuous at \(c\), then the sum \(f+g\), the product \(fg\), and the quotient \(f/g\) (provided \(g(x)\neq0\) on \(S\)) are all continuous at \(c\). This follows directly from the sequential characterization of continuity and the algebraic properties of limits of sequences."
18100a-lecture-15-multicam_360p_16_9,class of continuous functions,Full Lecture Transcript,"State and justify the conclusion regarding the continuity of the composition \(f\circ g\) at a point \(c\) when \(g\) is continuous at \(c\) and \(f\) is continuous at \(g(c)\), as discussed in the lecture.","If \(g\) is continuous at \(c\) and \(f\) is continuous at \(g(c)\), then the composition \(f\circ g\) is continuous at \(c\). This follows by taking any sequence \(x_n\to c\); then \(g(x_n)\to g(c)\), and since \(f\) is continuous at \(g(c)\), \(f(g(x_n))\to f(g(c))\), establishing continuity of \(f\circ g\) at \(c\).","**Conclusion (from the lecture)**  
If  

* \(g : B \to A\) is continuous at the point \(c\in B\), and  
* \(f : A \to \mathbb{R}\) is continuous at the point \(g(c)\in A\),

then the composition  

\[
f\circ g : B \longrightarrow \mathbb{R}, \qquad (f\circ g)(x)=f(g(x))
\]

is continuous at \(c\).

**Justification (sequential characterization)**  

Take any sequence \((x_n)\) in \(B\) with \(x_n \to c\).  
Because \(g\) is continuous at \(c\), the sequence \((g(x_n))\) converges to \(g(c)\).  
Since \(f\) is continuous at \(g(c)\), the sequence \((f(g(x_n)))\) converges to \(f(g(c))\).  

Thus for every sequence converging to \(c\), the image under \(f\circ g\) converges to \((f\circ g)(c)=f(g(c))\).  
By the sequential definition of continuity, \(f\circ g\) is continuous at \(c\)."
18100a-lecture-15-multicam_360p_16_9,constant,Full Lecture Transcript,"In the lecture, what is the key reason that a function is automatically continuous at a point that is not a cluster point of its domain?","Because if \(c\) is not a cluster point, there exists a \(\delta>0\) such that the only point of \(S\) within \((c-\delta,c+\delta)\) is \(c\) itself. Thus for all \(x\in S\) with \(|x-c|<\delta\) we have \(x=c\), and automatically \(|f(x)-f(c)|=0<\varepsilon\) for any \(\varepsilon>0\). The continuity condition is vacuously satisfied.","Because there are no other points of the domain arbitrarily close to that point.  
If \(C\) is not a cluster point of \(S\), one can find a \(\delta>0\) so that the \(\delta\)-neighbourhood of \(C\) contains no points of \(S\) other than \(C\) itself.  Thus for any \(x\in S\) with \(|x-C|<\delta\) we must have \(x=C\), and consequently \(|f(x)-f(C)|=0<\varepsilon\).  The continuity condition is therefore satisfied trivially."
18100a-lecture-15-multicam_360p_16_9,constant,Full Lecture Transcript,"What are the three parts of the theorem that characterize continuity at a point \(c\) when \(S\subseteq \mathbb{R}\), \(c\in S\), and \(f:S\to \mathbb{R}\)?","1. If \(c\) is not a cluster point of \(S\), then \(f\) is continuous at \(c\). 2. If \(c\) *is* a cluster point of \(S\), then \(f\) is continuous at \(c\) iff \(\displaystyle\lim_{x\to c}f(x)=f(c)\). 3. \(f\) is continuous at \(c\) iff for every sequence \((x_n)\subseteq S\) with \(x_n\to c\) we have \(f(x_n)\to f(c)\).","**Theorem (characterising continuity at a point).**  
Let \(S\subseteq\mathbb{R}\), let \(c\in S\), and let \(f:S\to\mathbb{R}\).  
Then the following three statements are equivalent:

1. **Non‑cluster case** – If \(c\) is **not** a cluster point of \(S\), then \(f\) is automatically continuous at \(c\).

2. **Limit case** – If \(c\) **is** a cluster point of \(S\), then  
   \[
   f \text{ is continuous at } c \;\Longleftrightarrow\; \lim_{x\to c}f(x)=f(c).
   \]

3. **Sequential case** – For every sequence \((x_n)\subseteq S\) with \(x_n\to c\),  
   \[
   f \text{ is continuous at } c \;\Longleftrightarrow\; f(x_n)\to f(c).
   \]

These three parts together give a complete characterisation of continuity of \(f\) at the point \(c\)."
18100a-lecture-15-multicam_360p_16_9,constant,Full Lecture Transcript,"According to the lecture, why is the statement ""\(f\) is continuous at \(c\) iff \(\displaystyle\lim_{x\to c}f(x)=f(c)\)"" non‑trivial when \(c\) is a cluster point of \(S\)?","When \(c\) is a cluster point, the neighborhood of \(c\) contains other points of \(S\) arbitrarily close to \(c\). Therefore the limit \(\displaystyle\lim_{x\to c}f(x)\) must be examined as \(x\) approaches \(c\) through points distinct from \(c\). The equivalence isn’t trivial because the definition of continuity requires the function value at \(c\) itself, whereas the limit concerns only nearby points; the theorem shows that these two conditions coincide when \(c\) is a cluster point.","Because the only “interesting’’ points for continuity are the cluster points of the domain.  
If \(c\) is **not** a cluster point of \(S\), then there is a neighbourhood of \(c\) that contains no other points of \(S\) besides \(c\) itself.  In that case the definition of continuity reduces to the trivial statement  
\[
|f(x)-f(c)|<\varepsilon \quad\text{whenever }x\in S\text{ and }|x-c|<\delta,
\]  
but the only \(x\) that can satisfy \(|x-c|<\delta\) is \(x=c\).  Hence every function is automatically continuous at such a point, and the equivalence with the limit statement is vacuous.

When \(c\) **is** a cluster point, there are points of \(S\) arbitrarily close to \(c\) other than \(c\) itself.  The limit condition
\[
\lim_{x\to c}f(x)=f(c)
\]
requires that the values of \(f(x)\) for those nearby points approach the specific value \(f(c)\).  This is not automatic; it must be proved that the limit existing and equaling \(f(c)\) guarantees that for every \(\varepsilon>0\) we can find a \(\delta>0\) such that \(|f(x)-f(c)|<\varepsilon\) whenever \(x\in S\) and \(|x-c|<\delta\).  Conversely, one must show that if \(f\) is continuous at \(c\), then the limit of \(f(x)\) as \(x\to c\) (with \(x\neq c\)) indeed equals \(f(c)\).

Thus, the statement “\(f\) is continuous at \(c\) iff \(\lim_{x\to c}f(x)=f(c)\)” is non‑trivial precisely because, at a cluster point, the behaviour of \(f\) on points of \(S\) arbitrarily close to \(c\) matters and must be linked to the value \(f(c)\)."
18100a-lecture-15-multicam_360p_16_9,constant,Full Lecture Transcript,"In terms of sequences, what condition on every sequence \((x_n)\subseteq S\) converging to \(c\) is equivalent to \(f\) being continuous at \(c\)?","The condition is: for every sequence \((x_n)\subseteq S\) with \(x_n\to c\) we must have \(\displaystyle\lim_{n\to\infty}f(x_n)=f(c)\). In other words, the image sequence \(f(x_n)\) must converge to the function value at the limit point.","For every sequence \((x_n)\subseteq S\) that converges to \(c\) we must have  

\[
f(x_n)\;\longrightarrow\;f(c).
\]

In other words, \(f\) is continuous at \(c\) **iff** every sequence in \(S\) converging to \(c\) is sent by \(f\) to a sequence converging to \(f(c)\)."
18100a-lecture-15-multicam_360p_16_9,constant,Full Lecture Transcript,"How does the lecture explain that the function \(f(x)=\begin{cases}1,& x\notin\mathbb{Q}\\0,& x\in\mathbb{Q}\end{cases}\) is discontinuous at every real number?","The lecture constructs, for any real \(c\), a sequence of irrationals \((x_n)\) that converges to \(c\). Because all terms of this sequence lie outside \(\mathbb{Q}\), \(f(x_n)=1\) for every \(n\), so \(\lim_{n\to\infty}f(x_n)=1\). However, if \(c\) is rational then \(f(c)=0\), and if \(c\) is irrational then \(f(c)=1\). In either case the limit of \(f(x_n)\) differs from \(f(c)\), violating the sequential criterion for continuity; hence \(f\) is discontinuous at every real number.","**How the lecture shows that the “Dirichlet” function is discontinuous everywhere**

1. **The key theorem used**  
   The lecture states the theorem that a function \(f\) is *not* continuous at a point \(c\) iff  
   \[
   \exists\; (x_n)\quad\text{with }x_n\to c\text{ and }f(x_n)\not\to f(c).
   \]
   Equivalently, \(f\) is continuous at \(c\) iff *every* sequence converging to \(c\) has its image converge to \(f(c)\).

2. **Constructing sequences that “force” a different limit**  
   For any real number \(c\) the lecture uses the Archimedean property (or the fact that rationals are dense in \(\mathbb{R}\)) to produce two kinds of sequences:

   *A rational sequence*  
   \[
   (q_n)\subset\mathbb{Q}\quad\text{with }q_n\to c.
   \]
   Since \(f(q_n)=0\) for all \(n\), the image sequence converges to \(0\).

   *An irrational sequence*  
   \[
   (r_n)\subset\mathbb{R}\setminus\mathbb{Q}\quad\text{with }r_n\to c.
   \]
   Here \(f(r_n)=1\) for all \(n\), so the image sequence converges to \(1\).

3. **Checking the two cases for \(c\)**  

   *If \(c\) is rational*:  
   \(f(c)=0\).  
   The rational sequence gives limit \(0=f(c)\), but the irrational sequence gives limit \(1\neq f(c)\).  
   Thus the condition of the theorem fails, so \(f\) is not continuous at \(c\).

   *If \(c\) is irrational*:  
   \(f(c)=1\).  
   The irrational sequence gives limit \(1=f(c)\), but the rational sequence gives limit \(0\neq f(c)\).  
   Again the theorem’s condition fails, so \(f\) is not continuous at \(c\).

4. **Conclusion**  
   Since for *every* real number \(c\) we can find a sequence converging to \(c\) whose image does **not** converge to \(f(c)\), the function
   \[
   f(x)=
   \begin{cases}
   1,& x\notin\mathbb{Q}\\[2pt]
   0,& x\in\mathbb{Q}
   \end{cases}
   \]
   is discontinuous at every point of \(\mathbb{R}\).

The lecture therefore explains the discontinuity by explicitly constructing rational and irrational sequences converging to any chosen point and showing that the limits of \(f\) along these sequences differ from \(f(c)\)."
18100a-lecture-15-multicam_360p_16_9,arc,Full Lecture Transcript,"Why does the definition of continuity guarantee that if a point \(C\) is not a cluster point of a subset \(\mathbb{S}\subset\mathbb{R}\), then any function \(f:\mathbb{S}\to\mathbb{R}\) must be continuous at \(C\)?","When \(C\) is not a cluster point of \(\mathbb{S}\), there is a radius \(\delta_0>0\) such that the punctured \(\delta_0\)-neighbourhood \((C-\delta_0,\,C+\delta_0)\cap\mathbb{S}\setminus\{C\}\) is empty.  Thus for any \(x\in\mathbb{S}\) with \(|x-C|<\delta_0\) we must have \(x=C\).  Taking any \(\varepsilon>0\) and choosing this \(\delta_0\) as \(\delta\), we get \(|f(x)-f(C)|=|f(C)-f(C)|=0<\varepsilon\).  Hence \(f\) satisfies the \(\varepsilon\)–\(\delta\) definition of continuity at \(C\).","Because the definition of continuity only talks about what happens to the values of the function at points of the domain that are *near* the point in question, and if there are no other points of the domain near that point the condition is automatically satisfied.

Recall the ε–δ definition of continuity at a point \(C\in S\):

> \(f\) is continuous at \(C\)  \(\iff\)  for every \(\varepsilon>0\) there exists \(\delta>0\) such that  
>  whenever \(x\in S\) and \(|x-C|<\delta\), we have \(|f(x)-f(C)|<\varepsilon\).

Now suppose \(C\) is **not** a cluster point of \(S\).  
By definition of a cluster point, this means that there is some radius \(\delta_{0}>0\) for which the punctured neighbourhood of \(C\) contains no other points of \(S\):

\[
\bigl((C-\delta_{0},\,C+\delta_{0})\cap S\bigr)\setminus\{C\}=\varnothing .
\]

In other words, the only point of \(S\) that lies within distance \(\delta_{0}\) of \(C\) is \(C\) itself.  
Therefore, for any \(x\in S\) with \(|x-C|<\delta_{0}\) we must have \(x=C\).  
Consequently

\[
|f(x)-f(C)| = |f(C)-f(C)| = 0 < \varepsilon .
\]

Thus, given any \(\varepsilon>0\), we can choose \(\delta=\delta_{0}\) and the ε–δ condition is satisfied.  
Hence \(f\) is continuous at \(C\).

So the definition of continuity guarantees that if a point is not a cluster point of the domain, every function defined on that domain is automatically continuous at that point."
18100a-lecture-15-multicam_360p_16_9,arc,Full Lecture Transcript,"State the sequence‑based equivalent condition for a function \(f:\mathbb{S}\to\mathbb{R}\) to be continuous at a point \(c\in\mathbb{S}\).  If \((x_n)\) is a sequence in \(\mathbb{S}\) with \(x_n\to c\), what must happen to \((f(x_n))\)?","The theorem states that  
        \[
        f \text{ is continuous at } c \iff \forall\text{ sequences }(x_n)\subset\mathbb{S}\text{ with }x_n\to c,\ \text{ we have }f(x_n)\to f(c).
        \]  
        Therefore, whenever a sequence converges to \(c\), the corresponding image sequence must converge to the value \(f(c)\).","**Sequence‑based characterization of continuity**

A function \(f:\mathbb{S}\to\mathbb{R}\) is **continuous at a point \(c\in\mathbb{S}\)** iff

\[
\text{for every sequence }(x_n)\subset\mathbb{S}\text{ with }x_n\to c,\quad f(x_n)\to f(c).
\]

In other words, whenever you take any sequence of points from \(\mathbb{S}\) that converges to \(c\), the corresponding sequence of function values must converge to the value of the function at \(c\). If \((x_n)\) is such a sequence, then \((f(x_n))\) must converge to \(f(c)\)."
18100a-lecture-15-multicam_360p_16_9,arc,Full Lecture Transcript,"Using the continuity of \(\sin\) and the algebraic closure properties proved in the lecture, explain why the function  
        \[
        g(x)=\frac{1}{\,3+\sin(x^4)}\quad(x\in\mathbb{R})
        \]
        is continuous on \(\mathbb{R}\).","The continuity of \(\sin\) gives that \(\sin(x)\) is continuous for all real \(x\).  The function \(x\mapsto x^4\) is a polynomial, hence continuous everywhere; by the composition theorem, \(\sin(x^4)\) is continuous.  Adding the constant \(3\) preserves continuity, so \(x\mapsto 3+\sin(x^4)\) is continuous and its range satisfies \(|3+\sin(x^4)|\ge2>0\) (since \(|\sin|\le1\)).  The reciprocal of a continuous function that never vanishes is continuous (algebraic theorem for quotients).  Hence \(g(x)=1/(3+\sin(x^4))\) is continuous everywhere.","Because all the pieces that make up \(g\) are continuous and the only place where a quotient could fail to be continuous is when the denominator vanishes, we can apply the algebraic closure properties that were proved in the lecture.

1. **\(x\mapsto x^4\)** is a polynomial, hence continuous on \(\mathbb{R}\).

2. **\(\sin\)** is continuous on \(\mathbb{R}\) (proved in the lecture by the \(\varepsilon\)–\(\delta\) argument).

3. By the **composition theorem**, the function  
   \[
   x\;\longmapsto\;\sin(x^4)
   \]
   is continuous on \(\mathbb{R}\).

4. The constant function \(x\mapsto 3\) is continuous, and by the **algebraic theorem** (sum of continuous functions),  
   \[
   x\;\longmapsto\;3+\sin(x^4)
   \]
   is continuous on \(\mathbb{R}\).

5. For every real \(x\), \(\sin(x^4)\in[-1,1]\), so  
   \[
   3+\sin(x^4)\in[2,4]\neq 0 .
   \]
   Thus the denominator never vanishes.

6. By the **quotient rule** for continuous functions (again an algebraic closure property proved in the lecture), the reciprocal of a continuous, nowhere‑zero function is continuous. Therefore  
   \[
   x\;\longmapsto\;\frac{1}{\,3+\sin(x^4)}
   \]
   is continuous on \(\mathbb{R}\).

Hence \(g(x)=\dfrac{1}{3+\sin(x^4)}\) is continuous for every real \(x\)."
18100a-lecture-15-multicam_360p_16_9,arc,Full Lecture Transcript,"Give an example of a real‑valued function that is discontinuous at every real number, and describe the property of this function that guarantees its universal discontinuity.","The Dirichlet function  
        \[
        f(x)=\begin{cases}
        1,& x\notin\mathbb{Q},\\
        0,& x\in\mathbb{Q},
        \end{cases}
        \]
        is discontinuous at every real \(c\).  The key property is that both the rationals \(\mathbb{Q}\) and the irrationals \(\mathbb{R}\setminus\mathbb{Q}\) are dense in \(\mathbb{R}\).  For any \(c\), one can choose a rational sequence and an irrational sequence converging to \(c\); the images converge to \(0\) and \(1\) respectively, so the limit does not exist at \(c\).","**Example**

\[
f(x)=
\begin{cases}
1, & \text{if }x\text{ is irrational},\\[4pt]
0, & \text{if }x\text{ is rational}.
\end{cases}
\]

This is the classic “Dirichlet” function.

**Why it is discontinuous at every real number**

The key property is that the sets of rational numbers \(\mathbb{Q}\) and irrational numbers \(\mathbb{R}\setminus\mathbb{Q}\) are both *dense* in \(\mathbb{R}\).  
For any real number \(c\) and any neighbourhood of \(c\) (no matter how small), that neighbourhood contains both rational and irrational points.  

- If we take a sequence \((x_n)\) of rational numbers converging to \(c\), then \(f(x_n)=0\) for all \(n\), so \(\lim f(x_n)=0\).
- If we take a sequence \((y_n)\) of irrational numbers converging to \(c\), then \(f(y_n)=1\) for all \(n\), so \(\lim f(y_n)=1\).

Since the two limits are different, the limit \(\lim_{x\to c} f(x)\) does not exist. By the definition of continuity, \(f\) is not continuous at \(c\). Because \(c\) was arbitrary, \(f\) is discontinuous at every real number.

Thus, the property that guarantees universal discontinuity is the *simultaneous density* of the two value sets (rational and irrational) in the domain, which forces any neighbourhood of any point to contain points where the function takes both values."
18100a-lecture-15-multicam_360p_16_9,arc,Full Lecture Transcript,"If \(f\) and \(g\) are continuous at a point \(c\) and \(g(c)\neq0\), what can be said about the continuity of  
        \[
        h(x)=\frac{f(x)}{g(x)}
        \]
        at \(c\)?  Provide the reasoning using the sequence characterization of continuity.","Since \(f\) and \(g\) are continuous at \(c\), for any sequence \((x_n)\) with \(x_n\to c\) we have \(f(x_n)\to f(c)\) and \(g(x_n)\to g(c)\).  Because \(g(c)\neq0\), there exists \(N\) such that for all \(n\ge N\), \(g(x_n)\neq0\) and stays bounded away from \(0\).  Therefore
        \[
        \frac{f(x_n)}{g(x_n)} \;\longrightarrow\; \frac{f(c)}{g(c)}.
        \]
        By the sequence definition of continuity, \(h(x)=f(x)/g(x)\) is continuous at \(c\).","If \(f\) and \(g\) are continuous at \(c\) and \(g(c)\neq 0\), then the function  

\[
h(x)=\frac{f(x)}{g(x)}
\]

is continuous at \(c\).

**Sequence‑characterization proof**

Let \((x_n)\) be any sequence in the domain of \(h\) such that \(x_n\to c\).  
Because \(f\) is continuous at \(c\),

\[
f(x_n)\longrightarrow f(c).
\]

Because \(g\) is continuous at \(c\),

\[
g(x_n)\longrightarrow g(c).
\]

Since \(g(c)\neq 0\), the limit of \(g(x_n)\) is a non‑zero real number.  
Hence there exists \(N\) such that for all \(n\ge N\), \(g(x_n)\neq 0\); the quotient \(f(x_n)/g(x_n)\) is therefore defined for all sufficiently large \(n\).

Now use the algebraic limit theorem for sequences: if \(a_n\to a\) and \(b_n\to b\) with \(b\neq 0\), then

\[
\frac{a_n}{b_n}\longrightarrow \frac{a}{b}.
\]

Applying this to \(a_n=f(x_n)\) and \(b_n=g(x_n)\) gives

\[
\frac{f(x_n)}{g(x_n)}\longrightarrow \frac{f(c)}{g(c)} = h(c).
\]

Thus for every sequence \((x_n)\) converging to \(c\), the sequence \((h(x_n))\) converges to \(h(c)\).  
By the sequential characterization of continuity, \(h\) is continuous at \(c\)."
18100a-lecture-15-multicam_360p_16_9,sequential characterization,Full Lecture Transcript,"In the lecture, why does a function defined on a set \(S\subseteq\mathbb R\) become automatically continuous at a point \(C\in S\) if \(C\) is *not* a cluster point of \(S\)? What key idea is used in the epsilon‑delta argument?","If \(C\) is not a cluster point of \(S\), then there exists a neighborhood around \(C\) that contains no other points of \(S\). In an epsilon‑delta proof, one chooses a \( \delta>0 \) small enough so that the interval \((C-\delta,C+\delta)\) intersects \(S\) only at \(C\). Then for any \(x\in S\) with \(|x-C|<\delta\) we must have \(x=C\), hence \(f(x)=f(C)\), which is automatically within any prescribed \(\varepsilon>0\). Thus continuity holds trivially.","Because when \(C\) is **not** a cluster point of \(S\) there are no other points of \(S\) that can get arbitrarily close to \(C\).  
In the \(\varepsilon\)–\(\delta\) definition of continuity we must show:

\[
\forall \varepsilon>0\;\exists \delta>0\;\text{such that}\;
x\in S,\;0<|x-C|<\delta \;\Longrightarrow\; |f(x)-f(C)|<\varepsilon .
\]

If \(C\) is not a cluster point, we can choose any \(\delta>0\) and the antecedent
\(x\in S,\;0<|x-C|<\delta\) is **never satisfied**—the only point of \(S\) in that
punctured \(\delta\)-neighbourhood is \(C\) itself, and the condition \(0<|x-C|\)
fails. Thus the implication is vacuously true, and the inequality
\(|f(x)-f(C)|<\varepsilon\) holds automatically (indeed, \(f(x)=f(C)\) when \(x=C\)).

So the key idea in the epsilon‑delta argument is that the set of points
\(x\in S\) with \(0<|x-C|<\delta\) is empty, making the continuity condition
trivially satisfied."
18100a-lecture-15-multicam_360p_16_9,sequential characterization,Full Lecture Transcript,"According to the lecture, what is the precise relationship between continuity at a cluster point \(C\) and the limit of the function as it approaches \(C\)? State the equivalence and describe, in your own words, one direction of the proof.","The lecture states:  \(f\) is continuous at a cluster point \(C\) if and only if \(\displaystyle\lim_{x\to C}f(x)=f(C)\).  One direction: assume the limit equals \(f(C)\).  Given any \(\varepsilon>0\), there exists \(\delta>0\) such that whenever \(x\in S\), \(x\neq C\) and \(|x-C|<\delta\), we have \(|f(x)-f(C)|<\varepsilon\).  For \(x=C\) the inequality is trivial, so the epsilon‑delta definition of continuity is satisfied.","**Equivalence (as stated in the lecture)**  

Let \(S\subset\mathbb{R}\), let \(C\in S\), and let \(f:S\to\mathbb{R}\).  
If \(C\) is a **cluster point** of \(S\), then

\[
\boxed{\;f\text{ is continuous at }C\;\Longleftrightarrow\;
\lim_{x\to C}f(x)=f(C)\;}
\]

In words: *the function is continuous at a cluster point exactly when the limit of the function as the argument approaches that point equals the value of the function at the point.*

---

**One direction of the proof (limit ⇒ continuity)**  

Assume that  
\[
\lim_{x\to C}f(x)=f(C).
\]

By the definition of a limit at a cluster point, for every \(\varepsilon>0\) there exists a \(\delta>0\) such that

\[
x\in S,\;0<|x-C|<\delta \;\Longrightarrow\; |f(x)-f(C)|<\varepsilon .
\]

To prove continuity we must show that for every \(\varepsilon>0\) there is a \(\delta>0\) such that

\[
x\in S,\;|x-C|<\delta \;\Longrightarrow\; |f(x)-f(C)|<\varepsilon .
\]

Take the same \(\delta\) obtained from the limit definition.  
If \(x\) satisfies \(|x-C|<\delta\), there are two possibilities:

1. **\(x=C\).** Then \(f(x)-f(C)=0\), so \(|f(x)-f(C)|=0<\varepsilon\).
2. **\(x\neq C\).** Then \(0<|x-C|<\delta\), and by the limit condition we already have  
   \(|f(x)-f(C)|<\varepsilon\).

Thus in either case the inequality holds, proving that \(f\) is continuous at \(C\).  

This completes the “limit implies continuity” part of the equivalence."
18100a-lecture-15-multicam_360p_16_9,sequential characterization,Full Lecture Transcript,The lecture presented a sequential characterization of continuity. What condition must hold for *every* sequence \((x_n)\) in the domain that converges to \(C\) in order for a function \(f\) to be continuous at \(C\)?,"The sequential characterization requires that for every sequence \((x_n)\subset S\) with \(\lim_{n\to\infty}x_n=C\), the image sequence \((f(x_n))\) converges to \(f(C)\).","For every sequence \((x_n)\) in the domain that converges to \(C\), the image sequence must converge to the value of the function at that point; i.e.  

\[
x_n \to C \quad\Longrightarrow\quad f(x_n)\to f(C).
\]"
18100a-lecture-15-multicam_360p_16_9,sequential characterization,Full Lecture Transcript,"Using the sequential viewpoint discussed in the lecture, explain why the function \(f:\mathbb R\to\mathbb R\) defined by \(f(x)=1\) if \(x\) is irrational and \(f(x)=0\) if \(x\) is rational is not continuous at any real number.","For any real number \(C\), one can construct two sequences converging to \(C\): one sequence of rationals \((q_n)\) and one sequence of irrationals \((\alpha_n)\).  Applying \(f\) yields \(f(q_n)=0\) for all \(n\) and \(f(\alpha_n)=1\) for all \(n\).  Since the two subsequences converge to different limits, \(f\) cannot have a single limit \(f(C)\) along all sequences approaching \(C\); therefore \(f\) is not continuous at any \(C\).","**Sequential criterion for continuity**

A function \(f:S\subseteq\mathbb R\to\mathbb R\) is continuous at a point \(c\in S\) **iff**  
for every sequence \((x_n)\subseteq S\) that converges to \(c\) we have  

\[
f(x_n)\longrightarrow f(c).
\]

Equivalently, \(f\) is **not** continuous at \(c\) if and only if there exists a sequence \((x_n)\) with \(x_n\to c\) such that \(f(x_n)\) does **not** converge to \(f(c)\).

---

### The function in question

\[
f(x)=
\begin{cases}
1 & \text{if }x\text{ is irrational},\\[2pt]
0 & \text{if }x\text{ is rational}.
\end{cases}
\]

We show that for **every** real number \(c\) we can find a sequence converging to \(c\) whose image under \(f\) fails to converge to \(f(c)\).

---

#### 1.  \(c\) is rational

Because the irrationals are dense in \(\mathbb R\), for each \(n\in\mathbb N\) we can choose an irrational number \(x_n\) with  

\[
c< x_n < c+\frac1n .
\]

Then \(x_n\to c\) as \(n\to\infty\).  
But \(f(x_n)=1\) for every \(n\), so the sequence \((f(x_n))\) is constantly \(1\) and therefore converges to \(1\).

Since \(c\) is rational, \(f(c)=0\).  
Thus \(f(x_n)\not\to f(c)\).  
By the sequential criterion, \(f\) is not continuous at the rational point \(c\).

---

#### 2.  \(c\) is irrational

Now use the density of the rationals.  For each \(n\) pick a rational \(y_n\) with  

\[
c< y_n < c+\frac1n .
\]

Then \(y_n\to c\).  
Because each \(y_n\) is rational, \(f(y_n)=0\) for all \(n\), so \((f(y_n))\) converges to \(0\).

But \(c\) is irrational, so \(f(c)=1\).  
Hence \(f(y_n)\not\to f(c)\), and \(f\) is not continuous at the irrational point \(c\).

---

### Conclusion

For every real number \(c\) we have constructed a sequence converging to \(c\) whose image under \(f\) does **not** converge to \(f(c)\).  
By the sequential characterization of continuity, \(f\) is discontinuous at every real point."
18100a-lecture-15-multicam_360p_16_9,sequential characterization,Full Lecture Transcript,"The lecture noted that certain algebraic operations preserve continuity. Give one concrete example involving the composition of two continuous functions, specify the functions, and explain why their composition is continuous.",Let \(g(x)=x^2+1\) and \(f(y)=\sin y\).  Both \(g\) and \(f\) are continuous everywhere on \(\mathbb R\).  Their composition \(f(g(x))=\sin(x^2+1)\) is continuous at every real number because the composition of two continuous functions inherits continuity at each point where the inner function maps into the domain of the outer function.,"**Example**

Let  

* \(g:\mathbb{R}\to\mathbb{R}\) be the function \(g(x)=x^{4}\).  
* \(f:\mathbb{R}\to\mathbb{R}\) be the function \(f(x)=\sin x\).

Both \(g\) and \(f\) are continuous everywhere on \(\mathbb{R}\) (the power function \(x\mapsto x^{4}\) is a polynomial, and \(\sin x\) is a standard continuous trigonometric function).

**Composition**

The composition \(f\circ g\) is the function

\[
(f\circ g)(x)=f(g(x))=\sin(x^{4}).
\]

**Why it is continuous**

According to the lecture, if \(g\) is continuous at a point \(c\) and \(f\) is continuous at the point \(g(c)\), then the composition \(f\circ g\) is continuous at \(c\).  
Using the sequential characterization:

1. Take any sequence \((x_n)\) that converges to \(c\).  
2. Because \(g\) is continuous, \(g(x_n)\to g(c)=c^{4}\).  
3. Because \(f\) is continuous, \(f(g(x_n))\to f(g(c))=\sin(c^{4})\).

Thus \((f\circ g)(x_n)\to (f\circ g)(c)\) for every sequence converging to \(c\), which is exactly the definition of continuity at \(c\). Therefore \(\sin(x^{4})\) is continuous on \(\mathbb{R}\)."
18100a-lecture-16-multicam_360p_16_9,absolute value,Full Lecture Transcript,"In the discussion on bounding a continuous function on a closed interval \([a,b]\), what is the precise condition that \emph{fails} when a function is \emph{not} unbounded? Write the negation of the definition of unboundedness and explain what it means for the function to be bounded.","The function is bounded when there exists a non‑negative constant \(B\) such that for all \(x\in [a,b]\) we have \(|f(x)|\le B\).  The negation of the definition of unboundedness, which states \(\forall b\ge 0\,\exists x\in[a,b]\, (|f(x)|\ge b)\), is \(\exists B\ge 0\,\forall x\in[a,b]\,(|f(x)|\le B)\).","In the lecture the function \(f\) is called **unbounded** on a set \(S\) (for instance the closed interval \([a,b]\)) when

\[
\forall\,B\ge 0\;\; \exists\,x\in S \text{ such that } |f(x)|\ge B .
\]

The **negation** of this statement is obtained by switching the quantifiers and the inequality:

\[
\exists\,B\ge 0\;\; \forall\,x\in S \text{ such that } |f(x)|\le B .
\]

This is precisely the definition of **boundedness**: there is a single non‑negative number \(B\) that serves as an upper bound for the absolute value of \(f(x)\) at every point of the interval. In other words, the graph of \(f\) stays between the two horizontal lines \(y=-B\) and \(y=+B\); the function never “goes off to \(\pm\infty\)”. Thus, the condition that fails when a function is *not* unbounded is the existence of such a bound \(B\)."
18100a-lecture-16-multicam_360p_16_9,absolute value,Full Lecture Transcript,"During the proof that a continuous function on \([a,b]\) is bounded, a sequence \((x_n)\) is constructed with \(|f(x_n)|\ge n\). Identify the property of this sequence that allows the use of the Bolzano–Weierstrass theorem and explain why this leads to a contradiction.","The sequence \((x_n)\) lies entirely in the closed, bounded interval \([a,b]\); hence it is bounded.  By Bolzano–Weierstrass, it has a convergent subsequence.  Continuity of \(f\) then forces \(f(x_{n_k})\to f(L)\) for the subsequence limit \(L\in[a,b]\), contradicting the fact that \(|f(x_{n_k})|\ge n_k\to\infty\).","**Property that lets us apply Bolzano–Weierstrass**

The sequence \((x_n)\) is chosen so that every term lies in the closed interval \([a,b]\).  
Hence the sequence is **bounded** (all its terms satisfy \(a\le x_n\le b\)).  
Bolzano–Weierstrass tells us that any bounded sequence of real numbers has a convergent subsequence.  
So we can pick a subsequence \((x_{n_k})\) with

\[
x_{n_k}\longrightarrow d\in [a,b].
\]

**Why this leads to a contradiction**

Because \(f\) is continuous at every point of \([a,b]\), in particular at \(d\).  
Therefore

\[
f(x_{n_k}) \longrightarrow f(d).
\]

But the construction of the sequence guarantees

\[
|f(x_{n_k})|\ge n_k \quad\text{for all }k,
\]

and the integers \(n_k\) tend to \(+\infty\).  
Thus \(|f(x_{n_k})|\) diverges to infinity, so the subsequence \((f(x_{n_k}))\) cannot converge to the finite number \(f(d)\).

This contradiction shows that our assumption that \(f\) is unbounded on \([a,b]\) is false; hence \(f\) must be bounded."
18100a-lecture-16-multicam_360p_16_9,absolute value,Full Lecture Transcript,"According to the min–max theorem part of the lecture, once a continuous function on \([a,b]\) is shown to be bounded and to attain its supremum and infimum, what inclusion relationship is established between its image and the interval determined by its extreme values?","The inclusion is \[
      f([a,b]) \;\subseteq\; [\,f(c),\,f(d)\,],
    \] where \(c,d\in[a,b]\) are points at which \(f\) attains its absolute minimum and maximum, respectively.","According to the min–max theorem, once we know that a continuous function \(f:[a,b]\to\mathbb{R}\) is bounded and that it actually attains its least and greatest values, we can assert that  

\[
f([a,b]) \;\subseteq\; [\,\min_{x\in[a,b]}f(x),\;\max_{x\in[a,b]}f(x)\,].
\]

In other words, the image of the interval \([a,b]\) lies entirely inside the closed interval determined by the function’s extreme (minimum and maximum) values."
18100a-lecture-16-multicam_360p_16_9,absolute value,Full Lecture Transcript,"In the construction of the bisection method described in the notes, three key properties of the sequences \((a_n)\) and \((b_n)\) are highlighted. List these properties exactly as presented.","1. Monotonic and nested: \(a_n \le a_{n+1} \le b_{n+1} \le b_n\) for all \(n\).  2. The gap halves each step: \(b_n-a_n = \frac{b-a}{2^{\,n-1}}\).  3. Sign conditions: \(f(a_n) < 0\) and \(f(b_n)\ge 0\) for every \(n\).","**The three properties that the notes list for the sequences \((a_n)\) and \((b_n)\) are:**

1. **Sign of the function at the left end‑points**  
   \[
   f(a_n) < 0 \quad\text{for every } n .
   \]

2. **Sign of the function at the right end‑points**  
   \[
   f(b_n) \ge 0 \quad\text{for every } n .
   \]

3. **Construction by bisection (nested intervals)**  
   Each new pair \((a_{n+1},\,b_{n+1})\) is obtained by taking the midpoint of the previous interval \([a_n,b_n]\); thus the intervals are nested and shrink to a single point \(c\) (i.e. \(a_n < b_n\) for all \(n\) and \(\lim_{n\to\infty}a_n=\lim_{n\to\infty}b_n=c\))."
18100a-lecture-16-multicam_360p_16_9,absolute value,Full Lecture Transcript,"At the end of the lecture the Bolzano–intermediate value theorem is derived from the special case \(f(a)<0<f(b)\). What auxiliary function is introduced in this reduction, and which properties of this new function allow the application of the special case?","The auxiliary function is \(g(x)=f(x)-y\) where \(y\) lies strictly between \(f(a)\) and \(f(b)\).  Then \(g\) is continuous, \(g(a)=f(a)-y<0\) and \(g(b)=f(b)-y>0\).  Hence \(g\) satisfies the previously proved special case (\(g(a)<0<g(b)\)), allowing the use of the bisection argument to find \(c\) with \(g(c)=0\), i.e., \(f(c)=y\).","The reduction introduces the **auxiliary function**

\[
g(x)=f(x)-y ,
\]

where \(y\) is a fixed real number satisfying \(f(a)<y<f(b)\) (or the reverse inequality if \(f(a)>f(b)\)).

Because \(f\) is continuous on \([a,b]\) and the subtraction of a constant preserves continuity, \(g\) is also continuous on \([a,b]\).  Moreover,

\[
g(a)=f(a)-y<0,\qquad g(b)=f(b)-y>0 .
\]

Thus \(g\) satisfies the special case of Bolzano’s theorem (\(g(a)<0<g(b)\)).  Applying that special case to \(g\) yields a point \(c\in[a,b]\) with \(g(c)=0\), i.e. \(f(c)=y\).  These properties—continuity of \(g\) and the sign change at the endpoints—allow the application of the special case."
18100a-lecture-16-multicam_360p_16_9,closed set,Full Lecture Transcript,"State, in your own words, the theorem that characterizes continuity for a function \(f:\mathcal{S}\to\mathbb{R}\) (where \(\mathcal{S}\subseteq\mathbb{R}\)). What role do sequences play in this characterization?","The theorem states that a function \(f:\mathcal{S}\to\mathbb{R}\) is continuous at a point \(c\in\mathcal{S}\) if and only if for every sequence \((x_n)\subseteq\mathcal{S}\) that converges to \(c\), the sequence \((f(x_n))\) converges to \(f(c)\). Thus, continuity at \(c\) is equivalent to agreement between the limit of the function values along all sequences approaching \(c\) and the function value at \(c\); sequences provide a way to test continuity by examining behavior along convergent paths.","**Theorem (Sequential characterization of continuity).**  
Let \(S\subseteq\mathbb{R}\) and let \(f:S\to\mathbb{R}\).  
For a point \(c\in S\), the function \(f\) is continuous at \(c\) **iff** for **every** sequence \((x_n)\) of points in \(S\) that converges to \(c\) we have  

\[
\lim_{n\to\infty} f(x_n)=f(c).
\]

In other words, \(f\) preserves the limit of any sequence that approaches \(c\).

**Role of sequences.**  
Sequences provide a concrete, point‑wise way to test continuity. Instead of checking the ε–δ definition directly, we can examine all sequences that approach the point \(c\); if the images of all such sequences converge to the same value \(f(c)\), then \(f\) is continuous at \(c\). Thus, sequences capture the local behavior of \(f\) near \(c\) and serve as the bridge between the abstract definition of continuity and a practical criterion."
18100a-lecture-16-multicam_360p_16_9,closed set,Full Lecture Transcript,"The proof that a continuous real‑valued function defined on a closed and bounded interval is bounded uses Bolzano–Weierstrass. Why is this theorem essential in that proof, and what contradiction does it help produce?","Assuming the function were unbounded leads to the existence, for each natural number \(n\), of a point \(x_n\) in the interval with \(|f(x_n)|\ge n\). The sequence \((x_n)\) lies in the closed and bounded interval, so it is bounded; hence Bolzano–Weierstrass guarantees a convergent subsequence \((x_{n_k})\). The limit \(x\) of this subsequence lies in the interval (closedness). Continuity then forces \(f(x_{n_k})\to f(x)\), contradicting the fact that \(|f(x_{n_k})|\ge n_k\to\infty\). Thus Bolzano–Weierstrass is vital for extracting a limit point that exposes the contradiction.","In the proof we assume, for the sake of contradiction, that the continuous function \(f:[a,b]\to\mathbb R\) is **unbounded**.  
Unboundedness means that for every natural number \(n\) there is a point \(x_n\in[a,b]\) with  

\[
|f(x_n)|\ge n .
\]

Thus we obtain a sequence \((x_n)\) of points in the closed, bounded interval \([a,b]\).  
Because the interval is closed and bounded, **Bolzano–Weierstrass** guarantees that this sequence has a convergent subsequence \((x_{n_k})\) with

\[
x_{n_k}\longrightarrow c\in[a,b].
\]

The theorem is essential here: without it we would have no reason to know that a subsequence of the \(x_n\)’s converges to a point inside the domain.

Now use continuity of \(f\) at the limit point \(c\):

\[
f(x_{n_k})\longrightarrow f(c).
\]

But from the construction of the sequence we also have  

\[
|f(x_{n_k})|\ge n_k\;\;\text{and}\;\; n_k\to\infty,
\]

so the subsequence \((f(x_{n_k}))\) diverges to infinity.  
This contradicts the fact that it must converge to the finite number \(f(c)\).

Hence the assumption that \(f\) is unbounded leads to a contradiction, proving that a continuous real‑valued function on a closed and bounded interval is bounded. The Bolzano–Weierstrass theorem is the key tool that supplies the convergent subsequence needed to create this contradiction."
18100a-lecture-16-multicam_360p_16_9,closed set,Full Lecture Transcript,Which two hypotheses are required for the theorem that guarantees a continuous function on a closed and bounded interval attains both an absolute maximum and an absolute minimum? Provide a brief explanation of why each hypothesis is necessary.,"The two hypotheses are: (1) the domain interval must be closed and bounded, and (2) the function must be continuous on that interval. The closedness ensures that any convergent sequence of points from the interval has its limit within the interval; the boundedness guarantees that the interval is compact, so a continuous function attains its extremal values. Without continuity, a function may fail to attain any maximum or minimum even on a closed bounded set (e.g., \(f(x)=1/x\) on \((0,1]\)). Without closedness or boundedness, a continuous function can also fail to achieve extrema (e.g., still discontinuous endpoints in \((0,1)\) or unbounded intervals).","**The two hypotheses**

1. **Continuity of the function on the interval**  
2. **The interval is closed and bounded (i.e., compact)**  

**Why each hypothesis is needed**

| Hypothesis | Role in the theorem | Why it is necessary |
|------------|---------------------|----------------------|
| **Continuity** | Guarantees that the function has no “jumps” or “holes” that could allow it to approach a value without ever reaching it. | If the function is not continuous, it can fail to attain a maximum or minimum even on a closed, bounded interval. For example, a function that jumps over a value can have no point where that value is actually achieved. |
| **Closed and bounded interval** | Ensures the domain is compact. A continuous function on a compact set is bounded and attains its bounds. | If the interval is not closed (e.g., \((0,1)\)) or not bounded (e.g., \([0,\infty)\)), a continuous function can “escape” to infinity or approach a limit without ever reaching it, so no maximum or minimum is guaranteed. |

Thus, both hypotheses are essential: continuity guarantees the function behaves nicely, and a closed, bounded domain guarantees that the function’s range is compact, allowing the extreme values to be achieved."
18100a-lecture-16-multicam_360p_16_9,closed set,Full Lecture Transcript,"Describe the construction of the nested sequences \((a_n)\) and \((b_n)\) used in the bisection method proof of the special case of the intermediate value theorem (i.e., \(f(a)<0<f(b)\) implies \(\exists c\in(a,b)\) with \(f(c)=0\)). What key properties do these sequences satisfy?","The sequences \((a_n)\) and \((b_n)\) are defined recursively: start with \(a_1=a\), \(b_1=b\). For each \(n\ge1\), set the midpoint \(m_n=(a_n+b_n)/2\). If \(f(m_n)\ge0\), define \(a_{n+1}=a_n\) and \(b_{n+1}=m_n\); otherwise, set \(a_{n+1}=m_n\) and \(b_{n+1}=b_n\). Thus \(f(a_n)<0\le f(b_n)\) for all \(n\), \(a_n\) is non‑decreasing, \(b_n\) is non‑increasing, and \(b_n-a_n\) halves at each step. These properties ensure the sequences converge to the same limit \(c\), which satisfies \(f(c)=0\).","**Construction of the sequences**

1. **Start**  
   \[
   a_{1}=a,\qquad b_{1}=b .
   \]

2. **Induction step**  
   Suppose \(a_{n}\) and \(b_{n}\) are already defined with  
   \(f(a_{n})<0\) and \(f(b_{n})>0\).  
   Let  

   \[
   c_{n}=\frac{a_{n}+b_{n}}{2}\quad\text{(the midpoint)} .
   \]

   * If \(f(c_{n})<0\) set  
     \[
     a_{n+1}=c_{n},\qquad b_{n+1}=b_{n}.
     \]
   * If \(f(c_{n})>0\) set  
     \[
     a_{n+1}=a_{n},\qquad b_{n+1}=c_{n}.
     \]
   (The case \(f(c_{n})=0\) stops the process immediately.)

Thus each new pair \((a_{n+1},b_{n+1})\) is obtained by bisecting the previous interval \([a_{n},b_{n}]\) and keeping the half on which the sign of \(f\) is still opposite.

---

**Key properties satisfied by the sequences**

| Property | Explanation |
|----------|-------------|
| **Nested intervals** | \([a_{n+1},b_{n+1}] \subset [a_{n},b_{n}]\) for all \(n\). |
| **Monotonicity** | \(a_{1}\le a_{2}\le \dots\) and \(b_{1}\ge b_{2}\ge \dots\). |
| **Sign preservation** | \(f(a_{n})<0\) and \(f(b_{n})>0\) for every \(n\). |
| **Length shrinks** | \(b_{n}-a_{n} = \frac{b-a}{2^{\,n-1}}\) → 0 as \(n\to\infty\). |
| **Convergence** | The nested intervals have a unique common point \(c=\lim a_{n}=\lim b_{n}\). |
| **Zero at the limit** | By continuity, \(f(c)=0\). |

These properties guarantee that the limit point \(c\) lies in \((a,b)\) and satisfies \(f(c)=0\), proving the special case of the intermediate value theorem via the bisection method."
18100a-lecture-16-multicam_360p_16_9,closed set,Full Lecture Transcript,"In the general Bolzano–Intermediate Value Theorem, how does one reduce the problem of finding \(c\) such that \(f(c)=y\) (with \(y\) between \(f(a)\) and \(f(b)\)) to the special case where \(y=0\)? What auxiliary function is introduced and what does it accomplish?","To handle a general value \(y\) between \(f(a)\) and \(f(b)\), define the auxiliary function \(g(x)=f(x)-y\). The function \(g\) inherits continuity from \(f\). Moreover, \(g(a)=f(a)-y<0\) and \(g(b)=f(b)-y>0\). Applying the special case of the intermediate value theorem to \(g\) shows that there exists \(c\in(a,b)\) with \(g(c)=0\), which is precisely \(f(c)=y\). Thus the general statement reduces to the special case by translating the problem so that the desired value becomes zero.","In the general statement we want to show:

> If \(f:[a,b]\to\mathbb R\) is continuous and \(y\) satisfies  
> \(f(a)<y<f(b)\) (or \(f(b)<y<f(a)\)), then there is a \(c\in[a,b]\) with  
> \(f(c)=y\).

The trick is to turn this into the **special case** where the target value is \(0\).  
We do this by defining an *auxiliary* function

\[
g(x)=f(x)-y ,\qquad x\in[a,b].
\]

*Why this works*

1. **Continuity** – \(g\) is continuous because it is the difference of two continuous functions (\(f\) and the constant function \(x\mapsto y\)).

2. **Sign change** –  
   \[
   g(a)=f(a)-y,\qquad g(b)=f(b)-y.
   \]
   Since \(y\) lies strictly between \(f(a)\) and \(f(b)\), one of these numbers is negative and the other is positive. Thus \(g(a)\) and \(g(b)\) have opposite signs.

3. **Apply the special case** – The special case of the Intermediate Value Theorem says: if a continuous function takes values of opposite sign at the endpoints of an interval, then it must be zero somewhere inside. Therefore there exists \(c\in[a,b]\) such that \(g(c)=0\).

4. **Translate back** – \(g(c)=0\) means \(f(c)-y=0\), i.e. \(f(c)=y\).

So the auxiliary function \(g(x)=f(x)-y\) reduces the general problem to the special case \(y=0\) by shifting the graph of \(f\) downward (or upward) so that the desired value \(y\) becomes the horizontal line \(y=0\). The existence of a zero of \(g\) then gives the required point \(c\) with \(f(c)=y\)."
18100a-lecture-16-multicam_360p_16_9,ln,Full Lecture Transcript,"According to the theorem characterizing continuity by sequences, what is the equivalence that defines when a function \(f\) is continuous at a point \(c\) in a subset \(S\subset\mathbb{R}\)?",A function \(f:S\to\mathbb{R}\) is continuous at \(c\in S\) if and only if for every sequence \((x_n)\subset S\) with \(x_n\to c\) we have \(f(x_n)\to f(c)\).,"According to the sequence‑characterization theorem, a function \(f:S\to\mathbb{R}\) (with \(S\subset\mathbb{R}\)) is **continuous at a point \(c\in S\)** if and only if

\[
\forall\text{ sequences }(x_n)\subset S,\; x_n\to c \quad\Longrightarrow\quad \lim_{n\to\infty} f(x_n)=f(c).
\]

In other words, \(f\) is continuous at \(c\) precisely when every sequence of points of \(S\) that converges to \(c\) has its image under \(f\) converging to \(f(c)\)."
18100a-lecture-16-multicam_360p_16_9,ln,Full Lecture Transcript,Which statement does the Bolzano–Weierstrass theorem guarantee about any bounded sequence of real numbers?,Every bounded sequence of real numbers has a convergent subsequence.,The Bolzano–Weierstrass theorem guarantees that **every bounded sequence of real numbers contains a convergent subsequence**.
18100a-lecture-16-multicam_360p_16_9,ln,Full Lecture Transcript,"In the lecture proof that a continuous function on a closed and bounded interval is bounded, why is the Bolzano–Weierstrass theorem invoked?","Assuming \(f\) were unbounded gives a sequence \((x_n)\subset[a,b]\) with \(|f(x_n)|\ge n\). Since \((x_n)\) lies in the closed, bounded interval \([a,b]\), it is bounded, so Bolzano–Weierstrass produces a convergent subsequence whose limit lies in \([a,b]\). Continuity then forces \(f\) to have a finite limit at that point, contradicting the assumption that \(f\) is unbounded.","In the proof we assume, for contradiction, that the continuous function \(f\) on the closed, bounded interval \([a,b]\) is **not** bounded.  
This means that for every natural number \(n\) we can find a point \(x_n\in[a,b]\) with  

\[
|f(x_n)|\ge n .
\]

Thus we obtain a sequence \((x_n)\) of points in the interval.  
Because the interval \([a,b]\) is closed and bounded, the **Bolzano–Weierstrass theorem** guarantees that every sequence in it has a convergent subsequence.  
Applying Bolzano–Weierstrass gives a subsequence \((x_{n_k})\) that converges to some \(x\in[a,b]\).

Now we can use the continuity of \(f\) at that limit point \(x\): continuity implies  

\[
f(x_{n_k}) \longrightarrow f(x).
\]

But the construction of the sequence forces \(|f(x_{n_k})|\ge n_k\to\infty\), a contradiction.  

Hence the assumption that \(f\) is unbounded is false, and \(f\) must be bounded.

So the Bolzano–Weierstrass theorem is invoked to extract a convergent subsequence from the sequence of points where \(f\) takes arbitrarily large values, allowing the use of continuity to reach the contradiction."
18100a-lecture-16-multicam_360p_16_9,ln,Full Lecture Transcript,What are the two hypotheses that the lecture identifies as necessary for a continuous function on a closed and bounded interval to attain an absolute maximum and an absolute minimum?,"1. The domain must be a closed and bounded interval \([a,b]\) (compact). 2. The function \(f\) must be continuous on that interval.","The lecture states that **both** of the following must hold:

1. **The domain is a closed and bounded interval** (i.e., a compact set).  
2. **The function is continuous on that interval.**

Only with these two hypotheses does a continuous function on a closed, bounded interval attain an absolute maximum and an absolute minimum."
18100a-lecture-16-multicam_360p_16_9,ln,Full Lecture Transcript,"State Bolzano's intermediate value theorem as presented in the lecture, and explain how this theorem leads to the conclusion that the image of the interval is exactly an interval spanned by the function’s absolute minimum and absolute maximum.","The theorem states:  Let \(f:[a,b]\to\mathbb{R}\) be continuous.  If a number \(y\) lies between \(f(a)\) and \(f(b)\), then there exists \(c\in[a,b]\) with \(f(c)=y\).  Because the min–max theorem guarantees that the image \(f([a,b])\) is contained in \([f(c_{\min}),f(c_{\max})]\) and this specific choice of \(y\) ranges over all values between the minimum and maximum, the IVT shows that every such \(y\) is actually attained on \([a,b]\).  Thus \(f([a,b])=[f(c_{\min}),f(c_{\max})]\).","**Bolzano’s Intermediate Value Theorem (as stated in the lecture)**  

> Let \(f:[a,b]\to\mathbb R\) be continuous on the closed interval \([a,b]\).  
> If \(y\) is any real number such that  
> \[
> \min\{f(a),f(b)\}\;\le y\;\le\;\max\{f(a),f(b)\},
> \]  
> then there exists a point \(c\in[a,b]\) with  
> \[
> f(c)=y .
> \]

In other words, a continuous function takes **every** value between its endpoint values somewhere in the interval.

---

### How this theorem gives the exact image of the interval

1. **Existence of absolute extrema (Min‑Max theorem).**  
   Because \(f\) is continuous on the compact set \([a,b]\), it attains an absolute minimum and an absolute maximum.  
   There are points \(c,d\in[a,b]\) such that  
   \[
   f(c)=\min_{x\in[a,b]}f(x),\qquad  
   f(d)=\max_{x\in[a,b]}f(x).
   \]

2. **Image is contained in the interval \([f(c),f(d)]\).**  
   By definition of minimum and maximum, for every \(x\in[a,b]\) we have  
   \[
   f(c)\le f(x)\le f(d),
   \]
   so  
   \[
   f([a,b])\subseteq [\,f(c),\,f(d)\,].
   \]

3. **Every value between \(f(c)\) and \(f(d)\) is actually taken.**  
   Take any \(y\) with \(f(c)\le y\le f(d)\).  
   Since \(f(c)\) and \(f(d)\) are the endpoint values of the restricted function \(f\) on the sub‑interval \([c,d]\) (or \([d,c]\) if \(d<c\)), the intermediate‑value theorem guarantees a point \(x\in[c,d]\subseteq[a,b]\) such that \(f(x)=y\).

   Thus  
   \[
   [\,f(c),\,f(d)\,]\subseteq f([a,b]).
   \]

4. **Equality of the two sets.**  
   Combining the two inclusions we obtain  
   \[
   f([a,b]) = [\,f(c),\,f(d)\,].
   \]

Hence, the image of the closed interval \([a,b]\) under a continuous function is **exactly** the closed interval spanned by the function’s absolute minimum and absolute maximum."
18100a-lecture-16-multicam_360p_16_9,limit,Full Lecture Transcript,"In the lecture, how is continuity at a point \(c\) of a function \(f:S\to\mathbb{R}\) characterized in terms of sequences?","A function \(f\) is continuous at \(c\) if and only if for every sequence \((x_n)\subset S\) with \(\lim_{n\to\infty}x_n=c\), one has \(\lim_{n\to\infty}f(x_n)=f(c)\).","In the lecture, continuity at a point \(c\) is characterized by the following sequential criterion:

> **\(f\) is continuous at \(c\) if and only if for every sequence \((x_n)\) of points in \(S\) that converges to \(c\), the sequence of function values \((f(x_n))\) converges to \(f(c)\).**  

In symbols:  
\[
f \text{ continuous at } c \;\Longleftrightarrow\; \forall (x_n)\subset S,\; x_n\to c \implies f(x_n)\to f(c).
\]"
18100a-lecture-16-multicam_360p_16_9,limit,Full Lecture Transcript,"Which theorem, as mentioned in the lecture, guarantees that every bounded sequence of real numbers has a convergent subsequence?",The Bolzano–Weierstrass theorem.,The theorem is the **Bolzano‑Weierstrass theorem**.
18100a-lecture-16-multicam_360p_16_9,limit,Full Lecture Transcript,"During the proof that a continuous function on a closed, bounded interval is bounded, why is it justified to invoke Bolzano–Weierstrass on the sequence \((x_n)\) with \(|f(x_n)|\ge n\)?","Because the sequence \((x_n)\) is constructed with each \(x_n\in[a,b]\), and the interval \([a,b]\) is closed and bounded, making \((x_n)\) a bounded sequence to which Bolzano–Weierstrass applies.","Because the points \(x_n\) all lie in the closed, bounded interval \([a,b]\).  
The hypothesis that \(|f(x_n)|\ge n\) only tells us that the **values** of \(f\) are getting larger; it does not affect the fact that the sequence of points \((x_n)\) is contained in \([a,b]\).  
Since \([a,b]\) is compact, every sequence in it is bounded, and by the Bolzano–Weierstrass theorem every bounded sequence of real numbers has a convergent subsequence.  
Thus we may legitimately apply Bolzano–Weierstrass to \((x_n)\) to obtain a subsequence \(x_{n_k}\to x\in[a,b]\), which is the key step that leads to the contradiction with continuity."
18100a-lecture-16-multicam_360p_16_9,limit,Full Lecture Transcript,"State the main conclusion of the Min–Max theorem for a continuous function defined on a closed, bounded interval \([a,b]\).","There exist points \(c,d\in[a,b]\) such that \(f([a,b])\subset[f(c),\,f(d)]\); equivalently, \(f\) achieves its absolute minimum at \(c\) and its absolute maximum at \(d\).","**Main conclusion of the Min–Max theorem**

If \(f:[a,b]\to\mathbb{R}\) is continuous on the closed, bounded interval \([a,b]\), then there exist points \(c,d\in[a,b]\) such that  

\[
f(c)\le f(x)\le f(d)\quad\text{for every }x\in[a,b].
\]

In other words, \(f\) attains an absolute minimum at \(c\) and an absolute maximum at \(d\); the image \(f([a,b])\) is the closed interval \([\,f(c),\,f(d)\,]\)."
18100a-lecture-16-multicam_360p_16_9,limit,Full Lecture Transcript,"According to the lecture, why are both assumptions—continuity of the function and the domain being a closed, bounded interval—necessary for the theorem that a function attains an absolute maximum and minimum? Give an example of what can go wrong if one of the assumptions is dropped.","Dropping continuity can allow a function to oscillate without attaining a maximum or minimum (e.g., \(f(x)=\sin(1/x)\) on \([0,1]\) with \(f(0)=0\)). Dropping the closed, bounded domain can let a continuous function diverge at the endpoints (e.g., \(f(x)=1/x\) on \((0,1)\)). Both conditions are needed to guarantee existence of absolute extrema.","**Why both hypotheses are needed**

The theorem says:

> *If \(f\colon [a,b]\to\mathbb R\) is **continuous** on a **closed and bounded** interval \([a,b]\), then \(f\) attains an absolute maximum and an absolute minimum on that interval.*

The lecture explains that each of the two hypotheses is essential:

1. **Continuity** – If the function is not continuous, the image of the interval can “jump” or “blow up” so that no single point in the domain gives the largest or smallest value.  
2. **Closed and bounded domain** – If the domain is not closed (or not bounded), the function can approach arbitrarily large or small values near an endpoint that is not actually in the domain, so the supremum or infimum is not achieved at any point of the domain.

If either hypothesis is dropped, the conclusion can fail.

---

### Example 1 – Dropping continuity (domain still closed and bounded)

Let  

\[
f(x)=
\begin{cases}
0, & x=0,\\[4pt]
\dfrac{1}{x}, & 0<x\le 1 .
\end{cases}
\]

The domain is the closed interval \([0,1]\).  
\(f\) is **not continuous** at \(x=0\) (the limit as \(x\to0^+\) is \(+\infty\), but \(f(0)=0\)).  

- The function is bounded below by \(0\) (so the infimum is \(0\) and is attained at \(x=0\)).  
- However, \(f(x)\) becomes arbitrarily large as \(x\to0^+\); there is no point in \([0,1]\) where \(f\) takes the value \(+\infty\).  
- Thus \(f\) has **no absolute maximum** on \([0,1]\).

So continuity is necessary.

---

### Example 2 – Dropping the closed‑and‑bounded domain (function still continuous)

Consider the continuous function

\[
g(x)=\frac{1}{x}-\frac{1}{1-x}\qquad\text{on the open interval }(0,1).
\]

- \(g\) is continuous on \((0,1)\).  
- As \(x\to0^+\) or \(x\to1^-\), \(g(x)\to +\infty\).  
- The function attains the value \(0\) at \(x=\tfrac12\), but it never reaches a largest or smallest value on \((0,1)\); the supremum and infimum are \(+\infty\) and \(-\infty\), respectively, and neither is achieved at any point of the domain.

Thus the requirement that the domain be a **closed and bounded** interval is also essential.

---

**Bottom line:**  
Both hypotheses—continuity of \(f\) and the domain being a closed, bounded interval—are required for the theorem that a function attains an absolute maximum and minimum. Dropping either one allows the function to “escape” the interval or to have a discontinuity that prevents the extrema from being achieved."
18100a-lecture-16-multicam_360p_16_9,bisection method,Full Lecture Transcript,"In the lecture, the equivalence characterising continuity via sequences is repeatedly referenced. Which of the following statements best describes this theorem?","The theorem states: For a function \(f:S\to\mathbb{R}\) and an element \(c\in S\), \(f\) is continuous at \(c\) iff for every sequence \((x_n)\subset S\) with \(x_n\to c\) we have \(\displaystyle\lim_{n\to\infty}f(x_n)=f(c)\).","The theorem says that a function \(f:S\to\mathbb R\) is continuous at a point \(c\in S\) **if and only if** for **every** sequence \((x_n)\) of points in \(S\) that converges to \(c\), the sequence of function values \((f(x_n))\) converges to \(f(c)\). In symbols:

\[
f\text{ is continuous at }c \;\Longleftrightarrow\; 
\bigl(\forall (x_n)\subset S,\; x_n\to c \implies f(x_n)\to f(c)\bigr).
\]"
18100a-lecture-16-multicam_360p_16_9,bisection method,Full Lecture Transcript,"Why does the proof that a continuous function on a closed, bounded interval is bounded rely on the Bolzano–Weierstrass theorem according to the discussion in the lecture?","Because the argument constructs, from any assumed unbounded behaviour, a sequence \((x_n)\) lying in the closed interval. Bolzano–Weierstrass guarantees a convergent subsequence of this bounded sequence, whose limit lies in the interval. The continuity of \(f\) at that limit then forces a contradiction, proving boundedness.","In the lecture the proof that a continuous function on a closed, bounded interval \([a,b]\) is bounded is carried out by contradiction.  
The idea is:

1. **Assume the function is not bounded.**  
   Then for every natural number \(n\) there is a point \(x_n\in[a,b]\) with  
   \[
   |f(x_n)|\ge n .
   \]

2. **Use the fact that the interval is closed and bounded.**  
   The sequence \((x_n)\) lies entirely in \([a,b]\), so it is a bounded sequence of real numbers.

3. **Apply Bolzano–Weierstrass.**  
   Because \((x_n)\) is bounded, Bolzano–Weierstrass guarantees that it has a convergent subsequence \((x_{n_k})\) with limit \(c\in[a,b]\).

4. **Invoke continuity at the limit point.**  
   Continuity of \(f\) at \(c\) gives \(f(x_{n_k})\to f(c)\).  
   But from step 1 we also have \(|f(x_{n_k})|\ge n_k\to\infty\), a contradiction.

Thus the contradiction shows that the assumption “\(f\) is unbounded” is false, so \(f\) must be bounded.

**Why Bolzano–Weierstrass is essential:**  
Without it we would have no guarantee that the sequence of points where \(f\) takes arbitrarily large values has a subsequence converging to a point inside the interval. The theorem supplies the necessary convergent subsequence, allowing us to apply continuity and reach the contradiction. Hence the proof relies on Bolzano–Weierstrass to bridge the gap between the unboundedness assumption and the use of continuity."
18100a-lecture-16-multicam_360p_16_9,bisection method,Full Lecture Transcript,"The min–max theorem proof uses the fact that the domain must be a closed and bounded interval. What counter‑example, mentioned in the lecture, shows that this hypothesis cannot be omitted?","The lecture mentions the function \(f(x)=\tfrac{1}{x}-\tfrac{1}{1-x}\) defined on the open interval \((0,1)\). This function is continuous on \((0,1)\) yet does not attain an absolute maximum or minimum because the values blow up near the endpoints. Thus the closed–bounded hypothesis is necessary.","The lecture gives the function  

\[
f(x)=\frac{1}{x}-\frac{1}{1-x}\qquad\text{on the open interval }(0,1).
\]

On \((0,1)\) the graph shoots up to \(+\infty\) as \(x\to0^+\) and as \(x\to1^-\), so \(f\) has no absolute maximum or minimum on that domain.  This shows that the hypothesis that the domain be a closed and bounded interval cannot be omitted."
18100a-lecture-16-multicam_360p_16_9,bisection method,Full Lecture Transcript,"During the bisection method construction of the sequences \(a_n\) and \(b_n\), what key property ensures that these two sequences converge to a common limit \(c\)?","Each step of the construction ensures that \(|a_{n+1}-b_{n+1}|=\frac{1}{2}|a_n-b_n|\). Hence the distance between \(a_n\) and \(b_n\) decreases geometrically to zero, forcing both monotone sequences to converge to the same limit \(c\).","The construction guarantees that the two intervals \([a_n,b_n]\) get strictly smaller at every step – in fact  

\[
b_n-a_n=\frac{b-a}{2^{\,n-1}}\;\longrightarrow\;0 .
\]

Because \(a_n\) is increasing, \(b_n\) is decreasing, and both are bounded between the original endpoints, the shrinking length forces the two monotone sequences to “squeeze” together.  Hence they converge to the same point \(c\).  The key property is therefore that the distance \(b_n-a_n\) tends to zero (the intervals halve each iteration)."
18100a-lecture-16-multicam_360p_16_9,bisection method,Full Lecture Transcript,"Explain how the general form of Bolzano’s intermediate value theorem is obtained from the special case of a function crossing zero, by introducing the auxiliary function \(g(x)=f(x)-y\).","Setting \(g(x)=f(x)-y\) preserves continuity and shifts the value \(y\) to zero: \(g(a)=f(a)-y<0\) and \(g(b)=f(b)-y>0\). Applying the zero‑crossing (special) case of the intermediate value theorem to \(g\) yields a point \(c\) with \(g(c)=0\), i.e. \(f(c)=y\).","In the lecture the general statement of Bolzano’s intermediate value theorem is obtained by reducing it to the special case “a continuous function that changes sign must cross 0”.  
The trick is to introduce the auxiliary function  

\[
g(x)=f(x)-y ,
\]

where \(y\) is a fixed real number that lies strictly between the endpoint values \(f(a)\) and \(f(b)\).

**Why this works**

1. **Continuity of \(g\).**  
   \(f\) is continuous on \([a,b]\) by hypothesis, and the constant function \(x\mapsto y\) is also continuous.  
   The sum (or difference) of two continuous functions is continuous, so \(g\) is continuous on \([a,b]\).

2. **Sign of \(g\) at the endpoints.**  
   Because \(y\) lies between \(f(a)\) and \(f(b)\), we have  
   \[
   g(a)=f(a)-y<0,\qquad g(b)=f(b)-y>0
   \]
   (or the inequalities are reversed if \(f(a)>f(b)\)).  
   Thus \(g\) takes opposite signs at the two endpoints.

3. **Apply the special case.**  
   The special case of the theorem says: *if a continuous function takes opposite signs at the endpoints of an interval, then it must be zero somewhere inside the interval*.  
   Applying this to \(g\) gives a point \(c\in[a,b]\) with \(g(c)=0\).

4. **Translate back to \(f\).**  
   \(g(c)=0\) means \(f(c)-y=0\), i.e. \(f(c)=y\).  
   Hence for every \(y\) between \(f(a)\) and \(f(b)\) there exists a \(c\) with \(f(c)=y\).

Thus the general form of Bolzano’s intermediate value theorem—“every value between \(f(a)\) and \(f(b)\) is attained by \(f\) somewhere in \([a,b]\)”—is obtained from the special zero‑crossing case by considering the shifted function \(g(x)=f(x)-y\). This reduction is exactly what the lecture explains."
18100a-lecture-16-multicam_360p_16_9,midpoint methods,Full Lecture Transcript,"In the lecture, continuity of a function \(f\colon S\to\mathbb{R}\) on a subset \(S\subset\mathbb{R}\) was characterized using sequences. What is the exact sequence‑based statement that was given for a point \(c\in S\)?",A function \(f\) is continuous at \(c\in S\) iff for every sequence \((x_n)\subset S\) with \(x_n\to c\) we have \(\displaystyle\lim_{n\to\infty}f(x_n)=f(c)\).,"The lecture gave the following sequence‑based characterization:

> **Continuity at a point.**  
> For a point \(c\in S\), the function \(f:S\to\mathbb{R}\) is continuous at \(c\) **iff** for every sequence \((x_n)\) of elements of \(S\) with \(x_n\to c\) we have  
> \[
> \lim_{n\to\infty} f(x_n)=f(c).
> \]"
18100a-lecture-16-multicam_360p_16_9,midpoint methods,Full Lecture Transcript,"During the proof that a continuous function on a closed and bounded interval \([a,b]\) is bounded, a specific theorem about sequences was called upon. Which theorem was used and how was it applied to obtain a contradiction if \(f\) were unbounded?","Bolzano‑Weierstrass: every bounded sequence in \(\mathbb{R}\) has a convergent subsequence. The proof assumes \(f\) is unbounded, producing a sequence \((x_n)\subset[a,b]\) with \(|f(x_n)|\ge n\). Since \((x_n)\) is bounded, a convergent subsequence \((x_{n_k})\) exists, converging to some \(x\in[a,b]\). Continuity of \(f\) then forces \(f(x_{n_k})\to f(x)\), contradicting \(|f(x_{n_k})|\ge n_k\to\infty\).","**Theorem used:**  
The **Bolzano–Weierstrass theorem** – *every bounded sequence of real numbers has a convergent subsequence.*

**How it was applied in the proof**

1. **Assume \(f\) is unbounded.**  
   Then for each natural number \(n\) we can find a point \(x_n\in[a,b]\) such that  
   \[
   |f(x_n)|\ge n .
   \]
   Thus the sequence \((x_n)\) lies entirely in the closed, bounded interval \([a,b]\).

2. **Apply Bolzano–Weierstrass.**  
   Because \([a,b]\) is closed and bounded, the sequence \((x_n)\) is bounded.  
   By Bolzano–Weierstrass, there exists a subsequence \((x_{n_k})\) that converges to some point \(c\in[a,b]\).

3. **Use continuity of \(f\).**  
   Since \(f\) is continuous on \([a,b]\), the sequence of function values satisfies  
   \[
   f(x_{n_k}) \longrightarrow f(c).
   \]

4. **Reach a contradiction.**  
   But by construction \(|f(x_{n_k})|\ge n_k\), and \(n_k\to\infty\).  
   Hence the subsequence \((f(x_{n_k}))\) diverges to infinity, contradicting the fact that it must converge to the finite number \(f(c)\).

Because this contradiction arises from the assumption that \(f\) is unbounded, we conclude that a continuous function on a closed and bounded interval \([a,b]\) must be bounded."
18100a-lecture-16-multicam_360p_16_9,midpoint methods,Full Lecture Transcript,"Two hypotheses are essential for the theorems about absolute extrema and the intermediate value property on an interval. One is continuity of the function; what is the other hypothesis, and why does dropping it invalidate the conclusions? Give an example that illustrates this failure.","The second hypothesis is that the domain interval is closed and bounded (compact). If the interval is open or unbounded, a continuous function may fail to attain its extrema or intermediate values. Example: \(f(x)=\frac{1}{x(1-x)}\) on \((0,1)\) is continuous but has no maximum or minimum and does not attain the value \(0\) even though \(\lim_{x\to0^+}f(x)=\lim_{x\to1^-}f(x)=+\infty\).","**Other hypothesis**

The second essential hypothesis is that the domain interval is **closed and bounded** (i.e. compact).  
In the theorem we are discussing the function is assumed to be

\[
f\colon [a,b]\longrightarrow \mathbb R ,
\]

where \([a,b]\) is a closed, bounded interval.  
If we drop the “closed and bounded” requirement and allow the interval to be open, half‑open, or unbounded, the conclusions about absolute extrema and the intermediate value property no longer hold.

**Why dropping it invalidates the conclusions**

* **Absolute extrema** – On a closed, bounded interval a continuous function must attain its maximum and minimum (Extreme Value Theorem).  
  If the interval is not closed, the function can “escape” to arbitrarily large or small values near an endpoint that is not part of the domain, so no maximum or minimum is achieved inside the interval.

* **Intermediate value property** – The theorem that a continuous function on a closed interval takes every value between \(f(a)\) and \(f(b)\) relies on the fact that the interval contains its endpoints.  
  On an open interval the function may approach a value at an endpoint without ever reaching it, so the value may be missing from the image.

**Illustrative example**

Consider the continuous function

\[
f(x)=\frac{1}{x}-\frac{1}{1-x}\qquad\text{on the open interval }(0,1).
\]

* As \(x\to 0^+\), \(f(x)\to +\infty\).  
* As \(x\to 1^-\), \(f(x)\to +\infty\) as well.  
* The function is continuous on \((0,1)\) but **does not attain a finite maximum or minimum** on that interval; the values can become arbitrarily large near the endpoints.

Thus, the hypothesis that the domain is a closed and bounded interval is essential. Removing it allows continuous functions to fail to achieve absolute extrema (and, in other contexts, to fail the intermediate value property)."
18100a-lecture-16-multicam_360p_16_9,midpoint methods,Full Lecture Transcript,"Explain the recursive construction of the sequences \(\{a_n\}\) and \(\{b_n\}\) used in the bisection argument for the special case of the intermediate value theorem. What conditions are maintained at each step, and why does this lead to a limit point where \(f\) attains the intermediate value?","Start with \(a_1=a\) and \(b_1=b\) where \(f(a_1)<0\) and \(f(b_1)>0\). Define \(a_{n+1}\) and \(b_{n+1}\) by considering the midpoint \(m_n=(a_n+b_n)/2\). If \(f(m_n)\le0\), set \(a_{n+1}=m_n\), \(b_{n+1}=b_n\); otherwise set \(a_{n+1}=a_n\), \(b_{n+1}=m_n\). Thus \(f(a_n)\le0\) and \(f(b_n)\ge0\) for all \(n\), the intervals shrink by half each step, and \(\{a_n\}\) is increasing, \(\{b_n\}\) decreasing. Their limits coincide, say \(c\); continuity yields \(f(c)=0\).","**Recursive construction**

1. **Start**  
   \[
   a_{1}=a ,\qquad b_{1}=b .
   \]

2. **Induction step**  
   Suppose \(a_{n}\) and \(b_{n}\) have already been chosen so that  

   \[
   f(a_{n})<0\quad\text{and}\quad f(b_{n})\ge 0 .
   \]

   Let  

   \[
   m_{n}=\frac{a_{n}+b_{n}}{2}\qquad(\text{the midpoint of }[a_{n},b_{n}]).
   \]

   * If \(f(m_{n})<0\) set  

     \[
     a_{n+1}=m_{n},\qquad b_{n+1}=b_{n}.
     \]

   * If \(f(m_{n})\ge 0\) set  

     \[
     a_{n+1}=a_{n},\qquad b_{n+1}=m_{n}.
     \]

   In either case the new pair \((a_{n+1},b_{n+1})\) satisfies the same sign
   conditions.

**Conditions preserved at every step**

- **Sign condition**  
  \[
  f(a_{n})<0\quad\text{and}\quad f(b_{n})\ge 0\quad\text{for all }n.
  \]

- **Nested intervals**  
  \[
  a_{1}\le a_{2}\le\cdots\le a_{n}\le b_{n}\le\cdots\le b_{2}\le b_{1},
  \]
  so the intervals \([a_{n},b_{n}]\) shrink and are nested.

- **Length halving**  
  \[
  b_{n+1}-a_{n+1}=\frac{1}{2}(b_{n}-a_{n}),
  \]
  so the length tends to \(0\).

**Why this yields a limit point where \(f\) attains the intermediate value**

Because the intervals are nested and their lengths tend to \(0\), the
sequences \(\{a_{n}\}\) and \(\{b_{n}\}\) converge to the same limit
\(c\) (the intersection of all intervals).  
The sign condition guarantees that for every \(n\),

\[
f(a_{n})<0\le f(b_{n}),
\]

so by continuity of \(f\),

\[
f(c)=\lim_{n\to\infty}f(a_{n})=\lim_{n\to\infty}f(b_{n})=0 .
\]

Thus the limit point \(c\) is a point in \([a,b]\) where \(f(c)=0\),
i.e. the intermediate value is attained."
18100a-lecture-16-multicam_360p_16_9,midpoint methods,Full Lecture Transcript,"The min–max theorem states that for a continuous \(f:[a,b]\to\mathbb{R}\) there exist points \(c,d\in[a,b]\) such that the image satisfies \(f([a,b])\subseteq [f(c),f(d)]\). How does the lecture justify the reverse inclusion to conclude \(f([a,b])=[f(c),f(d)]\)?","After proving that there exist \(c,d\) with \(f([a,b])\subseteq[f(c),f(d)]\), assume for contradiction that some value \(y\) in \([f(c),f(d)]\) is missing. By the intermediate value theorem (proved earlier), the continuous image of the interval \([c,d]\) must contain all values between \(f(c)\) and \(f(d)\). Since \([c,d]\subseteq[a,b]\), this forces \(f([a,b])=[f(c),f(d)]\). Equivalently, applying the intermediate value theorem to \(f\) on \([c,d]\) shows every intermediate value appears, completing the inclusion.","The lecture first shows that for a continuous function on a closed interval the image is **contained** in an interval determined by the extreme values:

\[
f([a,b])\subseteq [\,f(c),\,f(d)\,]
\]

where \(c,d\in[a,b]\) are points at which \(f\) attains its absolute minimum and maximum, respectively.  
To obtain the reverse inclusion, the lecturer invokes the **Intermediate Value Theorem** (Bolzano’s theorem).

* For any number \(y\) with \(f(c)\le y\le f(d)\) consider the continuous function  
  \[
  g(x)=f(x)-y .
  \]
  Since \(g(c)=f(c)-y\le 0\) and \(g(d)=f(d)-y\ge 0\), the IVT guarantees the existence of some \(x\in[a,b]\) with \(g(x)=0\), i.e. \(f(x)=y\).

* Thus every value between \(f(c)\) and \(f(d)\) is actually taken by \(f\) on \([a,b]\), giving

  \[
  [\,f(c),\,f(d)\,]\subseteq f([a,b]).
  \]

Combining this with the earlier inclusion yields

\[
f([a,b])=[\,f(c),\,f(d)\,].
\]

In the lecture this is phrased as: “apply the intermediate value theorem to the continuous function on the (possibly smaller) closed interval where the min and max are achieved; this shows that everything between the two extreme values is attained, giving the reverse inclusion.”"
18100a-lecture-16-multicam_360p_16_9,Min-max theorem,Full Lecture Transcript,"In the lecture, a theorem was presented that characterizes continuity of a function \(f\colon S\to\mathbb{R}\) at a point \(c\in S\).  What is the precise statement of this equivalence in terms of sequences converging to \(c\)?","The function \(f\) is continuous at \(c\) if and only if for every sequence \((x_n)\subseteq S\) with \(x_n\to c\) as \(n\to\infty\), we have \(\displaystyle\lim_{n\to\infty}f(x_n)=f(c)\).","**Theorem (Sequential characterization of continuity).**  
Let \(S\subseteq\mathbb{R}\), let \(c\in S\), and let \(f:S\to\mathbb{R}\).  
Then

\[
f \text{ is continuous at } c
\quad\Longleftrightarrow\quad
\text{for every sequence }(x_n)\subseteq S \text{ with }x_n\to c,
\text{ we have } \lim_{n\to\infty}f(x_n)=f(c).
\]

In other words, \(f\) is continuous at \(c\) exactly when every sequence in \(S\) that converges to \(c\) is sent by \(f\) to a sequence that converges to \(f(c)\)."
18100a-lecture-16-multicam_360p_16_9,Min-max theorem,Full Lecture Transcript,"The argument that a continuous function on a closed, bounded interval \([a,b]\) is bounded uses the Bolzano‑Weierstrass theorem.  Describe, in your own words, how the existence of a divergent sequence of function values leads to a contradiction by extracting a convergent subsequence.","Assume \(f\) were unbounded on \([a,b]\).  Then for each integer \(n\) we can pick \(x_n\in[a,b]\) such that \(|f(x_n)|\ge n\).  The sequence \((x_n)\) is contained in the compact set \([a,b]\), so by Bolzano‑Weierstrass it has a convergent subsequence \((x_{n_k})\to x\in[a,b]\).  Continuity gives \(f(x_{n_k})\to f(x)\), a finite number, contradicting that \(|f(x_{n_k})|\ge n_k\to\infty\).  Hence \(f\) must be bounded.","In the proof we start by **assuming the opposite** of what we want to show: suppose that the continuous function \(f:[a,b]\to\mathbb{R}\) is **not** bounded.  
By the definition of “unbounded” this means that for every real number \(M\ge 0\) we can find a point of the interval where the value of \(f\) is at least \(M\) in absolute value.  
Choose the sequence of numbers \(M_n=n\) (the natural numbers).  
Then we can pick a sequence of points

\[
x_1,x_2,x_3,\dots \in [a,b]
\]

such that  

\[
|f(x_n)|\ge n \qquad\text{for every }n .
\]

So the sequence of function values \(\{f(x_n)\}\) is **divergent** – it grows without bound.

Now we use the fact that the domain \([a,b]\) is a closed and bounded interval.  
By the **Bolzano–Weierstrass theorem** every bounded sequence of real numbers has a convergent subsequence.  
The sequence \(\{x_n\}\) lies in the compact set \([a,b]\), so it has a subsequence \(\{x_{n_k}\}\) that converges to some point \(d\in[a,b]\).

Because \(f\) is continuous at every point of \([a,b]\), in particular at \(d\), we have

\[
f(x_{n_k}) \longrightarrow f(d).
\]

But \(\{f(x_{n_k})\}\) is a subsequence of the divergent sequence \(\{f(x_n)\}\).  
Since \(|f(x_{n_k})|\ge n_k\) and \(n_k\to\infty\), the subsequence \(\{f(x_{n_k})\}\) also diverges to infinity.  
A sequence cannot both converge (to the finite number \(f(d)\)) and diverge to infinity – this is a contradiction.

Hence our assumption that \(f\) is unbounded must be false.  
Therefore a continuous function on a closed, bounded interval \([a,b]\) is bounded."
18100a-lecture-16-multicam_360p_16_9,Min-max theorem,Full Lecture Transcript,"State the min‑max theorem for a continuous function \(f\colon[a,b]\to\mathbb{R}\) that was proved in the lecture.  What does it guarantee about the values of \(f\) on \([a,b]\)?","The min‑max theorem states that if \(f\) is continuous on \([a,b]\), then there exist points \(c,d\in[a,b]\) such that \(f(c)=\min_{x\in[a,b]}f(x)\) and \(f(d)=\max_{x\in[a,b]}f(x)\).  Consequently the image \(f([a,b])\) is exactly the closed interval \([\,f(c),\,f(d)\,]\).","**Min‑max theorem (lecture)**  
Let \(f:[a,b]\to\mathbb{R}\) be continuous.  
Then there exist points \(c,d\in[a,b]\) such that  

\[
f(c)\le f(x)\le f(d)\qquad\text{for every }x\in[a,b].
\]

Equivalently, \(f\) attains an absolute minimum at \(c\) and an absolute maximum at \(d\); the image of the interval is the closed interval  

\[
f([a,b])=[\,f(c),\,f(d)\,].
\]

Thus the theorem guarantees that on the closed, bounded interval \([a,b]\) a continuous function achieves both its smallest and largest values, and its range is exactly the interval between those two extreme values."
18100a-lecture-16-multicam_360p_16_9,Min-max theorem,Full Lecture Transcript,"The lecturer discussed why the hypotheses of the min‑max theorem are necessary.  Provide the example that shows that a continuous function on an open interval need not attain a maximum or minimum, and explain why the interval being closed is essential.","Consider \(f(x)=\frac{1}{x}-\frac{1}{1-x}\) on the open interval \((0,1)\).  This function is continuous on \((0,1)\) but has no maximum or minimum because it tends to \(+\infty\) as \(x\to0^+\) and to \(-\infty\) as \(x\to1^-\).  The interval’s lack of endpoints allows \(f\) to escape any finite bounds; hence the closed‑bounded (compact) hypothesis is essential for the min‑max conclusion.","**Example**

The lecturer used the function  

\[
f(x)=\frac{1}{x}-\frac{1}{1-x}\qquad\text{for }x\in(0,1).
\]

*Why it works*

* \(f\) is continuous on the open interval \((0,1)\) (it is a difference of two rational functions that are defined and continuous on that interval).
* As \(x\to 0^{+}\) the term \(1/x\) blows up to \(+\infty\); as \(x\to 1^{-}\) the term \(-1/(1-x)\) also blows up to \(+\infty\).  
  Hence \(f(x)\to +\infty\) at both ends of the interval.
* Because the function can become arbitrarily large near the endpoints, it has **no maximum** on \((0,1)\).  
  Likewise, \(f(x)\) takes arbitrarily large negative values near the endpoints (if we consider the sign of the terms), so there is **no minimum** either.

Thus \(f\) is a continuous function on an open interval that fails to attain a maximum or a minimum.

---

**Why the interval must be closed**

The Extreme Value Theorem (the min‑max theorem) states that a continuous function on a *closed and bounded* interval \([a,b]\) attains both its absolute maximum and absolute minimum. The closedness is essential because:

1. **Endpoints are included.**  
   If the interval were open, the function is not required to be defined at the endpoints. A continuous function can “escape” to arbitrarily large (or small) values as it approaches an endpoint that is not part of the domain, as the example shows.

2. **Compactness guarantees attainment.**  
   A closed and bounded interval is compact. In a compact set, every continuous real‑valued function has a maximum and a minimum. If the set is not closed, it is not compact, and the argument that uses compactness (e.g., via Bolzano–Weierstrass) fails.

Therefore, the hypothesis that the domain is a closed interval is necessary; without it, a continuous function need not achieve its extreme values."
18100a-lecture-16-multicam_360p_16_9,Min-max theorem,Full Lecture Transcript,"The intermediate value theorem was proved via a bisection‑style construction.  Summarize the key idea of this construction that guarantees the existence of a point \(c\in[a,b]\) with \(f(c)=0\) when \(f(a)<0<f(b)\).","The construction starts with \(a_1=a\) and \(b_1=b\) and ensures \(f(a_n)<0\) while \(f(b_n)\ge0\).  At each step the midpoint \(m_n=\frac{a_n+b_n}{2}\) is evaluated.  If \(f(m_n)\ge0\), set \(b_{n+1}=m_n\) and \(a_{n+1}=a_n\); otherwise set \(a_{n+1}=m_n\) and \(b_{n+1}=b_n\).  This preserves the sign conditions and halves the interval length, producing nested sequences \((a_n)\) increasing and \((b_n)\) decreasing whose limits coincide at some \(c\).  By continuity, \(f(c)=0\), establishing the intermediate value property for the value \(0\).","**Key idea of the bisection construction**

1. **Start with the interval** \([a,b]\) where \(f(a)<0<f(b)\).  
2. **Bisect** the interval: let \(m=\frac{a+b}{2}\).  
3. **Check the sign of \(f(m)\)**  
   * If \(f(m)=0\) we are done.  
   * If \(f(m)<0\) replace the left endpoint by \(m\) (so the new interval is \([m,b]\)).  
   * If \(f(m)>0\) replace the right endpoint by \(m\) (so the new interval is \([a,m]\)).  

   In each case the new interval still satisfies \(f(\text{left})<0<f(\text{right})\).  
4. **Repeat** the bisection indefinitely, producing a nested sequence of closed intervals  
   \([a_n,b_n]\) with \(f(a_n)<0<f(b_n)\) and \(\text{length}(b_n-a_n)=\frac{b-a}{2^n}\).  
5. **Take the limit**: the nested intervals converge to a single point \(c\).  
6. **Use continuity**: since \(f\) is continuous, \(f(c)=\lim f(a_n)=\lim f(b_n)=0\).

Thus the construction guarantees a point \(c\in[a,b]\) with \(f(c)=0\)."
18100a-lecture-16-multicam_360p_16_9,intermediate value theorem,Full Lecture Transcript,"In the lecture, a theorem was used to characterize continuity via sequences.  What is the statement of this theorem, and how does it implicitly justify that a continuous function on a closed interval cannot become arbitrarily large (i.e., is bounded)?","The theorem states: *Let \(S\subseteq\mathbb R\), let \(c\in S\), and let \(f:S\to\mathbb R\).  Then \(f\) is continuous at \(c\) if and only if for every sequence \((x_n)\subseteq S\) with \(\lim_{n\to\infty}x_n=c\) we have \(\lim_{n\to\infty}f(x_n)=f(c)\).*  In the proof of boundedness, we assume the opposite: for every real \(b\ge0\) there is an \(x\in[a,b]\) with \(|f(x)|\ge b\).  Choosing \(b=n\) gives a sequence \((x_n)\) in \([a,b]\) whose images satisfy \(|f(x_n)|\ge n\).  Because the interval \([a,b]\) is compact, \((x_n)\) has a convergent subsequence \((x_{n_k})\) with limit \(x\in[a,b]\).  By continuity, \(\lim_{k\to\infty}f(x_{n_k})=f(x)\), contradicting that the subsequence values grow without bound.  Thus the theorem guarantees that a continuous function cannot have unbounded behaviour on a compact domain.","**Theorem (sequence characterization of continuity)**  
Let \(S\subseteq\mathbb R\), let \(c\in S\), and let \(f:S\to\mathbb R\).  
Then  

\[
f \text{ is continuous at } c \quad\Longleftrightarrow\quad
\text{for every sequence }(x_n)\subseteq S \text{ with }x_n\to c,
\text{ we have } f(x_n)\to f(c).
\]

---

### Why this theorem “implicitly” shows that a continuous function on a closed interval is bounded

Suppose \(f:[a,b]\to\mathbb R\) is continuous on the closed, bounded interval \([a,b]\).  
Assume, for contradiction, that \(f\) is **unbounded**.  
Then for each integer \(n\ge1\) we can choose a point \(x_n\in[a,b]\) such that  

\[
|f(x_n)|>n .
\]

The sequence \((x_n)\) lies entirely in the compact set \([a,b]\).  
By the Bolzano–Weierstrass theorem (which the lecture also cites), \((x_n)\) has a convergent subsequence \((x_{n_k})\) with limit \(c\in[a,b]\).

Now apply the sequence‑continuity theorem at the point \(c\).  
Because \(x_{n_k}\to c\), continuity forces

\[
f(x_{n_k})\;\longrightarrow\; f(c).
\]

But by construction \(|f(x_{n_k})|>n_k\to\infty\), so the subsequence \((f(x_{n_k}))\) cannot converge to the finite number \(f(c)\).  
This contradiction shows that our assumption that \(f\) is unbounded is impossible.

Thus, the sequence characterization of continuity guarantees that a continuous function on a closed interval cannot “escape to infinity”; it must stay within some finite bounds, i.e., it is bounded."
18100a-lecture-16-multicam_360p_16_9,intermediate value theorem,Full Lecture Transcript,"During the proof that a continuous function on a closed and bounded interval is bounded, the Bolzano–Weierstrass theorem is called upon.  Detail the specific way in which this theorem is applied and why the existence of a convergent subsequence is crucial to reaching a contradiction if the function were unbounded.","The Bolzano–Weierstrass theorem guarantees that any bounded sequence in \(\mathbb R\) has a convergent subsequence.  Assuming \(f\) is unbounded on \([a,b]\), we construct a sequence \((x_n)\subseteq[a,b]\) with \(|f(x_n)|\ge n\).  The sequence \((x_n)\) is bounded because each \(x_n\) lies in the fixed compact interval \([a,b]\).  Applying Bolzano–Weierstrass yields a subsequence \((x_{n_k})\) converging to some \(x\in[a,b]\).  Continuity of \(f\) at \(x\) implies \(\lim_{k\to\infty}f(x_{n_k})=f(x)\), a finite number, contradicting the fact that \(|f(x_{n_k})|\ge n_k\to\infty\).  Hence the assumption of unboundedness is impossible.","In the proof that a continuous function \(f:[a,b]\to\mathbb R\) is bounded we argue by contradiction.  
Assume that \(f\) is **not** bounded.  By the definition of “unbounded” that was recalled in the lecture, for every natural number \(n\) there is a point \(x_n\in[a,b]\) with  

\[
|f(x_n)|\ge n .
\]

Thus we have produced a sequence \((x_n)\) of points in the closed, bounded interval \([a,b]\).

---

### Application of Bolzano–Weierstrass

The Bolzano–Weierstrass theorem, as stated in the lecture, says that **every bounded sequence of real numbers has a convergent subsequence**.  
Because the interval \([a,b]\) is closed and bounded, the sequence \((x_n)\) is bounded.  Therefore, by Bolzano–Weierstrass, there exists a subsequence \((x_{n_k})\) that converges to some point \(x^*\in[a,b]\).

---

### Why the convergent subsequence is crucial

1. **Continuity at the limit point**  
   Since \(f\) is continuous on \([a,b]\), continuity at \(x^*\) gives  

   \[
   \lim_{k\to\infty} f(x_{n_k}) = f(x^*).
   \]

   Hence the values \(f(x_{n_k})\) must converge to the finite number \(f(x^*)\).

2. **Contradiction with the unboundedness assumption**  
   On the other hand, from the construction of the sequence we have  

   \[
   |f(x_{n_k})| \ge n_k \quad\text{for every }k.
   \]

   Since \(n_k\to\infty\), the sequence \((f(x_{n_k}))\) cannot converge to a finite limit; it diverges to \(\pm\infty\).

The existence of the convergent subsequence \((x_{n_k})\) is therefore the bridge that lets us apply continuity.  Without a convergent subsequence we would have no point \(x^*\) at which to evaluate the limit of \(f(x_{n_k})\).  The contradiction between the required convergence (by continuity) and the forced divergence (by the unboundedness assumption) shows that the assumption that \(f\) is unbounded is impossible.  Consequently, \(f\) must be bounded on \([a,b]\)."
18100a-lecture-16-multicam_360p_16_9,intermediate value theorem,Full Lecture Transcript,"The min‑max theorem requires the domain to be a closed and bounded interval.  What counterexample demonstrates that the conclusion fails if the domain is merely open, and why does this example highlight the necessity of the ‘closed and bounded’ hypothesis?","The example used in the lecture is \(f(x)=\frac{1}{x}+\frac{1}{1-x}\) defined on the open interval \((0,1)\).  This function is continuous on \((0,1)\) but it has no absolute maximum or minimum on that open interval: as \(x\to0^{+}\) and \(x\to1^{-}\) the function grows without bound, and the values near the endpoints cannot be attained because the endpoints themselves are excluded.  This shows that dropping the closedness (or boundedness) of the domain can destroy the attainment of extrema, making the hypothesis of the min‑max theorem necessary.","**Counterexample**

Take the continuous function  

\[
f(x)=\frac{1}{x}-\frac{1}{1-x}\qquad\text{on the open interval }(0,1).
\]

As \(x\to 0^{+}\) the term \(1/x\) blows up to \(+\infty\); as \(x\to 1^{-}\) the term \(-1/(1-x)\) also blows up to \(+\infty\).  
Hence \(f(x)\) has no finite upper bound on \((0,1)\) and, in particular, it does **not** attain an absolute maximum (nor an absolute minimum, since the function is unbounded below as well).

**Why this shows the need for “closed and bounded”**

- **Closedness**: The endpoints \(0\) and \(1\) are not part of the domain. The function’s extreme behaviour occurs exactly at those missing points. If the interval were closed \([0,1]\), the function would have to be defined at \(0\) and \(1\), and the extreme values could then be attained (or the function would be forced to be bounded).

- **Boundedness**: Even though the domain \((0,1)\) is bounded, the function’s values are not bounded. A closed and bounded interval guarantees that a continuous function cannot “escape to infinity” at the boundary; the extreme values must be achieved somewhere inside the interval.

Thus, the example \(f(x)=1/x-1/(1-x)\) on \((0,1)\) demonstrates that dropping the closed‑and‑bounded hypothesis allows a continuous function to fail to achieve an absolute maximum or minimum, underscoring why the min‑max theorem requires the domain to be a closed and bounded interval."
18100a-lecture-16-multicam_360p_16_9,intermediate value theorem,Full Lecture Transcript,"State Bolzano’s intermediate value theorem as presented in the lecture, and explain the simple trick that reduces the general statement to the special case where \(f(a)<0<f(b)\).","Bolzano’s intermediate value theorem: *Let \(f:[a,b]\to\mathbb R\) be continuous.  If \(y\) lies between \(f(a)\) and \(f(b)\) (that is, either \(f(a)\le y\le f(b)\) or \(f(b)\le y\le f(a)\)), then there exists \(c\in[a,b]\) with \(f(c)=y\).*  To reduce the general case to the special case \(f(a)<0<f(b)\), set \(g(x)=f(x)-y\).  Then \(g\) is continuous, \(g(a)=f(a)-y<0\), and \(g(b)=f(b)-y>0\).  Applying the special case to \(g\) yields a \(c\) with \(g(c)=0\), i.e. \(f(c)=y\).","**Bolzano’s Intermediate Value Theorem (as stated in the lecture)**  
Let \(f:[a,b]\to\mathbb R\) be continuous.  
If a real number \(y\) lies between the endpoint values \(f(a)\) and \(f(b)\) – that is, either  
\(f(a)\le y\le f(b)\) or \(f(b)\le y\le f(a)\) – then there exists at least one point \(c\in[a,b]\) such that  

\[
f(c)=y .
\]

In other words, every value that lies between the two endpoint values of a continuous function on a closed interval is actually attained somewhere inside that interval.

---

**The “simple trick” that reduces the general statement to the special case \(f(a)<0<f(b)\)**  

1. **Assume the general situation.**  
   Suppose \(f(a)<f(b)\) (the other case is handled symmetrically) and that \(y\) satisfies  
   \(f(a)<y<f(b)\).

2. **Define a new function that shifts the graph.**  
   Set  
   \[
   g(x)=f(x)-y \qquad\text{for }x\in[a,b].
   \]
   Because \(f\) is continuous, \(g\) is also continuous (the difference of a continuous function and a constant is continuous).

3. **Check the signs at the endpoints.**  
   \[
   g(a)=f(a)-y<0,\qquad g(b)=f(b)-y>0 .
   \]
   Thus \(g(a)\) and \(g(b)\) have opposite signs.

4. **Apply the special case.**  
   The special case of the theorem says: *if a continuous function takes a negative value at one endpoint and a positive value at the other, then it must cross zero somewhere in between*.  
   Therefore there exists \(c\in[a,b]\) with \(g(c)=0\).

5. **Translate back to \(f\).**  
   \(g(c)=0\) means \(f(c)-y=0\), i.e. \(f(c)=y\).

Hence the general statement is proved by reducing it to the special case \(f(a)<0<f(b)\) via the simple transformation \(g(x)=f(x)-y\). The same argument works when \(f(a)>f(b)\) by using \(g(x)=y-f(x)\)."
18100a-lecture-16-multicam_360p_16_9,intermediate value theorem,Full Lecture Transcript,"In the bisection method proof of the intermediate value theorem, a pair of sequences \((a_n)\) and \((b_n)\) is constructed.  List the three key properties that guarantee the existence of a limit point \(c\) where \(f(c)=0\), and describe how continuity of \(f\) at this limit is used to force \(f(c)=0\).","The sequences \((a_n)\) and \((b_n)\) satisfy:\n  1.  For all \(n\), \(a_n\le b_n\) and \(a_1=a,\;b_1=b\).\n  2.  \(f(a_n)<0\) and \(f(b_n)\ge0\) for every \(n\).\n  3.  The distance shrinks geometrically: \(b_{n+1}-a_{n+1}=\frac12(b_n-a_n)\).\n  Because \((a_n)\) is increasing, \((b_n)\) decreasing, and both are bounded in \([a,b]\), they converge to limits \(c\) and \(d\) with \(c\le d\).  Property 3 forces \(c=d\).  By continuity, \(\lim f(a_n)=f(c)\) and \(\lim f(b_n)=f(d)=f(c)\).  Property 2 gives \(f(c)\le0\) and \(f(c)\ge0\), so \(f(c)=0\).  Thus the limit point \(c\) is precisely the root required by the intermediate value theorem.","**Three key properties of the sequences \((a_n)\) and \((b_n)\)**  

1. **Nested shrinking intervals** –  
   \[
   a_1<a_2<\dots <a_n<\dots <b_n<\dots <b_2<b_1,
   \qquad b_n-a_n=\frac{b-a}{2^{\,n-1}}\xrightarrow[n\to\infty]{}0 .
   \]
   Thus the closed intervals \([a_n,b_n]\) are nested and their lengths tend to zero.

2. **Sign‑preserving endpoints** –  
   \[
   f(a_n)\le 0 \quad\text{and}\quad f(b_n)\ge 0 \qquad\text{for every }n .
   \]
   (In the usual construction one actually has \(f(a_n)<0\) and \(f(b_n)>0\).)

3. **Common limit point** –  
   Because the intervals are nested and bounded, the sequences converge to a single point  
   \[
   c=\lim_{n\to\infty}a_n=\lim_{n\to\infty}b_n .
   \]
   The point \(c\) lies in every interval \([a_n,b_n]\).

---

**How continuity forces \(f(c)=0\)**  

Since \(f\) is continuous on \([a,b]\), it is continuous at the limit point \(c\).  
Therefore

\[
f(c)=\lim_{n\to\infty}f(a_n)=\lim_{n\to\infty}f(b_n).
\]

From property 2 we know that \(\{f(a_n)\}\) is a sequence of numbers \(\le 0\), so  
\(\displaystyle \lim_{n\to\infty}f(a_n)\le 0\).  
Similarly \(\{f(b_n)\}\) is a sequence \(\ge 0\), so  
\(\displaystyle \lim_{n\to\infty}f(b_n)\ge 0\).

Because the two limits are equal (continuity) and one is \(\le 0\) while the other is \(\ge 0\), the only possibility is

\[
f(c)=0 .
\]

Thus the bisection construction guarantees a point \(c\) with \(f(c)=0\)."
18100a-lecture-16-multicam_360p_16_9,subsequence,Full Lecture Transcript,"In the lecture, how is continuity at a point \(c\) characterized using sequences? State the equivalence that was proved.","A function \(f : S \to \mathbb{R}\) is continuous at a point \(c \in S\) if and only if for every sequence \((x_n)\) in \(S\) with \(x_n \to c\), one has \(\lim_{n\to\infty} f(x_n)=f(c)\).","In the lecture the continuity of a function at a point \(c\) was characterized by the following sequence criterion:

\[
\boxed{\;f \text{ is continuous at } c \;\Longleftrightarrow\; 
\text{for every sequence }(x_n)\subset S \text{ with } x_n\to c,\;
\lim_{n\to\infty}f(x_n)=f(c).\;}
\]

In other words, \(f\) is continuous at \(c\) exactly when every sequence of points from the domain that converges to \(c\) produces a sequence of function values that converges to \(f(c)\)."
18100a-lecture-16-multicam_360p_16_9,subsequence,Full Lecture Transcript,"According to the lecture, why does the Bolzano–Weierstrass theorem play a crucial role in proving that a continuous function on a closed and bounded interval is bounded?","The Bolzano–Weierstrass theorem guarantees that any bounded sequence of real numbers has a convergent subsequence. In the proof of boundedness for continuous functions on \([a,b]\), we first produce a sequence whose function values are arbitrarily large, use BWT to extract a convergent subsequence of the input points, and then apply continuity to reach a contradiction. Thus BWT is essential to the argument.","In the lecture the proof that a continuous function on a closed and bounded interval must be bounded is carried out by contradiction.  
The argument goes roughly like this:

1. **Assume the function is not bounded.**  
   Then for every number \(b\) we can find a point \(x\) in the interval with \(|f(x)|\ge b\).  
   In particular we can choose a sequence \((x_n)\) in the interval such that \(|f(x_n)|\to\infty\).

2. **Use the fact that the domain is closed and bounded.**  
   Because the interval \([a,b]\) is compact, the sequence \((x_n)\) has a convergent subsequence \((x_{n_k})\) (this is exactly the Bolzano–Weierstrass theorem).

3. **Apply continuity.**  
   Continuity of \(f\) at the limit point of the subsequence forces \(f(x_{n_k})\) to converge to \(f\) of that limit point, which is a finite number.

4. **Reach a contradiction.**  
   But the subsequence \((f(x_{n_k}))\) was chosen to diverge to infinity, so it cannot converge to a finite value.  

Thus the Bolzano–Weierstrass theorem is crucial because it guarantees the existence of a convergent subsequence of the domain points, allowing the continuity argument to produce the contradiction that shows the function must be bounded."
18100a-lecture-16-multicam_360p_16_9,subsequence,Full Lecture Transcript,"During the discussion of the bisection method, the lecture defined two sequences \((a_n)\) and \((b_n)\). Explain how their monotonicity and limit lead to the conclusion that \(f(c)=0\) for some \(c\) in the interval.","The sequences are constructed so that \(a_n\) is non‑decreasing, \(b_n\) is non‑increasing, and \(f(a_n)\le0\le f(b_n)\) for all \(n\). Since they stay within \([a,b]\), both \(a_n\) and \(b_n\) converge to limits \(c\) and \(d\) with \(c\le d\). The distance \(|b_n-a_n|\) halves at each step, so \(c=d\). Continuity then gives \(f(c)=\lim f(a_n)\le0\) and \(f(c)=\lim f(b_n)\ge0\), forcing \(f(c)=0\).","In the lecture the bisection construction was described as follows.  
Starting with the endpoints \(a<b\) such that  

\[
f(a)<0\qquad\text{and}\qquad f(b)>0 ,
\]

the lecturer defined two sequences

\[
a_{1}=a,\qquad b_{1}=b,
\]

and for each \(n\ge 1\)

\[
c_{n}=\frac{a_{n}+b_{n}}{2},\qquad 
\begin{cases}
a_{n+1}=c_{n}, &\text{if }f(c_{n})<0,\\[2pt]
b_{n+1}=c_{n}, &\text{if }f(c_{n})>0 .
\end{cases}
\]

Thus at every step the interval \([a_{n},b_{n}]\) is halved and the sign of \(f\) at the new midpoint tells us which half contains the zero.

---

### Monotonicity

* \(a_{n}\) is **increasing**: each new \(a_{n+1}\) is the midpoint of the previous interval, and we only replace \(a_{n}\) by a point that is to the right of it (because \(f(c_{n})<0\) forces the zero to lie to the right of \(c_{n}\)).  
* \(b_{n}\) is **decreasing**: each new \(b_{n+1}\) is the midpoint of the previous interval, and we only replace \(b_{n}\) by a point that is to the left of it (because \(f(c_{n})>0\) forces the zero to lie to the left of \(c_{n}\)).

Both sequences stay inside the original interval \([a,b]\), so they are bounded.

---

### Limits

Because \((a_{n})\) is increasing and bounded above, it converges to a limit \(c\).  
Because \((b_{n})\) is decreasing and bounded below, it converges to a limit \(d\).

The distance between the two terms shrinks by a factor of \(1/2\) at each step:

\[
b_{n}-a_{n}= \frac{b-a}{2^{\,n-1}}\;\longrightarrow\;0 .
\]

Hence the two limits must coincide: \(c=d\).  Call this common limit \(c\).

---

### Continuity gives \(f(c)=0\)

By construction we always have

\[
f(a_{n})<0\quad\text{and}\quad f(b_{n})\ge 0 .
\]

Taking limits and using continuity of \(f\),

\[
f(c)=\lim_{n\to\infty}f(a_{n})\le 0,
\qquad
f(c)=\lim_{n\to\infty}f(b_{n})\ge 0 .
\]

The only number that is both \(\le 0\) and \(\ge 0\) is \(0\).  Therefore

\[
f(c)=0 .
\]

Thus the monotonicity and convergence of the sequences \((a_{n})\) and \((b_{n})\) guarantee the existence of a point \(c\in[a,b]\) with \(f(c)=0\)."
18100a-lecture-16-multicam_360p_16_9,subsequence,Full Lecture Transcript,"According to the lecture, why does a continuous function on an open interval fail to attain its extreme values? Summarize the example that was mentioned.","The lecture showed that on an open interval a continuous function need not attain its extrema because the interval is not closed, so the limits at the endpoints may not belong to the domain. The provided example is \(f(x)=\frac1x-\frac1{1-x}\) on \((0,1)\), which is continuous but never reaches a maximum or minimum value.","According to the lecture, a continuous function can fail to attain its extreme values when the domain is an **open interval** because the function is allowed to “escape” to arbitrarily large or small values as it approaches the endpoints, which are not part of the domain.  
The lecturer illustrated this with the following example:

* **Function**:  
  \[
  f(x)=\frac{1}{x}-\frac{1}{1-x}
  \]
* **Domain**: the open interval \((0,1)\).

* **Behaviour near the endpoints**:  
  * As \(x\to 0^{+}\), the term \(\frac{1}{x}\) blows up to \(+\infty\) while \(\frac{1}{1-x}\) stays finite, so \(f(x)\to +\infty\).  
  * As \(x\to 1^{-}\), the term \(\frac{1}{1-x}\) blows up to \(+\infty\) while \(\frac{1}{x}\) stays finite, so \(f(x)\to -\infty\).

Because the function goes off to \(+\infty\) near one end and to \(-\infty\) near the other, it never actually reaches a largest or smallest value on the open interval \((0,1)\). The continuity of \(f\) on that interval is not enough to guarantee the existence of absolute maxima or minima; the lack of closedness (the endpoints are missing) allows the function to “miss” its extreme values."
18100a-lecture-16-multicam_360p_16_9,subsequence,Full Lecture Transcript,"In the lecture, an absolute maximum is defined as a point where the value of the function is at least as large as the function’s value at every other point in the interval. Write this definition formally using the symbols \(\le\) and \(\ge\).","An absolute maximum of \(f\) on an interval \([a,b]\) is a point \(d\in[a,b]\) such that \(f(d)\ge f(x)\) for all \(x\in[a,b]\). Formally:  \(\displaystyle \forall\,x\in[a,b],\; f(d)\;\ge\;f(x).\)","An absolute maximum of a function \(f\) on an interval \(I\) is a point \(x_{0}\in I\) such that  

\[
\forall\,x\in I\quad f(x)\;\le\;f(x_{0})\qquad\text{(equivalently, }f(x_{0})\;\ge\;f(x)\text{).}
\]"
18100a-lecture-16-multicam_360p_16_9,another closed and bounded interval,Full Lecture Transcript,"According to the discussion, characterize the continuity of a function \(f:S\to\mathbb{R}\) at a point \(c\in S\) in terms of sequences in \(S\).",A function \(f:S\to\mathbb{R}\) is continuous at \(c\) if and only if for every sequence \((x_n)\) of elements of \(S\) with \(\lim_{n\to\infty}x_n=c\) we have \(\lim_{n\to\infty}f(x_n)=f(c)\).,"According to the lecture, a function \(f:S\to\mathbb{R}\) is **continuous at a point \(c\in S\)** precisely when the following sequence condition holds:

> For **every** sequence \((x_n)\) of points in \(S\) that converges to \(c\) (i.e. \(x_n\to c\)), the sequence of function values \((f(x_n))\) converges to \(f(c)\).

In symbols:
\[
f \text{ is continuous at } c \;\Longleftrightarrow\; 
\forall (x_n)\subset S,\; x_n\to c \implies f(x_n)\to f(c).
\]"
18100a-lecture-16-multicam_360p_16_9,another closed and bounded interval,Full Lecture Transcript,"What does the Bolzano‑Weierstrass theorem state, and why is it crucial for proving properties of continuous functions on closed and bounded intervals?","Bolzano‑Weierstrass states that every bounded sequence of real numbers has a convergent subsequence. It is used to extract a convergent subsequence from a sequence constructed to contradict boundedness or extremum assertions, thereby allowing the use of continuity at the limit point.","**Bolzano–Weierstrass theorem (as stated in the lecture)**  
> Every bounded sequence of real numbers has a convergent subsequence.

**Why it is essential for continuous functions on a closed, bounded interval**

1. **Extracting a limit point inside the interval**  
   When we want to show that a continuous function \(f:[a,b]\to\mathbb{R}\) attains its supremum (or infimum), we often start with a sequence \((x_n)\subset [a,b]\) such that \(f(x_n)\) approaches that supremum.  
   The interval \([a,b]\) is closed and bounded, so the sequence \((x_n)\) is bounded. By Bolzano–Weierstrass we can pick a convergent subsequence \((x_{n_k})\) whose limit \(x^*\) lies in \([a,b]\).  
   This gives us a point inside the domain where the function can potentially reach the extreme value.

2. **Using continuity at the limit point**  
   Continuity of \(f\) at \(x^*\) tells us that  
   \[
   \lim_{k\to\infty} f(x_{n_k}) = f(x^*).
   \]
   Since the subsequence of function values was chosen to converge to the supremum (or infimum), we conclude that \(f(x^*)\) equals that supremum (or infimum).  
   Thus \(f\) actually attains its maximum or minimum on \([a,b]\).

3. **Intermediate value theorem**  
   A similar argument, using a sequence of points where \(f\) takes values on either side of a target value, relies on Bolzano–Weierstrass to find a convergent subsequence whose limit gives a point where \(f\) equals the intermediate value.

In short, Bolzano–Weierstrass supplies the *compactness* property of closed, bounded intervals: every bounded sequence has a convergent subsequence staying inside the interval. This property, combined with continuity, guarantees that continuous functions on such intervals are bounded and attain their bounds, and that they take on every intermediate value between two of their values."
18100a-lecture-16-multicam_360p_16_9,another closed and bounded interval,Full Lecture Transcript,"Explain, in the order of the lecture, why a continuous function on a closed and bounded interval must be bounded.","The proof proceeds by contradiction: assume \(f\) is unbounded. Construct for each \(n\) a point \(x_n\in[a,b]\) with \(|f(x_n)|\ge n\). The sequence \((x_n)\) is bounded, so by Bolzano‑Weierstrass a convergent subsequence \((x_{n_k})\) exists with limit \(x\in[a,b]\). Continuity yields \(\lim_{k\to\infty}f(x_{n_k})=f(x)\), which contradicts \(|f(x_{n_k})|\ge n_k\to\infty\). Thus \(f\) must be bounded.","**Why a continuous function on a closed and bounded interval must be bounded  
(according to the lecture’s order of presentation)**  

1. **Recall the definition of “bounded” for a function.**  
   - A function \(f\) defined on a subset \(S\subset\mathbb{R}\) is *bounded* if there exists a non‑negative number \(b\) such that  
     \[
     |f(x)|\le b \quad\text{for every }x\in S .
     \]
   - In the lecture the speaker illustrated this with \(f(x)=3x+1\) on the closed interval \([0,1]\); the graph stays between the horizontal lines \(y=0\) and \(y=4\).

2. **State the goal.**  
   - We want to prove: *If \(f:[a,b]\to\mathbb{R}\) is continuous on the closed, bounded interval \([a,b]\), then \(f\) is bounded on \([a,b]\).*  
   - This is the first part of the “theme” of the lecture: a continuous function on a closed, bounded interval is “well‑behaved”.

3. **Set up a proof by contradiction.**  
   - Assume the contrary: \(f\) is **not** bounded on \([a,b]\).  
   - By the negation of the definition, for every \(b\ge0\) there exists an \(x\in[a,b]\) with \(|f(x)|\ge b\).

4. **Choose a sequence that forces the values of \(f\) to grow without bound.**  
   - Pick \(b=n\) for each natural number \(n\).  
   - For each \(n\) there is an \(x_n\in[a,b]\) such that \(|f(x_n)|\ge n\).  
   - Thus we obtain a sequence \((x_n)\) in the closed interval \([a,b]\) whose image under \(f\) has arbitrarily large absolute value.

5. **Use the compactness of \([a,b]\) (closed and bounded) to extract a convergent subsequence.**  
   - By the Bolzano–Weierstrass theorem (the lecture emphasizes that the closed, bounded nature of the interval allows us to use this theorem), the sequence \((x_n)\) has a subsequence \((x_{n_k})\) that converges to some point \(x\in[a,b]\).

6. **Apply continuity of \(f\) at the limit point.**  
   - Since \(f\) is continuous on \([a,b]\), we have  
     \[
     f(x)=\lim_{k\to\infty} f(x_{n_k}).
     \]
   - But each \(|f(x_{n_k})|\ge n_k\), and \(n_k\to\infty\).  
   - Therefore \(|f(x_{n_k})|\) diverges to infinity, so the limit \(\lim_{k\to\infty} f(x_{n_k})\) cannot exist as a finite real number.

7. **Reach a contradiction.**  
   - The continuity assumption forces the limit to exist and be finite, yet the construction of the subsequence forces it to be infinite.  
   - Hence our assumption that \(f\) is unbounded must be false.

8. **Conclude.**  
   - Therefore, a continuous function on a closed and bounded interval \([a,b]\) must be bounded.  
   - This result is the first step toward the min‑max theorem and Bolzano’s intermediate value theorem discussed later in the lecture."
18100a-lecture-16-multicam_360p_16_9,another closed and bounded interval,Full Lecture Transcript,"State the min–max theorem as presented in the lecture, and describe the conclusion about the image of the interval under a continuous function.","The min–max theorem says: If \(f:[a,b]\to\mathbb{R}\) is continuous, then there exist points \(c,d\in[a,b]\) such that \(f([a,b])\subseteq[f(c),\,f(d)]\). In other words, \(f\) attains an absolute minimum at some \(c\) and an absolute maximum at some \(d\).","**Min–max theorem (as stated in the lecture)**  
Let \(f:[a,b]\to\mathbb{R}\) be continuous on the closed, bounded interval \([a,b]\).  
Then there exist points \(c,d\in[a,b]\) such that  

\[
f([a,b])\subseteq [\,f(c),\,f(d)\,].
\]

Moreover, \(f(c)\) is the absolute minimum of \(f\) on \([a,b]\) and \(f(d)\) is the absolute maximum of \(f\) on \([a,b]\); that is,

\[
f(c)\le f(x)\le f(d)\qquad\text{for all }x\in[a,b].
\]

**Conclusion about the image of the interval**  
Because \(f([a,b])\) is contained in the closed interval \([f(c),f(d)]\) and \(f(c)\) and \(f(d)\) are actually attained, the image \(f([a,b])\) is itself a closed and bounded interval (which may degenerate to a single point if \(f\) is constant). Thus a continuous function maps a closed, bounded interval onto another closed, bounded interval."
18100a-lecture-16-multicam_360p_16_9,another closed and bounded interval,Full Lecture Transcript,"How does the lecture relate the special case \(f(a)<0<f(b)\) to the general intermediate value theorem, and what method is mentioned for determining the point where \(f(c)=0\)?","The lecture first shows the special case \(f(a)<0<f(b)\) using the bisection (midpoint) method to find \(c\) with \(f(c)=0\). It then generalizes: for any \(y\) between \(f(a)\) and \(f(b)\), define \(g(x)=f(x)-y\); \(g\) satisfies the special case, so there is \(c\) with \(g(c)=0\), i.e., \(f(c)=y\). This gives Bolzano’s intermediate value theorem.","The lecturer shows that the “easy” case  
\[
f(a)<0<f(b)
\]
is really just a particular instance of the full Intermediate Value Theorem.  
To prove the general statement, one takes an arbitrary value \(y\) between \(f(a)\) and \(f(b)\) and defines a new function  
\[
g(x)=f(x)-y .
\]
Because \(g\) is continuous and \(g(a)=f(a)-y<0\) while \(g(b)=f(b)-y>0\), the special case guarantees a point \(c\in[a,b]\) with \(g(c)=0\), i.e. \(f(c)=y\).  Thus the special case is used to deduce the general theorem.

For actually locating the point where \(f(c)=0\) (in the special case), the lecture mentions the **bisection method** – a constructive procedure that repeatedly halves the interval \([a,b]\) to home in on the zero."
18100a-lecture-17-multicam_360p_16_9,uniform continuity,Full Lecture Transcript,"In the lecture, how is continuity at a point defined using \(\varepsilon\) and \(\delta\), and why can the choice of \(\delta\) depend on the point \(c\)?","Continuity at a point \(c\) is defined as: for every \(\varepsilon>0\) there exists a \(\delta>0\) such that for all \(x\) with \(|x-c|<\delta\) we have \(|f(x)-f(c)|<\varepsilon\).  The \(\delta\) may depend on both the chosen \(\varepsilon\) and the specific point \(c\), because the function’s behaviour can vary from point to point.","In the lecture the definition of continuity at a point \(c\) is given in the familiar \(\varepsilon\)–\(\delta\) language:

> **Continuity at \(c\).**  
> For every \(\varepsilon>0\) there exists a \(\delta>0\) such that for every \(x\) in the domain,
> \[
> |x-c|<\delta \;\Longrightarrow\; |f(x)-f(c)|<\varepsilon .
> \]

The key point the lecturer stresses is that the \(\delta\) that is chosen is allowed to **depend on the point \(c\)** (and on the chosen \(\varepsilon\)). In other words, for each pair \((c,\varepsilon)\) we may pick a possibly different \(\delta\).

Why is this allowed? Because the way a function behaves can change from one point to another. A \(\delta\) that guarantees the output stays within \(\varepsilon\) of \(f(c)\) when \(x\) is close to \(c\) may be very small near a point where the function changes rapidly, but it could be larger near a point where the function is flatter. The definition of ordinary continuity only requires that *some* \(\delta\) work for each specific point \(c\); it does not require a single \(\delta\) that works for all points simultaneously. That is why the choice of \(\delta\) is permitted to depend on \(c\)."
18100a-lecture-17-multicam_360p_16_9,uniform continuity,Full Lecture Transcript,"Which function was used in the lecture to show that a function can be continuous but not uniformly continuous on an interval, and what aspect of that function causes it to lack uniform continuity? (Hint: consider the behaviour near the endpoints.)","The lecture used \(f(x)=\frac{1}{x}\) on the open interval \((0,1)\).  Near the left endpoint 0 the function values grow without bound, so no single \(\delta\) works for all points in the interval; small intervals around points close to 0 require a very small \(\delta\), violating the uniform‑continuity condition.","The lecture used the function  

\[
f(x)=\frac{1}{x}\qquad\text{on the open interval }(0,1).
\]

Although \(f\) is continuous on \((0,1)\), it is **not** uniformly continuous there.  
The reason is that as \(x\) approaches the endpoint \(0\) the function values grow without bound: \(f(x)\to\infty\).  
Thus, for any fixed \(\varepsilon>0\) we can find points \(x\) and \(y\) that are arbitrarily close to each other (both near \(0\)) yet the difference \(|f(x)-f(y)|\) can be made arbitrarily large. This unbounded behavior near the endpoint prevents the existence of a single \(\delta\) that works for all pairs of points in the interval, which is the hallmark of uniform continuity."
18100a-lecture-17-multicam_360p_16_9,uniform continuity,Full Lecture Transcript,"State the theorem that links continuity and uniform continuity on a closed and bounded interval, and explain what the theorem tells us about the relationship between the two notions on that interval.","The theorem states: for a function \(f:[a,b]\to\mathbb{R}\) on a closed, bounded interval, \(f\) is continuous on \([a,b]\) **if and only if** \(f\) is uniformly continuous on \([a,b]\).  Thus on a compact interval continuity and uniform continuity are equivalent.","**Theorem (Continuity ⇔ Uniform Continuity on a closed, bounded interval).**  
Let \(f:[a,b]\to\mathbb{R}\) be a function defined on a closed and bounded interval \([a,b]\).  
Then

\[
f \text{ is continuous on } [a,b] \quad\Longleftrightarrow\quad f \text{ is uniformly continuous on } [a,b].
\]

**What the theorem tells us**

- On a closed, bounded interval the two notions coincide: every continuous function is automatically uniformly continuous, and every uniformly continuous function is, of course, continuous (this direction follows directly from the definitions).
- The equivalence fails on more general domains. For example, \(f(x)=1/x\) is continuous on the open interval \((0,1)\) but not uniformly continuous there, and \(f(x)=x^{2}\) is not uniformly continuous on \(\mathbb{R}\) although it is uniformly continuous on \([0,1]\).
- Thus, the closed‑and‑bounded (compact) nature of the domain is the key property that guarantees the equivalence. The theorem can be sharpened to “compact set” instead of “closed and bounded interval,” but the lecture focuses on the interval case."
18100a-lecture-17-multicam_360p_16_9,uniform continuity,Full Lecture Transcript,"Why does the function \(f(x)=x^{2}\) fail to be uniformly continuous on the entire real line, according to the arguments presented in the lecture?","The lecture showed that \(f(x)=x^{2}\) is not uniformly continuous on \(\mathbb{R}\) by choosing \(\varepsilon=1\).  For any \(\delta>0\) we can find \(x,\,c\) with \(|x-c|<\delta\) yet \(|x^{2}-c^{2}|>1\) by taking both \(x\) and \(c\) large and close together.  Hence no single \(\delta\) works for all points.","In the lecture the failure of uniform continuity for \(f(x)=x^{2}\) is shown by a concrete “epsilon–delta” argument.  
The idea is that, although \(x^{2}\) is continuous at every point, the amount by which the output can change when the input is perturbed by a fixed amount \(\delta\) depends on how large the input itself is.  

The lecturer picks a fixed \(\varepsilon>0\) (any positive number works; \(\varepsilon=1\) is used for convenience) and then shows that **no single \(\delta>0\) can work for all real numbers**.  

1. **Choose \(\varepsilon=1\).**  
2. Let \(\delta>0\) be arbitrary.  
3. Pick a point \(c\) that is very large, specifically  
   \[
   c=\frac{1}{\delta}.
   \]
4. Take another point \(x\) that is only a little farther away:  
   \[
   x=c+\frac{\delta}{2}.
   \]
   Then  
   \[
   |x-c|=\frac{\delta}{2}<\delta,
   \]
   so the two points are within the \(\delta\)-neighbourhood required by the definition of uniform continuity.

5. Compute the difference of the function values:  
   \[
   |x^{2}-c^{2}|=(x+c)(x-c)
   =\Bigl(2c+\frac{\delta}{2}\Bigr)\frac{\delta}{2}
   =\delta c+\frac{\delta^{2}}{4}
   \ge \delta c
   =1.
   \]
   Thus \(|x^{2}-c^{2}|\ge 1=\varepsilon\).

Because for this choice of \(c\) and \(x\) the distance between the outputs is at least \(\varepsilon\) even though the inputs are within \(\delta\), the condition for uniform continuity fails. Since this can be done for **every** \(\delta>0\), no single \(\delta\) works for all real numbers.

Hence, \(f(x)=x^{2}\) is **not** uniformly continuous on \(\mathbb{R}\). The failure stems from the fact that the function’s slope grows without bound as \(|x|\) increases, so arbitrarily small changes in \(x\) can produce arbitrarily large changes in \(x^{2}\)."
18100a-lecture-17-multicam_360p_16_9,uniform continuity,Full Lecture Transcript,"According to the lecture, why does the equivalence of continuity and uniform continuity generally break down when the domain is not closed and bounded, and how does the example \(f(x)=\frac{1}{x}\) on \((0,1)\) illustrate this failure?","The equivalence fails when the domain is not compact because the dependence of \(\delta\) on the point can become unbounded.  The example \(f(x)=\frac{1}{x}\) on \((0,1)\) shows this: as \(x\) approaches the omitted endpoint \(0\), \(\delta\) must shrink to zero to keep \(|f(x)-f(c)|<\varepsilon\).  Since the interval does not contain its limit point, a uniform \(\delta\) cannot be chosen, breaking the equivalence.","In the lecture it is stressed that **uniform continuity is a property that depends on both the function and the set on which it is defined**.  
When the domain is a closed and bounded interval (or, more generally, a compact set), every continuous function on that set is automatically uniformly continuous.  
The reason is that on a compact set a continuous function attains a maximum rate of change; the “worst‑case” behaviour that could destroy uniform continuity cannot occur because the set has no “ends” where the function could blow up.

When the domain is **not closed and bounded**, this safeguard disappears.  
A continuous function may behave badly near a boundary point that is not included in the domain, and that bad behaviour can make the function fail to be uniformly continuous.

The lecture uses the classic example  

\[
f(x)=\frac{1}{x}\quad\text{on the open interval }(0,1).
\]

* \(f\) is continuous on \((0,1)\) (the limit as \(x\to a\) exists for every \(a\in(0,1)\)).  
* However, \(f\) is **not** uniformly continuous on \((0,1)\).  
  For any \(\delta>0\) we can choose two points \(x\) and \(y\) with \(|x-y|<\delta\) but both very close to \(0\); then  

  \[
  |f(x)-f(y)|=\left|\frac{1}{x}-\frac{1}{y}\right|
  \]

  can be made arbitrarily large, so no single \(\delta\) works for a fixed \(\varepsilon\).  
  In the lecture this is illustrated by picking a “bad” \(\varepsilon\) (e.g., \(\varepsilon=2\)) and showing that no matter what \(\delta\) you choose, you can find \(x,y\) with \(|x-y|<\delta\) yet \(|f(x)-f(y)|>\varepsilon\).

Thus the equivalence between continuity and uniform continuity **breaks down** when the domain is not closed and bounded, and the function \(f(x)=1/x\) on \((0,1)\) provides a concrete demonstration of this failure."
18100a-lecture-17-multicam_360p_16_9,absolute value,Full Lecture Transcript,"According to the discussion, what relationship does the Intermediate Value Theorem guarantee between a continuous function \(f\) on \([a,b]\) and any value \(y\) that lies between \(f(a)\) and \(f(b)\)?","For every value \(y\) satisfying either \(f(a) < y < f(b)\) or \(f(b) < y < f(a)\), there exists at least one \(c \in (a,b)\) such that \(f(c)=y\).","The Intermediate Value Theorem guarantees that **for every value \(y\) lying between \(f(a)\) and \(f(b)\), there is at least one point \(c\) in the interval \([a,b]\) (indeed in \((a,b)\)) such that \(f(c)=y\).**"
18100a-lecture-17-multicam_360p_16_9,absolute value,Full Lecture Transcript,"How is the definition of continuity at a point \(c\) expressed in \( \varepsilon \)-\( \delta \) form, as presented in the lecture?","For each \(\varepsilon > 0\) there exists a \(\delta > 0\) (possibly depending on \(c\)) such that for all \(x\) in the domain, if \(|x-c|<\delta\) then \(|f(x)-f(c)|<\varepsilon\).","In the lecture the ε‑δ definition of continuity at a point \(c\) was given as:

> **Continuity at \(c\).**  
> For every \(\varepsilon>0\) there exists a \(\delta>0\) (which may depend on both \(\varepsilon\) and the point \(c\)) such that for all \(x\) in the domain,
> \[
> |x-c|<\delta \;\Longrightarrow\; |f(x)-f(c)|<\varepsilon .
> \]

This is the precise ε‑δ statement that a function \(f\) is continuous at the point \(c\)."
18100a-lecture-17-multicam_360p_16_9,absolute value,Full Lecture Transcript,"What extra requirement distinguishes uniform continuity from ordinary continuity, as explained in the lecture?","Uniform continuity requires a single \(\delta\) that works for all points in the domain and depends only on \(\varepsilon\), whereas ordinary continuity allows \(\delta\) to depend on the particular point \(c\).","The extra requirement is that the “δ” can be chosen **independently of the point**.  
In ordinary continuity, for each point \(c\) and each \(\varepsilon>0\) we may pick a \(\delta\) that can depend on \(c\).  
Uniform continuity demands that for every \(\varepsilon>0\) there is a single \(\delta>0\) that works for **all** points in the domain—i.e., \(\delta\) depends only on \(\varepsilon\), not on the particular point."
18100a-lecture-17-multicam_360p_16_9,absolute value,Full Lecture Transcript,"State the equivalence theorem concerning continuous functions on a closed, bounded interval that was proved.","A function \(f:[a,b]\to\mathbb{R}\) is continuous on the closed interval \([a,b]\) if and only if it is uniformly continuous on \([a,b]\).","**Equivalence theorem (closed, bounded interval).**  
Let \(f:[a,b]\to\mathbb{R}\) be a function defined on a closed and bounded interval.  
Then

\[
f \text{ is continuous on } [a,b] \quad\Longleftrightarrow\quad f \text{ is uniformly continuous on } [a,b].
\]

In other words, on a closed, bounded interval continuity and uniform continuity are equivalent."
18100a-lecture-17-multicam_360p_16_9,absolute value,Full Lecture Transcript,Provide an example given in the lecture that illustrates why the domain must be closed and bounded for that equivalence to hold.,"The function \(f(x)=1/x\) on the open interval \((0,1)\): it is continuous on \((0,1)\) but not uniformly continuous, showing that the closed‑bounded assumption is necessary.","The lecture gives the classic counter‑example  

**\(f(x)=\dfrac{1}{x}\) on the open interval \((0,1)\).**

- \(f\) is continuous on \((0,1)\).  
- However, it is **not** uniformly continuous on \((0,1)\) (the values blow up as \(x\to 0^+\)).  

This shows that continuity alone does **not** guarantee uniform continuity unless the domain is closed and bounded. In contrast, the same function restricted to a closed, bounded interval (e.g., \([a,b]\subset(0,1)\)) would be uniformly continuous. Thus the example of \(1/x\) on \((0,1)\) illustrates why the domain must be closed and bounded for the equivalence “continuous ⇔ uniformly continuous” to hold."
18100a-lecture-17-multicam_360p_16_9,fundamental theorem of algebra,Full Lecture Transcript,"In the lecture, according to the Inter­mediate Value Theorem, if \(f\) is continuous on \([a,b]\), \(f(a)<f(b)\), and a value \(y\) satisfies \(f(a)<y<f(b)\), what does the theorem guarantee about some point \(c\) in the interval \((a,b)\)?","It guarantees the existence of a point \(c\in(a,b)\) such that \(f(c)=y\).","The theorem guarantees that there is at least one point \(c\) in the open interval \((a,b)\) such that  

\[
f(c)=y .
\]"
18100a-lecture-17-multicam_360p_16_9,fundamental theorem of algebra,Full Lecture Transcript,"During the discussion of continuous functions on closed and bounded intervals, what property of the image \(f([a,b])\) was proven in the lecture? Please state the description of this image set.","The image \(f([a,b])\) is itself a closed bounded interval; in particular \(f\) attains a maximum and a minimum on \([a,b]\).","During the lecture it was shown that if \(f:[a,b]\to\mathbb R\) is continuous, then the set of values it attains on the closed, bounded interval \([a,b]\) is itself a closed, bounded interval.  In fact  

\[
f([a,b])=[\,\min_{x\in[a,b]}f(x),\;\max_{x\in[a,b]}f(x)\,]\,,
\]

so the image is a closed interval whose endpoints are the absolute minimum and maximum of \(f\) on \([a,b]\)."
18100a-lecture-17-multicam_360p_16_9,fundamental theorem of algebra,Full Lecture Transcript,The lecture defined uniform continuity with a precise epsilon–delta condition. State the definition of a function \(f:S\to\mathbb{R}\) being uniformly continuous on \(S\) in terms that use only an \(\varepsilon\) and \(\delta\) that does not depend on any point of \(S\).,"For every \(\varepsilon>0\) there exists a \(\delta>0\) such that for all \(x,c\in S\) with \(|x-c|<\delta\), one has \(|f(x)-f(c)|<\varepsilon\).","For a function \(f:S\to\mathbb{R}\) we say that \(f\) is **uniformly continuous on \(S\)** if

\[
\forall\,\varepsilon>0\;\exists\,\delta>0\;\text{such that}\;\forall\,x,c\in S,\;
|x-c|<\delta\;\Longrightarrow\;|f(x)-f(c)|<\varepsilon .
\]

In other words, the \(\delta\) depends only on \(\varepsilon\) and not on any particular point of \(S\)."
18100a-lecture-17-multicam_360p_16_9,fundamental theorem of algebra,Full Lecture Transcript,"According to the theorem presented at the end of the lecture, under what circumstances are the notions of continuity and uniform continuity equivalent for a function defined on an interval \([a,b]\)?","When the domain is a closed and bounded interval (i.e., a compact set), a continuous function on that interval is uniformly continuous, and conversely a uniformly continuous function on that interval is continuous.","The theorem says that for a function \(f:[a,b]\to\mathbb{R}\) the two notions coincide **exactly when the domain is a closed and bounded interval** (i.e. a compact interval).  
In that case

\[
f \text{ is continuous on }[a,b] \quad\Longleftrightarrow\quad f \text{ is uniformly continuous on }[a,b].
\]

Outside of a closed‑and‑bounded (compact) interval the equivalence need not hold."
18100a-lecture-17-multicam_360p_16_9,fundamental theorem of algebra,Full Lecture Transcript,How did the lecture explain the existence of at least one real root for any odd polynomial using the Intermediate Value Theorem? Summarize the key logical steps.,"Because an odd–degree polynomial tends to \(+\infty\) as \(x\to+\infty\) and to \(-\infty\) as \(x\to-\infty\), continuity guarantees that for some \(c\) in the interval between these two extreme values, \(f(c)=0\); thus, the polynomial has at least one real root.","**Key logical steps the lecture used to prove that every odd‑degree polynomial has at least one real root**

1. **Continuity**  
   - A polynomial is continuous on the whole real line.  
   - Therefore, if we can find two points where the polynomial takes values of opposite sign, the Intermediate Value Theorem guarantees a zero between them.

2. **Dominance of the leading term**  
   - For an odd‑degree polynomial \(f(x)=a_nx^n+\dots\) with \(n\) odd, the term \(a_nx^n\) dominates the value of \(f(x)\) when \(|x|\) is very large.  
   - The sign of \(f(x)\) for large \(|x|\) is the same as the sign of \(a_nx^n\).

3. **Behavior at \(+\infty\) and \(-\infty\)**  
   - If \(a_n>0\):  
     - \(f(x)\to +\infty\) as \(x\to +\infty\).  
     - Because \(n\) is odd, \(f(x)\to -\infty\) as \(x\to -\infty\).  
   - If \(a_n<0\): the signs are reversed, but still opposite.  
   - Thus, for sufficiently large positive \(M\) and sufficiently large negative \(-M\), we have  
     \[
     f(M)>0,\qquad f(-M)<0
     \]
     (or the other way round).

4. **Apply the Intermediate Value Theorem**  
   - Since \(f\) is continuous on \([-M,M]\) and takes opposite signs at the endpoints, the IVT tells us there exists some \(c\in(-M,M)\) with \(f(c)=0\).

5. **Conclusion**  
   - Therefore every odd‑degree polynomial must cross the \(x\)-axis at least once; i.e., it has at least one real root.

The lecture illustrated this reasoning with a concrete example (e.g., \(f(x)=x^{2021}-x^{2020}+1025x-300\)), showing that plugging in a very large positive number gives a positive value, a very large negative number gives a negative value, and the IVT then guarantees a root in between. This argument works for any odd‑degree polynomial."
18100a-lecture-17-multicam_360p_16_9,line,Full Lecture Transcript,"In the proof of the Intermediate Value Theorem, how does the ordering of \(f(a)\) and \(f(b)\) influence the choice of the intermediate value \(y\) and ensure the existence of a point \(c\) with \(f(c)=y\)?","The theorem considers two separate cases: if \(f(a)<f(b)\) and \(y\) lies strictly between \(f(a)\) and \(f(b)\), or if \(f(a)>f(b)\) and \(y\) lies strictly between them. This ordering ensures that \(y\) is between the function values at the endpoints, allowing the construction of a sub‑interval where \(f\) takes on \(y\) and the existence of a point \(c\in(a,b)\) such that \(f(c)=y\).","In the proof we first look at the two endpoint values \(f(a)\) and \(f(b)\).

* If \(f(a)<f(b)\) we pick an intermediate value \(y\) that satisfies  
  \[
  f(a)<y<f(b).
  \]
* If \(f(a)>f(b)\) we pick \(y\) so that  
  \[
  f(b)<y<f(a).
  \]

Thus the ordering of \(f(a)\) and \(f(b)\) tells us in which direction \(y\) must lie: it must be strictly between the two endpoint values, no matter which one is larger.

Because \(f\) is continuous on the closed interval \([a,b]\), the Intermediate Value Theorem guarantees that for any such \(y\) there exists at least one point \(c\in[a,b]\) with \(f(c)=y\). The ordering ensures that \(y\) is indeed an “intermediate” value, so the theorem applies and the point \(c\) exists."
18100a-lecture-17-multicam_360p_16_9,line,Full Lecture Transcript,"According to the lecture, if \(f\) is continuous on a closed interval \([a,b]\), how does the intermediate value theorem guarantee that the image \(f([a,b])\) is also a closed interval, and what roles do the numbers \(E\) and \(D\) play in this context?","The intermediate value theorem states that for any \(y\) between \(f(a)\) and \(f(b)\) there exists \(c\in[a,b]\) with \(f(c)=y\). Taking \(E=\max_{x\in[a,b]}f(x)\) and \(D=\min_{x\in[a,b]}f(x)\), the image \(f([a,b])\) contains every value between \(D\) and \(E\). Since a continuous image of a closed interval cannot “jump–over” an intermediate value, \(f([a,b])=[D,E]\), a closed interval. Thus \(E\) and \(D\) are the absolute maximum and minimum of \(f\) on \([a,b]\).","**How the IVT gives a closed interval**

The lecture states that for a continuous function \(f:[a,b]\to\mathbb{R}\) the set of values it takes on the closed, bounded interval \([a,b]\) is again a closed, bounded interval.  
The argument uses two facts that were proved in the last lecture:

1. **Extreme‑value theorem** – a continuous function on a closed, bounded interval attains an absolute maximum and an absolute minimum.  
   Let  
   \[
   E=\max_{x\in[a,b]}f(x),\qquad D=\min_{x\in[a,b]}f(x).
   \]

2. **Intermediate‑value theorem (IVT)** – if \(y\) lies between \(f(a)\) and \(f(b)\) (or, more generally, between any two values that \(f\) actually takes), then there is some \(c\in[a,b]\) with \(f(c)=y\).

Because \(f\) is continuous on \([a,b]\), it takes every value between its minimum \(D\) and its maximum \(E\).  
The IVT guarantees that for any \(y\) with \(D\le y\le E\) there is a point \(c\in[a,b]\) such that \(f(c)=y\).  
Thus

\[
f([a,b])=\{\,f(x):x\in[a,b]\,\}=[D,E].
\]

The set \([D,E]\) is a closed interval: it contains its endpoints \(D\) and \(E\) (the extreme values) and all intermediate values, and it is bounded because \(D\) and \(E\) are finite.

**Roles of \(E\) and \(D\)**

- \(E\) is the **absolute maximum** of \(f\) on \([a,b]\); it is the largest value that \(f\) attains.  
- \(D\) is the **absolute minimum** of \(f\) on \([a,b]\); it is the smallest value that \(f\) attains.

These two numbers serve as the endpoints of the image interval \(f([a,b])\). The IVT ensures that every value between them is actually achieved, so the image is exactly the closed interval \([D,E]\)."
18100a-lecture-17-multicam_360p_16_9,line,Full Lecture Transcript,"What is the key logical distinction between the definitions of continuity and uniform continuity as presented in the lecture, especially regarding the dependence of \(\delta\) on \(\varepsilon\) and on points of the domain?",For continuity the \(\delta\) in the \(\varepsilon\)–\(\delta\) condition may depend on both the chosen \(\varepsilon\) and the specific point \(c\) at which continuity is being checked. For uniform continuity the same \(\delta\) must work for every point in the domain; it depends only on \(\varepsilon\) and is independent of the choice of \(c\).,"**Key logical distinction**

- **Continuity (at a point)**  
  \[
  \forall\,c\in S\;\forall\,\varepsilon>0\;\exists\,\delta>0\;( \delta=\delta(\varepsilon ,c) )
  \text{ such that } |x-c|<\delta \;\Rightarrow\; |f(x)-f(c)|<\varepsilon .
  \]
  Here the choice of \(\delta\) is allowed to depend on **both** the tolerance \(\varepsilon\) **and** the particular point \(c\) where we are checking continuity.

- **Uniform continuity (on the whole set)**  
  \[
  \forall\,\varepsilon>0\;\exists\,\delta>0\;( \delta=\delta(\varepsilon) )
  \text{ such that } |x-c|<\delta \;\Rightarrow\; |f(x)-f(c)|<\varepsilon
  \quad\text{for all }x,c\in S .
  \]
  In this case the \(\delta\) is required to depend **only** on \(\varepsilon\); it must work uniformly for **every** pair of points in the domain, not just for a fixed point.

Thus the logical difference is that continuity allows the “closeness” parameter \(\delta\) to vary with the point of the domain, whereas uniform continuity demands a single \(\delta\) (for each \(\varepsilon\)) that works everywhere. This makes uniform continuity a strictly stronger property."
18100a-lecture-17-multicam_360p_16_9,line,Full Lecture Transcript,"In the argument that a continuous function on a closed interval is uniformly continuous, why is the Bolzano–Weierstrass theorem essential, and what does it provide for the sequences involved?","Because the sequences \((x_n)\) and \((c_n)\) are bounded subsets of the closed interval \([a,b]\), the Bolzano–Weierstrass theorem guarantees the existence of a convergent subsequence \((x_{n_k})\) with limit \(x\) in \([a,b]\). A corresponding subsequence \((c_{n_k})\) then converges to the same limit, and the difference \(|x_{n_k}-c_{n_k}|\) tends to zero. This convergence is crucial to derive a contradiction to the assumption that the function is not uniformly continuous.","In the proof that a continuous function on a closed interval \([a,b]\) is uniformly continuous we first assume the contrary:  
there is an \(\varepsilon _0>0\) such that for every \(\delta>0\) we can find points \(x_\delta ,c_\delta\in[a,b]\) with  

\[
|x_\delta-c_\delta|<\delta ,\qquad |f(x_\delta)-f(c_\delta)|\ge \varepsilon _0 .
\]

Choosing a sequence \(\delta_n\downarrow 0\) gives two sequences \((x_n)\) and \((c_n)\) in the closed, bounded interval \([a,b]\).  
Because the interval is closed and bounded, both sequences are **bounded**.

**Bolzano–Weierstrass** is then invoked.  
It guarantees that every bounded sequence in \(\mathbb R\) has a convergent subsequence.  
Applying it to the sequence \((c_n)\) (and, by the same argument, to the corresponding subsequence of \((x_n)\)) yields

* a subsequence \((c_{n_k})\) that converges to some point \(c\in[a,b]\);
* the corresponding subsequence \((x_{n_k})\) also converges to the same limit \(c\) because \(|x_{n_k}-c_{n_k}|\to 0\).

Thus Bolzano–Weierstrass provides a **limit point \(c\) in the interval** and a **convergent subsequence** of the points that were chosen to violate uniform continuity.

With this limit point we can apply the continuity of \(f\) at \(c\):  

\[
\lim_{k\to\infty} |f(x_{n_k})-f(c_{n_k})| = |f(c)-f(c)| = 0,
\]

contradicting the fact that each term of the sequence is at least \(\varepsilon_0\).  

So, the theorem is essential because it supplies the convergent subsequence and the limit point needed to use continuity and reach the contradiction."
18100a-lecture-17-multicam_360p_16_9,line,Full Lecture Transcript,"As described in the lecture, why are all polynomials differentiable everywhere, and how is the derivative of a monomial \(f(x)=\alpha x^{n}\) explicitly computed?","Polynomials are built from monomials \(\alpha x^{n}\), and the limit defining the derivative for a monomial simplifies by algebraic subtraction of powers. The quotient \(\frac{x^{n}-c^{n}}{x-c}\) factorises as \(\sum_{j=0}^{n-1}x^{\,n-1-j}c^{\,j}\). Taking the limit as \(x\to c\) gives \(\sum_{j=0}^{n-1}c^{\,n-1}=n\,c^{\,n-1}\). Multiplying by the constant \(\alpha\) yields \(\displaystyle f'(x)=n\,\alpha\,x^{\,n-1}\), showing that every polynomial is differentiable everywhere.","**Why every polynomial is differentiable everywhere**

A polynomial is a finite sum of monomials  
\[
P(x)=\sum_{k=0}^{m}\beta_k\,x^{k}\, .
\]
The lecture shows that each monomial \(f(x)=\alpha x^{n}\) is differentiable at every point of its domain (the whole real line).  
Because the derivative of a sum is the sum of the derivatives, a finite sum of differentiable functions is again differentiable.  
Hence every polynomial, being a finite sum of differentiable monomials, is differentiable at every real number.

---

**Explicit computation of the derivative of a monomial**

For a monomial \(f(x)=\alpha x^{n}\) (\(\alpha\in\mathbb{R}\), \(n\in\mathbb{N}\cup\{0\}\)) the lecture uses the limit definition of the derivative:

\[
f'(c)=\lim_{x\to c}\frac{f(x)-f(c)}{x-c}
      =\alpha\lim_{x\to c}\frac{x^{\,n}-c^{\,n}}{x-c}.
\]

The algebraic identity
\[
x^{\,n}-c^{\,n}=(x-c)\sum_{j=0}^{n-1}x^{\,n-1-j}c^{\,j}
\]
is applied.  Cancelling the factor \(x-c\) gives

\[
f'(c)=\alpha\lim_{x\to c}\sum_{j=0}^{n-1}x^{\,n-1-j}c^{\,j}.
\]

Each term in the sum is a polynomial in \(x\), so the limit as \(x\to c\) is obtained by simply substituting \(x=c\):

\[
f'(c)=\alpha\sum_{j=0}^{n-1}c^{\,n-1-j}c^{\,j}
      =\alpha\sum_{j=0}^{n-1}c^{\,n-1}
      =\alpha\,n\,c^{\,n-1}.
\]

Thus

\[
\boxed{\,f'(x)=n\,\alpha\,x^{\,n-1}\,}
\]

for every \(x\in\mathbb{R}\).  This explicit formula shows that the monomial is differentiable everywhere, and by linearity it follows that all polynomials are differentiable everywhere."
18100a-lecture-17-multicam_360p_16_9,continuous at every point,Full Lecture Transcript,"According to the lecture, if a function is continuous on a closed and bounded interval \([a,b]\), what can be said about the set of values it attains?","The image of a continuous function on \([a,b]\) is a closed and bounded interval; equivalently, the function achieves both an absolute maximum and an absolute minimum on that interval.","According to the lecture, a continuous function on a closed and bounded interval \([a,b]\) attains **every** value between its absolute minimum and absolute maximum. In other words, the image of \([a,b]\) under the function is itself a closed, bounded interval \([m,M]\), where \(m=\min_{x\in[a,b]}f(x)\) and \(M=\max_{x\in[a,b]}f(x)\)."
18100a-lecture-17-multicam_360p_16_9,continuous at every point,Full Lecture Transcript,"In the discussion of continuity at a point, what role does the variable \(\delta\) play in relation to \(\varepsilon\) and the point \(c\)?","For each \(\varepsilon>0\) there exists a \(\delta>0\), possibly depending on both \(\varepsilon\) and the point \(c\), such that for all \(x\) with \(|x-c|<\delta\) one has \(|f(x)-f(c)|<\varepsilon.\)","In the ε–δ definition of continuity at a point \(c\), the number \(\delta\) is the **domain tolerance** that we choose in order to keep the function values within the prescribed range \(\varepsilon\).  

For every \(\varepsilon>0\) and for the specific point \(c\) at which we are testing continuity, we must be able to find a \(\delta>0\) (which may depend on both \(\varepsilon\) and \(c\)) such that  

\[
|x-c|<\delta \;\Longrightarrow\; |f(x)-f(c)|<\varepsilon .
\]

Thus, \(\delta\) is a function of \(\varepsilon\) and the point \(c\); it tells us how close \(x\) must be to \(c\) in order to guarantee that the corresponding function values are within \(\varepsilon\) of \(f(c)\)."
18100a-lecture-17-multicam_360p_16_9,continuous at every point,Full Lecture Transcript,"What is the key difference between a function being continuous on a set and being uniformly continuous on the same set, as highlighted in the lecture?","A continuous function may need a different \(\delta\) for each point \(c\), whereas a uniformly continuous function has a single \(\delta\) that works uniformly for all points in the set.","The lecture emphasizes that **continuity allows the “closeness” parameter \(\delta\) to depend on the point at which you are looking, whereas uniform continuity requires a single \(\delta\) that works for every point in the set.** In other words, for a continuous function you can find, for each \(c\) and each \(\varepsilon>0\), a \(\delta(c,\varepsilon)\) that works at \(c\); for a uniformly continuous function you can find a \(\delta(\varepsilon)\) that works simultaneously for all points in the domain. This independence of the point makes uniform continuity a strictly stronger condition."
18100a-lecture-17-multicam_360p_16_9,continuous at every point,Full Lecture Transcript,"The lecture provides an example of a continuous function on \((0,1]\) that is not uniformly continuous. Which function is this, and why does it fail uniform continuity?","The function \(f(x)=\frac{1}{x}\) on \((0,1]\) is continuous but not uniformly continuous because as \(x\) approaches \(0\) the values of \(f\) change very rapidly; for any chosen \(\delta>0\) we can find \(x\) and \(y\) within \(\delta\) of each other yet \(|f(x)-f(y)|\) can be made arbitrarily large.","The example given in the lecture is  

\[
f(x)=\frac{1}{x}\qquad\text{on the interval }(0,1].
\]

Although \(f\) is continuous at every point of \((0,1]\), it is **not** uniformly continuous there.  
The reason is that as \(x\) approaches \(0\) the values of \(f(x)\) grow without bound.  

For any fixed \(\delta>0\) we can choose two points \(x\) and \(y\) that are within \(\delta\) of each other but both very close to \(0\).  
Because \(f(x)=1/x\) is unbounded near \(0\), the difference \(|f(x)-f(y)|\) can be made arbitrarily large even though \(|x-y|<\delta\).  

Thus no single \(\delta\) can be chosen to work for all \(\varepsilon>0\); the function fails the uniform continuity condition."
18100a-lecture-17-multicam_360p_16_9,continuous at every point,Full Lecture Transcript,"According to the lecture, for a function defined on a closed bounded interval, continuity and uniform continuity are equivalent. What theorem statement formalizes this equivalence?","On a closed and bounded interval \([a,b]\), the statement is: A function \(f:[a,b]\to\mathbb{R}\) is continuous on \([a,b]\) if and only if it is uniformly continuous on \([a,b]\).","**Theorem (Equivalence on a closed, bounded interval).**  
Let \(f:[a,b]\to\mathbb{R}\) be a function defined on a closed and bounded interval \([a,b]\).  
Then  

\[
f \text{ is continuous on } [a,b] \quad\Longleftrightarrow\quad f \text{ is uniformly continuous on } [a,b].
\]"
18100a-lecture-17-multicam_360p_16_9,degree,Full Lecture Transcript,"In the discussion of the Intermediate Value Theorem, why does a continuous function \(f:[a,b]\to\mathbb{R}\) guarantee that, for every \(y\) such that \(f(a)\le y\le f(b)\) (or \(f(b)\le y\le f(a)\)), there exists a point \(c\in[a,b]\) with \(f(c)=y\)? What logical steps are used to reach this conclusion?","The theorem assumes that \(f\) is continuous on \([a,b]\).  Take any \(y\) with \(f(a)\le y\le f(b)\) (the other ordering is analogous).  By continuity, for each \(\varepsilon>0\) there exists \(\delta>0\) such that whenever \(|x-c|<\delta\) we have \(|f(x)-f(c)|<\varepsilon\).  Choosing \(c=a\) gives \(f(a)\le y+\varepsilon\) for arbitrarily small \(\varepsilon\), and choosing \(c=b\) gives \(y-\varepsilon\le f(b)\).  This guarantees that the graph of \(f\) cannot jump over the horizontal line \(y\); therefore there must be a point \(c\in[a,b]\) where the graph actually meets that line, i.e. \(f(c)=y\).  The argument uses the ordering of real numbers and the definition of continuity to preclude a discontinuous “gap” in the image of the interval.","**Why the theorem holds**

The lecture states that a continuous function on a closed interval “achieves every value in between the values at the endpoints.”  
To see why this is true we follow the standard proof that was sketched in the notes:

1. **Assume the endpoints are ordered.**  
   Without loss of generality suppose  
   \[
   f(a)\le y\le f(b)\qquad(\text{the case }f(b)\le y\le f(a)\text{ is handled by symmetry}).
   \]

2. **Form a set of points where the function is below the target value.**  
   \[
   S=\{\,x\in[a,b]\mid f(x)\le y\,\}.
   \]
   Because \(f(a)\le y\), the set \(S\) is non‑empty.  
   Because \(x\le b\) for every \(x\in[a,b]\), the set \(S\) is bounded above by \(b\).

3. **Use the completeness of \(\mathbb R\).**  
   The set \(S\) has a least upper bound (supremum).  
   Let \(c=\sup S\).  Then \(c\in[a,b]\).

4. **Show that \(f(c)=y\) by continuity.**  
   *Suppose \(f(c)<y\).*  
   Let \(\varepsilon=y-f(c)>0\).  
   By continuity at \(c\) there exists \(\delta>0\) such that  
   \[
   |x-c|<\delta \;\Longrightarrow\; |f(x)-f(c)|<\varepsilon .
   \]
   Hence for all \(x\) with \(|x-c|<\delta\) we have \(f(x)<f(c)+\varepsilon=y\).  
   In particular, there are points of \([a,b]\) slightly larger than \(c\) that belong to \(S\), contradicting the fact that \(c\) is an upper bound of \(S\).

   *Suppose \(f(c)>y\).*  
   A symmetric argument (using the same \(\delta\) but now looking at points slightly smaller than \(c\)) shows that there would be points of \(S\) larger than \(c\), again contradicting that \(c\) is the supremum.

   Therefore neither \(f(c)<y\) nor \(f(c)>y\) can hold, so we must have \(f(c)=y\).

5. **Conclusion.**  
   We have found a point \(c\in[a,b]\) with \(f(c)=y\).  
   The same reasoning works if \(f(b)\le y\le f(a)\) by swapping the roles of \(a\) and \(b\).

**Logical steps used**

- **Construction of a suitable set** \(S\) that captures the “below‑\(y\)” behavior of \(f\).  
- **Application of the completeness property** of the real numbers to obtain a supremum \(c\).  
- **Use of continuity** at the point \(c\) to rule out the possibilities \(f(c)<y\) and \(f(c)>y\) by contradiction.  
- **Symmetry argument** to cover both orderings of \(f(a)\) and \(f(b)\).

These steps together give the rigorous justification for the Intermediate Value Theorem as presented in the lecture."
18100a-lecture-17-multicam_360p_16_9,degree,Full Lecture Transcript,The lecture presents an example that shows the necessity of continuity in the Intermediate Value Theorem. Describe that counter‑example and explain precisely why continuity cannot be omitted.,"The lecture gives the piece‑wise function \(f(x)=x-1\) for \(x\neq 1\) and \(f(1)=\frac12\).  On the interval \([0,2]\) one has \(f(0)=-1<0\) and \(f(2)=1>0\), yet the equation \(f(x)=0\) has no solution in \([0,2]\) because \(f(x)=x-1\) equals zero only at \(x=1\), where the function is defined to be \(1/2\).  This shows that if the function is not continuous on \([a,b]\), the intermediate value conclusion may fail.","**Counter‑example**

On the closed interval \([0,2]\) define  

\[
f(x)=
\begin{cases}
x-1, & x\neq 1,\\[4pt]
\frac12, & x=1 .
\end{cases}
\]

* What happens at the endpoints?  
  \[
  f(0)=0-1=-1<0,\qquad f(2)=2-1=1>0 .
  \]

* What about a zero of \(f\)?  
  The equation \(x-1=0\) has the unique solution \(x=1\).  
  But at \(x=1\) we have defined \(f(1)=\tfrac12\neq 0\).  
  For all \(x<1\) we have \(f(x)=x-1<0\); for all \(x>1\) we have \(f(x)=x-1>0\).  
  Hence **no** \(c\in(0,2)\) satisfies \(f(c)=0\).

Thus the function satisfies the hypotheses of the Intermediate Value Theorem *except* for continuity, and the conclusion fails.

---

**Why continuity cannot be omitted**

The proof of the Intermediate Value Theorem uses the fact that a continuous function cannot “jump over” a value.  
If \(f\) is continuous on \([a,b]\) and \(f(a)<y<f(b)\) (or the reverse inequality), then for every \(\varepsilon>0\) there is a \(\delta>0\) such that whenever \(|x-c|<\delta\) we have \(|f(x)-f(c)|<\varepsilon\).  
This local control forces the image of \([a,b]\) to be a connected set, which in \(\mathbb R\) is an interval; consequently every intermediate value is attained.

In the counter‑example the function has a **jump discontinuity** at \(x=1\).  
The left–hand limit and the right–hand limit both equal \(0\), but the function value at the jump is \(\tfrac12\).  
Because the function “skips” the value \(0\) at the discontinuity, the image of \([0,2]\) is not an interval; it is \([-1,0)\cup(0,1]\).  
Hence the intermediate value \(0\) is missing, and the conclusion of the theorem fails.

Therefore, continuity is an essential hypothesis: without it a function can omit intermediate values, as the counter‑example demonstrates."
18100a-lecture-17-multicam_360p_16_9,degree,Full Lecture Transcript,"What is the formal definition of uniform continuity given in the lecture, and how does it contrast with the usual definition of continuity in terms of the dependence of \(\delta\) on \(\varepsilon\) and the point \(c\)?","Uniform continuity is defined as: for every \(\varepsilon>0\) there exists a \(\delta>0\) such that **for all** \(x,c\) in the domain, \(|x-c|<\delta\) implies \(|f(x)-f(c)|<\varepsilon\).  In ordinary continuity the \(\delta\) may depend on the specific point \(c\): for each \(c\) and each \(\varepsilon>0\) one can find a \(\delta(c,\varepsilon)\).  Uniform continuity requires the same \(\delta\) to work for the whole domain simultaneously, removing the point‑wise dependence present in the ordinary definition.","**Formal definition of uniform continuity (as stated in the lecture)**  

Let \(S\subset \mathbb{R}\) and let \(f:S\to\mathbb{R}\).  
\(f\) is **uniformly continuous on \(S\)** if  

\[
\forall\,\varepsilon>0\;\exists\,\delta>0\;\text{(depending only on }\varepsilon\text{)}\;\text{such that}\;
\forall\,x,c\in S,\;|x-c|<\delta \;\Longrightarrow\; |f(x)-f(c)|<\varepsilon .
\]

In other words, the same \(\delta\) works for *every* pair of points in \(S\) that are within \(\delta\) of each other.

---

**Contrast with the usual definition of continuity**

For ordinary (pointwise) continuity at a point \(c\in S\) we have

\[
\forall\,\varepsilon>0\;\exists\,\delta>0\;\text{(depending on }\varepsilon\text{ and the point }c\text{)}\;\text{such that}\;
\forall\,x\in S,\;|x-c|<\delta \;\Longrightarrow\; |f(x)-f(c)|<\varepsilon .
\]

Thus, in the standard definition the \(\delta\) may vary with the *specific* point \(c\) at which we are testing continuity.  
Uniform continuity removes that dependence on \(c\): a single \(\delta\) works uniformly for all points in the domain."
18100a-lecture-17-multicam_360p_16_9,degree,Full Lecture Transcript,"According to the lecture, a continuous function on a closed and bounded interval is equivalent to a uniformly continuous function on the same interval. Outline the key idea of the proof (or the logical reasoning) that leads to this equivalence.","The proof in the lecture uses a contradiction together with the negation of the uniform continuity definition.  Assume \(f\) is continuous on \([a,b]\) but not uniformly continuous.  Then there exists an \(\varepsilon_0>0\) and sequences \((x_n),(c_n)\subset[a,b]\) with \(|x_n-c_n|<1/n\) yet \(|f(x_n)-f(c_n)|\ge\varepsilon_0\).  By compactness of \([a,b]\), subsequences of \((x_n)\) and \((c_n)\) converge to the same point \(c\).  Continuity of \(f\) at \(c\) forces \(|f(x_n)-f(c_n)|\to0\), contradicting the lower bound \(\varepsilon_0\).  Hence \(f\) must be uniformly continuous.","**Key idea of the proof (from the lecture)**  

1. **Uniform continuity ⇒ continuity**  
   *This direction is immediate from the definitions.*  
   If for every \(\varepsilon>0\) there is a \(\delta>0\) that works for *all* pairs of points in the domain, then in particular it works for each individual point, so the function is continuous at every point.

2. **Continuity on a closed, bounded interval ⇒ uniform continuity**  
   The proof uses the *compactness* of the interval \([a,b]\) (closed and bounded in \(\mathbb{R}\)).  
   - For a fixed \(\varepsilon>0\), continuity at each point \(x\in[a,b]\) gives a \(\delta_x>0\) such that  
     \[
     |x-y|<\delta_x \;\Longrightarrow\; |f(x)-f(y)|<\varepsilon .
     \]
   - The open intervals \((x-\delta_x,\,x+\delta_x)\) form an open cover of \([a,b]\).  
   - By compactness, a **finite subcover** exists: \((x_i-\delta_{x_i},\,x_i+\delta_{x_i})\) for \(i=1,\dots,n\).  
   - Let  
     \[
     \delta=\min\{\delta_{x_1},\dots,\delta_{x_n}\}>0 .
     \]
   - Now, for any two points \(y,z\in[a,b]\) with \(|y-z|<\delta\), both lie in one of the finitely many covering intervals, so the corresponding \(\delta_{x_i}\) applies and we get \(|f(y)-f(z)|<\varepsilon\).  
   - Thus the same \(\delta\) works for *every* pair of points in \([a,b]\); \(f\) is uniformly continuous.

3. **Why the closed‑bounded hypothesis is needed**  
   The lecture gives counterexamples:  
   - \(f(x)=1/x\) on \((0,1)\) is continuous but not uniformly continuous.  
   - \(f(x)=x^2\) on \(\mathbb{R}\) is not uniformly continuous, yet on \([0,1]\) it *is* uniformly continuous.  
   These show that without the interval being closed and bounded (i.e., compact), continuity does **not** guarantee uniform continuity.

Hence, the logical reasoning hinges on compactness: continuity on a compact set forces the local \(\delta\)’s to be chosen uniformly, giving uniform continuity. The reverse implication is trivial from the definition. This establishes the equivalence stated in the lecture."
18100a-lecture-17-multicam_360p_16_9,degree,Full Lecture Transcript,How is the Bolzano–Weierstrass theorem employed in the lecture to establish that a continuous function on a closed interval is uniformly continuous? Summarize the argument that uses sequences and subsequences.,"The Bolzano–Weierstrass theorem guarantees that any bounded sequence has a convergent subsequence.  In the proof of uniform continuity above, the sequences \((x_n)\) and \((c_n)\) lie in the closed and bounded interval \([a,b]\); therefore each has a convergent subsequence.  By extracting a common subsequence that agrees for both \((x_n)\) and \((c_n)\), one obtains a pair of sequences converging to the same limit point.  This convergence, together with the continuity of \(f\) at that limit, yields the required contradiction.  Thus BW provides the compactness step that turns the pointwise failure of uniform continuity into a global contradiction.","In the lecture the Bolzano–Weierstrass theorem is used as the key compactness tool that lets us turn a “bad” sequence of points into a convergent one, and then use continuity to reach a contradiction.  The argument goes roughly as follows:

1. **Assume the contrary.**  
   Suppose \(f:[a,b]\to\mathbb R\) is continuous but **not** uniformly continuous.  
   By the negation of the definition of uniform continuity, there is an \(\varepsilon_{0}>0\) such that for every \(\delta>0\) we can find points \(x_{\delta},y_{\delta}\in[a,b]\) with  

   \[
   |x_{\delta}-y_{\delta}|<\delta \quad\text{but}\quad |f(x_{\delta})-f(y_{\delta})|\ge \varepsilon_{0}.
   \]

2. **Choose a sequence of \(\delta\)’s.**  
   Take \(\delta_{n}=1/n\).  For each \(n\) pick points \(x_{n},y_{n}\) satisfying the above inequalities with \(\delta=1/n\).  Thus  

   \[
   |x_{n}-y_{n}|<\frac1n,\qquad |f(x_{n})-f(y_{n})|\ge\varepsilon_{0}\quad\text{for all }n.
   \]

3. **Apply Bolzano–Weierstrass.**  
   The interval \([a,b]\) is closed and bounded, hence compact.  Therefore the sequence \((x_{n})\) has a convergent subsequence \((x_{n_k})\) that converges to some point \(x^{*}\in[a,b]\).  
   Because \(|x_{n_k}-y_{n_k}|<1/n_k\to0\), the corresponding subsequence \((y_{n_k})\) also converges to the same limit \(x^{*}\).

4. **Use continuity at the limit point.**  
   Continuity of \(f\) at \(x^{*}\) gives  

   \[
   f(x_{n_k})\to f(x^{*})\quad\text{and}\quad f(y_{n_k})\to f(x^{*}).
   \]

   Hence \(|f(x_{n_k})-f(y_{n_k})|\to0\).

5. **Contradiction.**  
   But by construction \(|f(x_{n_k})-f(y_{n_k})|\ge\varepsilon_{0}\) for every \(k\).  This is impossible, so our assumption that \(f\) is not uniformly continuous must be false.

Thus, by using the Bolzano–Weierstrass theorem to extract a convergent subsequence from the sequence of “bad” points, the lecture shows that a continuous function on a closed interval must in fact be uniformly continuous."
18100a-lecture-17-multicam_360p_16_9,limit,Full Lecture Transcript,"In the lecture, under what condition on a real number \(y\) does a continuous function \(f\) defined on \([a,b]\) guarantee the existence of a point \(c\in(a,b)\) such that \(f(c)=y\)?","The number \(y\) must lie strictly between \(f(a)\) and \(f(b)\); that is, either \(f(a)<y<f(b)\) or \(f(b)<y<f(a)\). Then there exists \(c\in(a,b)\) with \(f(c)=y\).","The theorem says that **any real number \(y\) that lies strictly between the endpoint values** \(f(a)\) and \(f(b)\) is attained.  
In other words, if  

\[
\min\{f(a),f(b)\}\;<\;y\;<\;\max\{f(a),f(b)\},
\]

then there exists a point \(c\in(a,b)\) with \(f(c)=y\)."
18100a-lecture-17-multicam_360p_16_9,limit,Full Lecture Transcript,"What did the discussion state about the image of a closed and bounded interval under a continuous function \(f:\,[a,b]\to\mathbb{R}\)?","The image is itself a closed and bounded interval. The absolute maximum of \(f\) is attained at one endpoint, and the absolute minimum at the other endpoint, so \(f([a,b])=[\,\min f,\max f\,]\).","The lecture notes say that if \(f:[a,b]\to\mathbb{R}\) is continuous, then the set of values it attains on the closed, bounded interval \([a,b]\) is itself a closed, bounded interval.  In fact, if  

\[
m=\min_{x\in[a,b]}f(x), \qquad M=\max_{x\in[a,b]}f(x),
\]

then  

\[
f([a,b])=[\,m,\;M\,].
\]

So the image of a closed and bounded interval under a continuous function is again a closed and bounded interval, determined by the absolute minimum and maximum of the function on that interval."
18100a-lecture-17-multicam_360p_16_9,limit,Full Lecture Transcript,How was the bisection method described as a consequence of the Intermediate Value Theorem when applied to odd polynomials?,"An odd polynomial satisfies \(f(-x)=-f(x)\); for sufficiently large \(M>0\) we have \(f(-M)<0<f(M)\). The Intermediate Value Theorem then guarantees a root in \((-M,M)\), which is precisely the bisection (root‑finding) method.","In the lecture the “bisection method” was presented as a very concrete way of using the **Bolzano Intermediate Value Theorem** to locate a real root of an odd‑degree polynomial.

1. **Odd polynomials change sign at infinity**  
   For any odd‑degree polynomial \(f(x)\) the leading term dominates for large \(|x|\).  
   * If the leading coefficient is positive, then  
     \[
     \lim_{x\to +\infty}f(x)=+\infty ,\qquad 
     \lim_{x\to -\infty}f(x)=-\infty .
     \]
   * If the leading coefficient is negative, the signs are reversed.  
   In either case, for a sufficiently large positive number \(M\) we have \(f(M)>0\) and for a sufficiently large negative number \(-M\) we have \(f(-M)<0\) (or vice‑versa).

2. **Apply the IVT**  
   Because \(f\) is continuous, the Intermediate Value Theorem guarantees that there is at least one \(c\in[-M,M]\) with \(f(c)=0\).  
   This is the “existence” part of the bisection method.

3. **Bisect the interval**  
   Once we know that a root lies between \(-M\) and \(M\), we can repeatedly halve the interval:  
   * Compute \(f\bigl(\tfrac{-M+M}{2}\bigr)\).  
   * If the sign of this value is the same as \(f(-M)\), replace the left endpoint by the midpoint; otherwise replace the right endpoint.  
   * Continue until the interval is as small as desired.

Thus, the lecture described the bisection method as a direct consequence of the Intermediate Value Theorem: for an odd polynomial we first find two points of opposite sign (guaranteed by the behaviour at \(\pm\infty\)), then use IVT to know a root lies between them, and finally bisect the interval to approximate that root."
18100a-lecture-17-multicam_360p_16_9,limit,Full Lecture Transcript,"According to the definitions given, what is the key difference between continuity at a point and uniform continuity on a set \(S\subseteq\mathbb{R}\)?",Continuity at a point \(c\) requires: for every \(\epsilon>0\) there exists a \(\delta>0\) (possibly depending on \(c\)) such that \(|x-c|<\delta\) implies \(|f(x)-f(c)|<\epsilon\). Uniform continuity on \(S\) requires a single \(\delta>0\) that works for all \(c\in S\) simultaneously for the given \(\epsilon\).,"**Key difference**

- **Continuity at a point \(c\in S\)**  
  For every \(\varepsilon>0\) there is a \(\delta>0\) (which may depend on both \(\varepsilon\) and the specific point \(c\)) such that  
  \[
  |x-c|<\delta \;\Longrightarrow\; |f(x)-f(c)|<\varepsilon
  \]
  for all \(x\in S\).

- **Uniform continuity on a set \(S\)**  
  For every \(\varepsilon>0\) there is a single \(\delta>0\) (depending only on \(\varepsilon\), **not** on any particular point of \(S\)) such that  
  \[
  |x-c|<\delta \;\Longrightarrow\; |f(x)-f(c)|<\varepsilon
  \]
  for all \(x,c\in S\).

So the essential difference is that in ordinary continuity the \(\delta\) can vary from point to point, whereas in uniform continuity one \(\delta\) works uniformly for all points in the domain."
18100a-lecture-17-multicam_360p_16_9,limit,Full Lecture Transcript,"In the proof that a continuous function on a closed interval is uniformly continuous, how do the Bolzano–Weierstrass theorem and subsequences contribute to the contradiction argument?","Assuming the function is not uniformly continuous yields, for some fixed \(\varepsilon>0\), a sequence of point pairs \((x_n,c_n)\) with \(|x_n-c_n|\to0\) but \(|f(x_n)-f(c_n)|\ge\varepsilon\). By Bolzano–Weierstrass, the bounded sequences \((x_n)\) and \((c_n)\) each have convergent subsequences; taking matching subsequences gives a limit point \(c\) where \(|f(x_n)-f(c_n)|\) should tend to \(0\) by continuity at \(c\), contradicting the fixed \(\varepsilon\).","In the contradiction proof we start by assuming that a continuous function  
\(f:[a,b]\to\mathbb R\) is **not** uniformly continuous.  
From the negation of the definition of uniform continuity we obtain

\[
\exists\,\varepsilon_{0}>0\;\forall\,\delta>0\;\exists\,x_{\delta},y_{\delta}\in[a,b]
\quad\text{with}\quad |x_{\delta}-y_{\delta}|<\delta
\text{ and }|f(x_{\delta})-f(y_{\delta})|\ge\varepsilon_{0}.
\]

---

### 1.  Build a sequence

Choose a specific sequence of \(\delta\)’s, e.g. \(\delta_{n}=1/n\).  
For each \(n\) pick points \(x_{n},y_{n}\) that satisfy the above
conditions.  
Thus we have two sequences \((x_{n})\) and \((y_{n})\) in the closed
interval \([a,b]\) with

\[
|x_{n}-y_{n}|<\frac1n\quad\text{and}\quad |f(x_{n})-f(y_{n})|\ge\varepsilon_{0}
\quad\text{for all }n.
\]

---

### 2.  Apply Bolzano–Weierstrass

Because \([a,b]\) is closed and bounded (hence compact), the
Bolzano–Weierstrass theorem guarantees that every bounded sequence has a
convergent subsequence.  
Apply it to the sequence \((x_{n})\); we obtain a subsequence
\((x_{n_k})\) that converges to some point \(c\in[a,b]\).

The same theorem applied to \((y_{n})\) gives a subsequence
\((y_{n_k})\) that also converges to a point \(d\in[a,b]\).
But since \(|x_{n_k}-y_{n_k}|<1/n_k\to0\), the two limits must coincide:
\(c=d\).

Thus we have a single subsequence \((x_{n_k})\) and \((y_{n_k})\) both
converging to the same point \(c\).

---

### 3.  Use continuity at the limit point

Because \(f\) is continuous at \(c\),

\[
\lim_{k\to\infty} f(x_{n_k}) = f(c) = \lim_{k\to\infty} f(y_{n_k}).
\]

Hence

\[
\lim_{k\to\infty} |f(x_{n_k})-f(y_{n_k})| = 0.
\]

But from the construction of the sequences we also have

\[
|f(x_{n_k})-f(y_{n_k})|\ge\varepsilon_{0}\quad\text{for all }k,
\]

which is impossible because a sequence bounded below by a positive
constant cannot converge to \(0\).

---

### 4.  Contradiction

The contradiction shows that our assumption that \(f\) is not uniformly
continuous must be false. Therefore a continuous function on a closed
interval is uniformly continuous.

**Summary:**  
The Bolzano–Weierstrass theorem supplies convergent subsequences of the
points \(x_n\) and \(y_n\). The fact that the subsequences converge to
the same limit point allows us to apply continuity of \(f\) at that
point, forcing the difference \(|f(x_{n_k})-f(y_{n_k})|\) to tend to
zero, contradicting the earlier lower bound \(\varepsilon_{0}\). This
contradiction completes the proof."
18100a-lecture-17-multicam_360p_16_9,curve,Full Lecture Transcript,"In the lecture, why was it concluded that any odd polynomial must have at least one real root?","Because an odd polynomial with leading coefficient \(>0\) satisfies \(\lim_{x\to\infty}f(x)=+\infty\) and \(\lim_{x\to-\infty}f(x)=-\infty\).  Thus the function takes values of opposite sign at the two ends of the real line.  By continuity on \(\mathbb{R}\), the Intermediate Value Theorem guarantees that there is some \(c\) with \(f(c)=0\); hence every odd polynomial has a real root.","Because a polynomial is continuous and its leading term dominates for large \(|x|\).  
For an odd‑degree polynomial \(f(x)=a_nx^n+\dots\) with \(a_n\neq0\),

* as \(x\to +\infty\), the term \(a_nx^n\) (with \(n\) odd) forces \(f(x)\to +\infty\) (if \(a_n>0\)) or \(f(x)\to -\infty\) (if \(a_n<0\));
* as \(x\to -\infty\), the same leading term forces \(f(x)\to -\infty\) (if \(a_n>0\)) or \(f(x)\to +\infty\) (if \(a_n<0\)).

Thus \(f(x)\) takes opposite signs at sufficiently large positive and negative values.  
Since \(f\) is continuous on \(\mathbb{R}\), the Bolzano Intermediate Value Theorem guarantees that there is some \(c\) between those two points where \(f(c)=0\).  

Hence every odd polynomial has at least one real root."
18100a-lecture-17-multicam_360p_16_9,curve,Full Lecture Transcript,"According to the discussion, what distinguishes a uniformly continuous function from a merely continuous function on a set?","A uniformly continuous function has an \(\varepsilon\)–\(\delta\) bound where the chosen \(\delta\) depends only on \(\varepsilon\), not on the particular point \(c\) in the domain.  For ordinary continuity, \(\delta\) may be required to depend on both \(\varepsilon\) and the point \(c\).","A uniformly continuous function is one for which the “ε–δ” condition can be satisfied with a single δ that works **everywhere** in the domain, independent of the particular point you are looking at.  
In contrast, a merely continuous function only guarantees that for each point \(c\) and each ε there is a δ that may depend on that point \(c\).  

So the key distinction is that uniform continuity requires a δ that works uniformly over the whole set, whereas ordinary continuity allows the δ to vary from point to point."
18100a-lecture-17-multicam_360p_16_9,curve,Full Lecture Transcript,"Based on the lecture, under what specific circumstances does a continuous function on a given interval also possess uniform continuity?","When the interval is closed and bounded (compact), every continuous function on that interval automatically becomes uniformly continuous.  The lecture proved this by showing the converse implication fails only when the domain is not compact.","A continuous function will automatically be uniformly continuous **only when its domain is a closed and bounded interval (i.e., a compact set)**.  
In that case, continuity on the interval implies uniform continuity, and vice‑versa.  (The lecture notes note that the sharpest statement is for compact sets, but for the purposes of the class the closed‑and‑bounded interval is the key condition.)"
18100a-lecture-17-multicam_360p_16_9,curve,Full Lecture Transcript,"In the proof that continuous on \([a,b]\) implies uniformly continuous, why is the Bolzano–Weierstrass theorem invoked?","The proof starts by assuming a counter‑example to uniform continuity, producing for each \(n\) two points \(x_n, c_n\) with \(|x_n-c_n|<1/n\) but \(|f(x_n)-f(c_n)|\ge\varepsilon_0\).  Since \(\{x_n\}\) and \(\{c_n\}\) lie in the compact interval \([a,b]\), the Bolzano–Weierstrass theorem gives convergent subsequences.  Taking limits and using continuity at the common limit leads to \(\varepsilon_0=0\), a contradiction.  Thus the assumption is false.","In the contradiction argument we assume that \(f\) is continuous on the closed interval \([a,b]\) but **not** uniformly continuous.  
From the negation of uniform continuity we obtain, for each \(n\in\mathbb N\), two points

\[
x_n,\;c_n\in[a,b]\qquad\text{with}\qquad |x_n-c_n|<\frac1n
\]

such that

\[
|f(x_n)-f(c_n)|\ge \varepsilon_0>0 .
\]

Thus we have two bounded sequences \((x_n)\) and \((c_n)\) lying in the compact set \([a,b]\).

The Bolzano–Weierstrass theorem is invoked to extract a convergent subsequence from one of these bounded sequences (say \((x_n)\)).  Because \([a,b]\) is closed and bounded, the limit of this subsequence lies again in \([a,b]\).  We then take the corresponding subsequence of \((c_n)\) (the indices are the same), so we have

\[
x_{n_k}\to c,\qquad c_{n_k}\to c \quad\text{with } c\in[a,b].
\]

Now continuity of \(f\) at the point \(c\) gives

\[
f(x_{n_k})\to f(c)\quad\text{and}\quad f(c_{n_k})\to f(c),
\]

hence \(|f(x_{n_k})-f(c_{n_k})|\to 0\), contradicting the fact that each term is \(\ge\varepsilon_0\).

So the Bolzano–Weierstrass theorem is used to guarantee the existence of a convergent subsequence of the points in \([a,b]\), allowing us to apply continuity at the limit point and reach the contradiction that proves \(f\) is uniformly continuous."
18100a-lecture-17-multicam_360p_16_9,curve,Full Lecture Transcript,"According to the lecture, how is the derivative of the monomial \(f(x)=\alpha x^n\) obtained, and what is its value at any point \(c\)?","Starting with \(f(x)=\alpha x^n\), one uses the factorisation \(x^n-c^n=(x-c)(x^{\,n-1}+x^{\,n-2}c+\dots +c^{\,n-1})\).  Dividing by \(x-c\) and taking the limit as \(x\to c\) gives the derivative \(f'(c)=\lim_{x\to c}\alpha\frac{x^n-c^n}{x-c}
   =\alpha\bigl(n\,c^{\,n-1}\bigr)\).  Thus for every \(c\in\mathbb{R}\), \(f'(c)=n\,\alpha\,c^{\,n-1}\).","**How the derivative is obtained**

The lecture uses the definition of the derivative as a limit:

\[
f'(c)=\lim_{x\to c}\frac{f(x)-f(c)}{x-c}
      =\lim_{x\to c}\frac{\alpha x^{\,n}-\alpha c^{\,n}}{x-c}.
\]

Factor the difference of powers:

\[
x^{\,n}-c^{\,n}=(x-c)\sum_{j=0}^{n-1}x^{\,n-1-j}c^{\,j}.
\]

Substituting this into the fraction gives

\[
\frac{\alpha x^{\,n}-\alpha c^{\,n}}{x-c}
   =\alpha\sum_{j=0}^{n-1}x^{\,n-1-j}c^{\,j}.
\]

Now the right‑hand side is a polynomial in \(x\), hence continuous.  
Taking the limit \(x\to c\) simply replaces \(x\) by \(c\):

\[
f'(c)=\alpha\sum_{j=0}^{n-1}c^{\,n-1-j}c^{\,j}
      =\alpha\sum_{j=0}^{n-1}c^{\,n-1}
      =\alpha\,n\,c^{\,n-1}.
\]

**Value of the derivative at any point \(c\)**

\[
\boxed{\,f'(c)=n\,\alpha\,c^{\,n-1}\,}
\]

Thus the derivative of the monomial \(f(x)=\alpha x^n\) is \(n\alpha x^{\,n-1}\), and at any point \(c\) it equals \(n\alpha c^{\,n-1}\)."
18100a-lecture-17-multicam_360p_16_9,another closed and bounded interval,Full Lecture Transcript,"In the lecture, how does the image of a closed and bounded interval under a continuous function guarantee that the function attains its absolute maximum and minimum within that interval?",The lecture notes explain that the image of a closed and bounded interval under a continuous function is again a closed and bounded interval. This closedness ensures that the function must achieve its least upper bound and greatest lower bound on that interval; thus there exist points \(x\) and \(y\) in the domain where \(f(x)\) is the absolute maximum and \(f(y)\) is the absolute minimum.,"In the lecture it was shown that if a function \(f\) is continuous on a closed and bounded interval \([a,b]\), then the set of values it takes on that interval,

\[
f([a,b])=\{\,f(x)\mid x\in[a,b]\,\},
\]

is itself a closed and bounded interval.  In other words there exist real numbers \(m\) and \(M\) such that

\[
f([a,b])=[\,m,M\,].
\]

Because the image interval is **closed**, its endpoints \(m\) and \(M\) belong to the image.  That means there are points \(c,d\in[a,b]\) with

\[
f(c)=M \quad\text{and}\quad f(d)=m .
\]

Thus the continuous function attains its largest value \(M\) and its smallest value \(m\) somewhere inside the interval \([a,b]\).  In short, the closedness of the image guarantees that the extreme values are actually achieved, giving the absolute maximum and minimum of the function on that interval."
18100a-lecture-17-multicam_360p_16_9,another closed and bounded interval,Full Lecture Transcript,What is the exact form of the negation of the definition of uniform continuity that is used in the proof that every continuous function on a closed interval is uniformly continuous?,"The negation states that there exists a number \(\varepsilon_0>0\) such that for every \(\delta>0\) one can find points \(x_\delta,\,c_\delta\) in the domain with \(|x_\delta-c_\delta|<\delta\) but \(|f(x_\delta)-f(c_\delta)|\ge \varepsilon_0\).","The negation of the definition of uniform continuity that is used in the proof is:

\[
\exists\,\varepsilon_{0}>0\;\;\forall\,\delta>0\;\;\exists\,x,c\in[a,b]\quad\text{such that}\quad |x-c|<\delta\ \text{and}\ |f(x)-f(c)|\ge \varepsilon_{0}\,.
\]

In words: there is a positive number \(\varepsilon_{0}\) for which no single \(\delta\) works for all pairs of points in \([a,b]\); for every \(\delta>0\) we can find two points \(x\) and \(c\) within \(\delta\) of each other whose function values differ by at least \(\varepsilon_{0}\). This is the exact form of the negation used in the contradiction argument that a continuous function on a closed interval is uniformly continuous."
18100a-lecture-17-multicam_360p_16_9,another closed and bounded interval,Full Lecture Transcript,"Why does the function \(f(x)=\frac{1}{x}\) defined on the interval \((0,1)\) fail to be uniformly continuous while remaining continuous?","Because as \(x\) approaches \(0\) from the right, \(\frac{1}{x}\) grows without bound. For any fixed \(\delta>0\) one can choose two points \(x\) and \(c\) that are very close (less than \(\delta\) apart) but with \(f(x)\) and \(f(c)\) differing by more than any prescribed \(\varepsilon>0\). Thus no single \(\delta\) works for all points, violating uniform continuity.","**Why \(f(x)=\dfrac{1}{x}\) on \((0,1)\) is continuous but not uniformly continuous**

*Continuity at every point*  
For any fixed \(c\in(0,1)\) we can make \(|x-c|\) small enough so that  
\[
\bigl|f(x)-f(c)\bigr|=\Bigl|\frac{1}{x}-\frac{1}{c}\Bigr|
\]
is as small as we wish.  This is exactly the usual \(\varepsilon\)–\(\delta\) definition of continuity, and it works for each \(c\) separately.  Hence \(f\) is continuous on \((0,1)\).

*Failure of uniform continuity*  
Uniform continuity would require that **one** \(\delta>0\) works for **every** pair of points in the interval whenever the distance between the points is less than \(\delta\).  
The lecture shows that this is impossible for \(1/x\) because the function changes very rapidly near \(0\).

Take any \(\delta>0\).  
Choose two points that are within \(\delta\) of each other but very close to \(0\), for example  

\[
x=\frac{\delta}{2}, \qquad y=\frac{\delta}{4}.
\]

Then \(|x-y|=\frac{\delta}{4}<\delta\), but

\[
\bigl|f(x)-f(y)\bigr|
= \left|\frac{1}{\delta/2}-\frac{1}{\delta/4}\right|
= \left| \frac{2}{\delta}-\frac{4}{\delta}\right|
= \frac{2}{\delta}.
\]

If we pick \(\varepsilon=1\), the above difference is larger than \(1\) whenever \(\delta<2\).  
Thus for this \(\varepsilon\) no matter how small we choose \(\delta\), we can always find two points within \(\delta\) whose function values differ by more than \(\varepsilon\).

Because such a \(\delta\) cannot be found for the chosen \(\varepsilon\), the function fails the uniform‑continuity condition.  

So, \(f(x)=1/x\) is continuous on \((0,1)\) (each point behaves nicely), but it is **not** uniformly continuous because the behavior near \(0\) forces arbitrarily large changes in the function value for arbitrarily small changes in \(x\)."
18100a-lecture-17-multicam_360p_16_9,another closed and bounded interval,Full Lecture Transcript,"During the proof that continuity on a closed and bounded interval implies uniform continuity, how is the Bolzano–Weierstrass theorem employed?","The theorem is used to extract convergent subsequences from the sequences \(\{x_n\}\) and \(\{c_n\}\) (both contained in the closed interval). Their limits are shown to coincide, contradicting the assumption that \(|f(x_n)-f(c_n)|\) stays above a fixed \(\varepsilon_0\). This contradiction establishes uniform continuity.","In the contradiction argument we assume that \(f\) is continuous on \([a,b]\) but **not** uniformly continuous.  
From the negation of uniform continuity we obtain, for each \(n\in\mathbb N\), two points  

\[
x_n,\;c_n\in[a,b]\qquad\text{with}\qquad |x_n-c_n|<\tfrac1n\quad\text{and}\quad |f(x_n)-f(c_n)|\ge\varepsilon_0 .
\]

Thus we have two sequences \((x_n)\) and \((c_n)\) that lie entirely in the closed, bounded interval \([a,b]\).

Because \([a,b]\) is compact, the **Bolzano–Weierstrass theorem** guarantees that every bounded sequence in \([a,b]\) has a convergent subsequence.  
Applying it to the sequence \((c_n)\) (and simultaneously to the corresponding \((x_n)\) that were chosen with it) we obtain a subsequence \((c_{n_k})\) that converges to some point \(c\in[a,b]\).  
The associated subsequence \((x_{n_k})\) also converges to the same limit \(c\) (since \(|x_{n_k}-c_{n_k}|\to0\)).

Now, by continuity of \(f\) at the point \(c\),

\[
f(x_{n_k})\longrightarrow f(c)\quad\text{and}\quad f(c_{n_k})\longrightarrow f(c),
\]

so the difference \(|f(x_{n_k})-f(c_{n_k})|\) must tend to \(0\).  
This contradicts the fact that \(|f(x_{n_k})-f(c_{n_k})|\ge\varepsilon_0\) for all \(k\).

Hence the assumption that \(f\) is not uniformly continuous is false, proving that continuity on a closed and bounded interval implies uniform continuity.

**In short:** Bolzano–Weierstrass is used to extract a convergent subsequence of the points \(c_n\) (and the corresponding \(x_n\)) from the closed interval, providing a limit point at which continuity can be applied to reach a contradiction."
18100a-lecture-17-multicam_360p_16_9,another closed and bounded interval,Full Lecture Transcript,"What is the precise equivalence statement between continuity and uniform continuity for functions defined on a closed, bounded interval as described in the lecture?","For a function \(f:[a,b]\to\mathbb{R}\) the statement is: \(f\) is continuous on \([a,b]\) if and only if \(f\) is uniformly continuous on \([a,b]\).","**Equivalence statement (as given in the lecture)**  

Let \(f:[a,b]\to\mathbb{R}\) be a function defined on a closed and bounded interval \([a,b]\).  
Then

\[
\boxed{\;f\text{ is continuous on }[a,b]\;\Longleftrightarrow\;f\text{ is uniformly continuous on }[a,b].\;}
\]

In other words, for functions whose domain is a closed, bounded interval, continuity at every point and uniform continuity are equivalent properties."
18100a-lecture-17-multicam_360p_16_9,subsequence,Full Lecture Transcript,"In the discussion of the Intermediate Value Theorem, when a continuous function \(f\) is defined on a closed interval \([a,b]\) and a value \(y\) lies strictly between \(f(a)\) and \(f(b)\), what does the theorem guarantee about \(y\)?","There exists at least one point \(c\) in the interval, \(c\in(a,b)\) (or \([a,b]\)), such that \(f(c)=y\).","The Intermediate Value Theorem guarantees that there is at least one point \(c\) in the interval \([a,b]\) (indeed in the open interval \((a,b)\)) such that  

\[
f(c)=y .
\]"
18100a-lecture-17-multicam_360p_16_9,subsequence,Full Lecture Transcript,The lecture mentioned that the image of a closed and bounded interval under a continuous function is again a closed bounded interval. What are the two extreme values that form the endpoints of this image interval? ,"The maximum value \(e=\max_{x\in[a,b]}f(x)\) and the minimum value \(d=\min_{x\in[a,b]}f(x)\); thus the image is the closed interval \([d,e]\).","The two endpoints of the image interval are the **absolute maximum** and **absolute minimum** of the continuous function on the closed, bounded domain. In other words, if \(f:[a,b]\to\mathbb{R}\) is continuous, then  

\[
\min_{x\in[a,b]} f(x)\quad\text{and}\quad \max_{x\in[a,b]} f(x)
\]

are the two extreme values that form the left‑hand and right‑hand endpoints of the interval \(f([a,b])\)."
18100a-lecture-17-multicam_360p_16_9,subsequence,Full Lecture Transcript,A modified version of the epsilon–delta definition was introduced to capture uniform continuity. How does this new definition change the role of \(\delta\) compared to ordinary continuity?,"In uniform continuity, for each \(\varepsilon>0\) one must find a single \(\delta>0\) that works for **all** points \(c\) in the domain; \(\delta\) no longer depends on the particular point.","In ordinary continuity the δ that you pick is allowed to depend on the particular point \(c\) you are looking at.  
For each \(c\in S\) and each \(\varepsilon>0\) you must find a δ that may be different for each \(c\).

In the uniform‑continuity version the δ is **chosen only as a function of ε**.  
Once you fix an ε, you pick a single δ that works for **every** pair of points \(x,c\in S\) with \(|x-c|<\delta\).  
Thus the role of δ changes from “point‑dependent” to “uniform across the whole domain.”"
18100a-lecture-17-multicam_360p_16_9,subsequence,Full Lecture Transcript,"The function \(f(x)=\frac{1}{x}\) on the open interval \((0,1)\) was cited as an example that is continuous but not uniformly continuous. According to the lecture, why does this function fail to be uniformly continuous on \((0,1)\)?","As \(x\) approaches \(0^+\), \(f(x)\) becomes arbitrarily large. For any chosen \(\delta>0\) we can pick two points \(x\) and \(c\) within \(\delta\) of each other but both very close to \(0\) so that \(|f(x)-f(c)|\) exceeds any prescribed \(\varepsilon>0\); thus the uniform \(\varepsilon\)–\(\delta\) condition cannot be satisfied.","Because the “bad” behaviour of \(f(x)=1/x\) occurs near the left‑hand end of the interval, the lecture shows that the function cannot satisfy the uniform‑continuity condition on \((0,1)\).

Uniform continuity would require that for every \(\varepsilon>0\) there is a single \(\delta>0\) such that  
\[
|x-y|<\delta \;\Longrightarrow\; |f(x)-f(y)|<\varepsilon
\]
for **all** \(x,y\in(0,1)\).

The lecture points out that as \(x\) approaches \(0\), \(f(x)=1/x\) shoots off to \(+\infty\).  
Thus, no matter how small a \(\delta\) you choose, you can pick two points \(x\) and \(y\) that are within \(\delta\) of each other and are both very close to \(0\). For such points the difference \(|1/x-1/y|\) can be made arbitrarily large—certainly larger than any fixed \(\varepsilon\) (the lecture even uses \(\varepsilon=2\) as an example).

Hence the function fails to be uniformly continuous on \((0,1)\) because near \(0\) arbitrarily small changes in the input produce arbitrarily large changes in the output, violating the uniform‑continuity requirement."
18100a-lecture-17-multicam_360p_16_9,subsequence,Full Lecture Transcript,"A key theorem connects continuity and uniform continuity on closed intervals. According to the lecture, under what condition on the domain does continuity become equivalent to uniform continuity?","When the domain is a closed and bounded (compact) interval \([a,b]\) – or more generally any compact set – continuity of \(f\) on that domain is equivalent to uniform continuity.","Continuity and uniform continuity coincide **whenever the domain is a closed and bounded interval** (i.e., a compact set). In that case a function is continuous on the interval if and only if it is uniformly continuous on it."
18100a-lecture-18-multicam_360p_16_9,absolute value,Full Lecture Transcript,"According to the lecture, how is the derivative of a function \(f\) at a point \(c\) defined using a limit?",It is defined as \\(f'(c)=\\displaystyle\\lim_{x\\to c}\\frac{f(x)-f(c)}{x-c}\\) provided this limit exists.,"The derivative of \(f\) at the point \(c\) is defined as the limit of the difference quotient:

\[
f'(c)\;=\;\lim_{x\to c}\frac{f(x)-f(c)}{\,x-c\,},
\]

provided that this limit exists."
18100a-lecture-18-multicam_360p_16_9,absolute value,Full Lecture Transcript,What immediate consequence does the lecture state that follows if a function is differentiable at a point? Provide the logical implication.,"If \\(f\\) is differentiable at \\(c\\), then \\(f\\) is continuous at \\(c\\).","The lecture states the following immediate consequence:

**Logical implication**

\[
\text{If } f \text{ is differentiable at } c,\; \text{then } f \text{ is continuous at } c.
\]"
18100a-lecture-18-multicam_360p_16_9,absolute value,Full Lecture Transcript,"Which specific function is cited as a counterexample that is continuous everywhere but not differentiable at \(c=0\), and what sequence is used to show the failure of differentiability?","The function is \\(f(x)=|x|\\).  The sequence \\(x_n=(-1)^n/n\\) with \\(x_n\neq0\\) and \\(x_n\\to0\\) is used; the difference quotient equals \\(\\pm1\\), so the limit does not exist.","The lecture points to the classic example  

\[
f(x)=|x|
\]

as a function that is continuous everywhere but fails to be differentiable at \(c=0\).

To show the failure of differentiability at \(0\) the lecturer uses a sequence that approaches \(0\) while alternating in sign, for instance  

\[
x_n=\frac{(-1)^n}{\,n\,}\qquad(n=1,2,3,\dots)
\]

For this sequence the difference quotient  

\[
\frac{f(x_n)-f(0)}{x_n-0}=\frac{|x_n|}{x_n}=\operatorname{sgn}(x_n)=(-1)^n
\]

does not converge (it oscillates between \(-1\) and \(+1\)).  Hence \(f\) is not differentiable at \(c=0\)."
18100a-lecture-18-multicam_360p_16_9,absolute value,Full Lecture Transcript,"In proving that the Weierstrass function \(f(x)=\displaystyle\sum_{k=0}^{\infty}\frac{\cos(160^k x)}{4^k}\) is continuous, what main property of the series is used first, and how is the bound \(4/3\) obtained?","One first shows absolute convergence by observing \\(|\\cos(160^k x)/4^k|\\le1/4^k\\).  Summing the geometric series gives \\(\sum_{k=0}^{\\infty}\\frac1{4^k}=\\frac{4}{3}\\), so every partial sum is bounded by \\(4/3\\).","**Main property used first:**  
The lecture begins by noting that each term of the series is bounded by the corresponding term of a geometric series.  
Because \(|\cos(160^k x)|\le 1\) for every \(x\), we have  

\[
\left|\frac{\cos(160^k x)}{4^k}\right|\le \frac{1}{4^k}\qquad(k=0,1,2,\dots).
\]

This comparison shows that the series is **absolutely convergent** (hence the partial sums form a Cauchy sequence and the function is well‑defined).

**How the bound \(4/3\) is obtained:**  
Using the inequality above, the absolute value of the whole series is bounded by the sum of the geometric series:

\[
\left|\sum_{k=0}^{\infty}\frac{\cos(160^k x)}{4^k}\right|
\le \sum_{k=0}^{\infty}\frac{1}{4^k}
= \frac{1}{1-\frac14}
= \frac{4}{3}.
\]

Thus the function \(f(x)\) is bounded by \(4/3\) for all \(x\). This bound is the first step in proving continuity."
18100a-lecture-18-multicam_360p_16_9,absolute value,Full Lecture Transcript,"In the lecture, a specific inequality involving three real numbers \(A,B,C\) is mentioned. State this inequality and explain how it is used in the proof of continuity of the Weierstrass function.","The inequality is \\(|A+B+C|\\ge |A|-|B|-|C|\\).  In the continuity proof it is applied to the difference of partial sums of the series, allowing an estimate of the tail of the series in terms of the first few terms, which guarantees that the sequence of partial sums can be made arbitrarily close and thus the function is continuous.","**The inequality**

For any real numbers \(A,B,C\)

\[
\boxed{\;|A+B+C|\;\ge\;|A|\;-\;|B|\;-\;|C|\;}
\]

(Equivalently, \(|A+B+C|\ge |A|-|B|-|C|\).)  
It is proved in the lecture by applying the triangle inequality twice.

---

**How it is used in the continuity proof of the Weierstrass function**

The Weierstrass function is

\[
f(x)=\sum_{k=0}^{\infty}a^{\,k}\cos(b^{\,k}x),\qquad 0<a<1,\;b\in\mathbb N,\;ab>1+3\pi/2 .
\]

To show that \(f\) is continuous at every \(c\in\mathbb R\) we estimate

\[
|f(x)-f(c)|=\Bigl|\sum_{k=0}^{\infty}a^{\,k}\bigl(\cos(b^{\,k}x)-\cos(b^{\,k}c)\bigr)\Bigr|.
\]

We split the infinite sum into a finite part and a tail:

\[
|f(x)-f(c)|
\le
\Bigl|\sum_{k=0}^{N}a^{\,k}\bigl(\cos(b^{\,k}x)-\cos(b^{\,k}c)\bigr)\Bigr|
+
\Bigl|\sum_{k=N+1}^{\infty}a^{\,k}\bigl(\cos(b^{\,k}x)-\cos(b^{\,k}c)\bigr)\Bigr|.
\]

For the **tail** we use the inequality above with  
\(A=\sum_{k=N+1}^{\infty}a^{\,k}\cos(b^{\,k}x)\),  
\(B=-\sum_{k=N+1}^{\infty}a^{\,k}\cos(b^{\,k}c)\), and \(C=0\).  
Then

\[
\Bigl|\sum_{k=N+1}^{\infty}a^{\,k}\bigl(\cos(b^{\,k}x)-\cos(b^{\,k}c)\bigr)\Bigr|
\le
\sum_{k=N+1}^{\infty}|a|^{\,k}\,|\cos(b^{\,k}x)-\cos(b^{\,k}c)|
\le
2\sum_{k=N+1}^{\infty}|a|^{\,k},
\]

because \(|\cos(\theta)-\cos(\phi)|\le 2\).  
Since \(\sum_{k=0}^{\infty}|a|^{\,k}\) converges, the tail can be made
arbitrarily small by choosing \(N\) large enough.

For the **finite part** the sum contains only finitely many continuous
functions \(\cos(b^{\,k}x)\); hence it is uniformly continuous.  Thus, for
any \(\varepsilon>0\) we can choose \(\delta>0\) so that
\(|x-c|<\delta\) implies the finite part is \(<\varepsilon/2\).

Combining the two estimates, we obtain \(|f(x)-f(c)|<\varepsilon\) whenever
\(|x-c|<\delta\).  Therefore \(f\) is continuous at every point \(c\).

The inequality \(|A+B+C|\ge |A|-|B|-|C|\) is the key tool that allows us to
control the tail of the series by the sum of absolute values, which is
essential for proving the uniform convergence that guarantees continuity."
18100a-lecture-18-multicam_360p_16_9,cosine,Full Lecture Transcript,"According to the lecture, how is the derivative of a function \(F:I\to\mathbb{R}\) defined at a point \(c\in I\)? What limit expression is required to exist, and how is the derivative denoted?","The derivative of \(F\) at a point \(c\) is defined by the limit\n\[
F'(c)=\lim_{x\to c}\frac{F(x)-F(c)}{\,x-c\,},
\]\nprovided this limit exists. In that case one writes \(F'(c)=L\).","**Answer**

In the lecture the derivative of a function \(F:I\to\mathbb{R}\) at a point \(c\in I\) is defined by the existence of the following limit:

\[
\lim_{x\to c}\frac{F(x)-F(c)}{\,x-c\,}.
\]

If this limit exists, it is called the derivative of \(F\) at \(c\) and is denoted by  

\[
F'(c).
\]"
18100a-lecture-18-multicam_360p_16_9,cosine,Full Lecture Transcript,"In the same lecture the definition of the derivative is reformulated using sequences. State this equivalent characterization: for a given limit \(L\), what condition must hold for every sequence \(\{x_n\}\subset I\) with \(x_n\neq c\) and \(x_n\to c\)?","The equivalent sequence characterization is: for a given number \(L\), \(F'(c)=L\) iff for every sequence \(\{x_n\}\subset I\) with \(x_n\neq c\) for all \(n\) and \(x_n\to c\) we have\n\[
\lim_{n\to\infty}\frac{F(x_n)-F(c)}{x_n-c}=L.
\]","For a given number \(L\) to be the derivative of \(f\) at \(c\) it is necessary and sufficient that  

\[
\forall\{x_n\}\subset I\quad\bigl(x_n\neq c\ \text{for all }n\ \text{and}\ x_n\to c\bigr)\;:\;
\lim_{n\to\infty}\frac{f(x_n)-f(c)}{\,x_n-c\,}=L .
\]

In other words, every sequence in the domain that approaches \(c\) (but never equals \(c\)) must make the difference quotient converge to the same limit \(L\)."
18100a-lecture-18-multicam_360p_16_9,cosine,Full Lecture Transcript,"The lecturer proves that differentiability at a point implies continuity at that point. What is the key limit decomposition used in this proof, and which properties of limits are invoked to justify that the limit of \(f(x)\) as \(x\to c\) equals \(f(c)\)?","The proof writes\n\[
\lim_{x\to c}F(x)=\lim_{x\to c}\Bigl[\frac{F(x)-F(c)}{x-c}\cdot(x-c)+F(c)\Bigr].
\]\nSince \(x\to c\) implies \(\frac{F(x)-F(c)}{x-c}\to F'(c)\) and \(x-c\to0\), the product tends to \(F'(c)\cdot0=0\).  Adding the constant \(F(c)\) gives \(\lim_{x\to c}F(x)=F(c)\).  The argument uses the limit laws for sums, products, and constants.","**Key limit decomposition**

The lecturer rewrites the function near the point \(c\) as  

\[
f(x)=f(c)+\frac{f(x)-f(c)}{x-c}\,(x-c),
\]

i.e.  

\[
f(x)=f(c)+\Bigl(\frac{f(x)-f(c)}{x-c}\Bigr)(x-c).
\]

This is the “add‑and‑subtract \(f(c)\)” trick followed by multiplying and dividing by \(x-c\).

**Properties of limits that are used**

1. **Limit of a constant** – \(\displaystyle \lim_{x\to c}f(c)=f(c)\).  
2. **Limit of a sum** – if \(\lim g(x)\) and \(\lim h(x)\) exist, then  
   \(\displaystyle \lim[g(x)+h(x)]=\lim g(x)+\lim h(x)\).  
3. **Limit of a product** – if \(\lim g(x)\) and \(\lim h(x)\) exist, then  
   \(\displaystyle \lim[g(x)h(x)]=(\lim g(x))(\lim h(x))\).  
4. **Limit of \(x-c\)** – \(\displaystyle \lim_{x\to c}(x-c)=0\).  
5. **Existence of the derivative** – because \(f\) is differentiable at \(c\),  
   \(\displaystyle \lim_{x\to c}\frac{f(x)-f(c)}{x-c}=f'(c)\) exists.

Applying these, we get

\[
\lim_{x\to c}f(x)=\lim_{x\to c}\Bigl[f(c)+\frac{f(x)-f(c)}{x-c}(x-c)\Bigr]
= f(c)+f'(c)\cdot 0 = f(c).
\]

Thus the limit of \(f(x)\) as \(x\to c\) equals \(f(c)\), proving that differentiability at \(c\) implies continuity at \(c\)."
18100a-lecture-18-multicam_360p_16_9,cosine,Full Lecture Transcript,"A counterexample to the converse statement (continuity does not imply differentiability) is given. What function is used, at which point is it considered, and what sequence is constructed to show the difference quotient has no limit?","The counterexample is \(f(x)=|x|\), considered at the point \(c=0\).  A convenient sequence is \(x_n=(-1)^n/n\) (any sequence alternating in sign and approaching \(0\) works).  For this sequence the difference quotient equals \(\frac{|x_n|-|0|}{x_n-0}=\frac{|x_n|}{x_n}=\pm1\), which oscillates and has no limit, proving that \(f\) is not differentiable at \(0\).","**Function:** \(f(x)=|x|\)  
**Point of interest:** \(c=0\)  
**Sequence used to test the difference quotient:**  
\[
x_n=\frac{(-1)^n}{\,n\,}\qquad(n=1,2,3,\dots)
\]
This sequence satisfies \(x_n\neq0\) for all \(n\) and \(x_n\to0\).  
When the difference quotient \(\dfrac{f(x_n)-f(0)}{x_n-0}\) is evaluated, it equals \((-1)^n\), which oscillates and has no limit. Thus the limit defining the derivative at \(0\) does not exist, showing that continuity at \(0\) does **not** imply differentiability there."
18100a-lecture-18-multicam_360p_16_9,cosine,Full Lecture Transcript,"For the Weierstrass function \(f(x)=\displaystyle\sum_{k=0}^{\infty}\frac{\cos(160^k x)}{4^k}\), the lecturer shows that it is bounded. State the inequality that bounds the absolute value of each term, sum over \(k\), and give the resulting upper bound for \(|f(x)|\).","Each term satisfies \(\left|\frac{\cos(160^k x)}{4^k}\right|\le\frac{1}{4^k}\) because \(|\cos(\theta)|\le1\).  Hence\n\[
|f(x)|\le\sum_{k=0}^{\infty}\frac{1}{4^k}=\frac{1}{1-1/4}=\frac{4}{3}\,.
\]  Thus \(|f(x)|<\frac{4}{3}\) for every real \(x\).","For every \(k\ge 0\)

\[
\left|\frac{\cos(160^{k}x)}{4^{k}}\right|\le \frac{1}{4^{k}}
\]

because \(|\cos(\theta)|\le 1\) for all \(\theta\).  
Summing these bounds gives

\[
\sum_{k=0}^{\infty}\left|\frac{\cos(160^{k}x)}{4^{k}}\right|
\;\le\;
\sum_{k=0}^{\infty}\frac{1}{4^{k}}
= \frac{1}{1-\frac14}
= \frac{4}{3}.
\]

Hence the Weierstrass function satisfies

\[
|f(x)| \le \frac{4}{3}\qquad\text{for all }x\in\mathbb{R}.
\]"
18100a-lecture-18-multicam_360p_16_9,limit,Full Lecture Transcript,What is the definition of differentiability of a real‑valued function \(f\) at a point \(c\) in an interval \(I\) as it was introduced in the lecture?,"A function \(f:I\to\mathbb{R}\) is differentiable at a point \(c\in I\) if the limit\n\[\lim_{x\to c}\frac{f(x)-f(c)}{x-c}\]\nexists; this limit, when it exists, is denoted \(f'(c)\).","**Definition (as given in the lecture).**  
Let \(I\subset\mathbb{R}\) be an interval and let \(f:I\to\mathbb{R}\).  
We say that \(f\) is **differentiable at a point \(c\in I\)** if the limit  

\[
\lim_{x\to c}\frac{f(x)-f(c)}{\,x-c\,}
\]

exists (as a real number).  
When this limit exists we denote it by \(f'(c)\)."
18100a-lecture-18-multicam_360p_16_9,limit,Full Lecture Transcript,"According to the lecture, how can differentiability at a point \(c\) be characterized using sequences?","A function \(f\) is differentiable at \(c\) with derivative \(L\) iff for every sequence \((x_n)\) that converges to \(c\) and satisfies \(x_n\neq c\) for all \(n\), we have\n\[\lim_{n\to\infty}\frac{f(x_n)-f(c)}{x_n-c}=L.\]","According to the lecture, a function \(f\) is differentiable at a point \(c\) with derivative \(L\) **iff** for **every** sequence \((x_n)\) such that  

* \(x_n \neq c\) for all \(n\), and  
* \(x_n \to c\) as \(n\to\infty\),

the sequence of difference quotients  

\[
\frac{f(x_n)-f(c)}{x_n-c}
\]

converges to \(L\) as \(n\to\infty\). In other words, the limit of the difference quotient along any sequence approaching \(c\) (but never equal to \(c\)) must equal the derivative \(L\)."
18100a-lecture-18-multicam_360p_16_9,limit,Full Lecture Transcript,"Which logical step was used in the lecture to prove that if a function is differentiable at a point \(c\), then it must be continuous at \(c\)?","The proof rewrote \(\displaystyle\lim_{x\to c}f(x)\) as \(\displaystyle\lim_{x\to c}f(c)+\frac{f(x)-f(c)}{x-c}(x-c)\) and used the fact that \((x-c)\to0\) while the quotient tends to \(f'(c)\); the product thus tends to zero, yielding \(\lim_{x\to c}f(x)=f(c)\).","The proof uses the **limit‑laws**.  
It rewrites  

\[
f(x)=f(c)+\bigl(f(x)-f(c)\bigr)
      =f(c)+\frac{f(x)-f(c)}{x-c}\,(x-c)
\]

and then takes the limit as \(x\to c\).  
Because  

* \(\displaystyle\lim_{x\to c}\frac{f(x)-f(c)}{x-c}=f'(c)\) (by differentiability),  
* \(\displaystyle\lim_{x\to c}(x-c)=0\), and  
* the limit of a constant is the constant,

the limit of the product is the product of the limits, and the limit of the sum is the sum of the limits.  
Thus  

\[
\lim_{x\to c}f(x)=f(c)+f'(c)\cdot0=f(c),
\]

showing that \(f\) is continuous at \(c\).  This application of the limit laws is the logical step that proves differentiability implies continuity."
18100a-lecture-18-multicam_360p_16_9,limit,Full Lecture Transcript,Which concrete function was given as a counterexample to show that continuity does not imply differentiability at a point?,"The lecture mentioned \(f(x)=|x|\), which is continuous at every point—including \(c=0\)—but is not differentiable at \(c=0\).","The counterexample given was the **absolute‑value function**  
\[
f(x)=|x|.
\]"
18100a-lecture-18-multicam_360p_16_9,limit,Full Lecture Transcript,What is the main idea behind the construction of the Weierstrass function that is continuous everywhere but nowhere differentiable?,"The Weierstrass function is built as an infinite sum of highly oscillatory cosine terms with rapidly decreasing amplitudes; the oscillations persist at arbitrarily small scales, preventing the existence of a tangent (derivative) at any point, thus giving a function that is continuous everywhere but differentiable nowhere.","The key idea is to build the function as an infinite sum of “tiny wiggles’’ that get finer and finer.  
In practice one takes a series of cosine terms whose frequencies grow very rapidly (e.g. \( \cos(160^k x)\)) while the amplitudes shrink fast enough (e.g. \(1/4^k\)) so that the series converges absolutely and hence defines a continuous function.  

Because each term oscillates on a very small interval and the oscillations occur at every scale, the resulting function keeps oscillating no matter how close you look. This persistent, ever‑finer oscillation prevents the existence of a tangent line at any point, so the function is nowhere differentiable."
18100a-lecture-18-multicam_360p_16_9,implication,Full Lecture Transcript,"In the lecture, how is the derivative \(f'(c)\) of a function \(f\colon I\to\mathbb{R}\) at a point \(c\in I\) defined in terms of a limit?","The derivative is defined by the limit\n\\[
f'(c)=\\lim_{x\\to c}\\frac{f(x)-f(c)}{x-c},
\\] provided this limit exists.","In the lecture the derivative of \(f\) at a point \(c\in I\) is defined by the limit of the difference quotient:

\[
f'(c)\;=\;\lim_{x\to c}\frac{f(x)-f(c)}{\,x-c\,},
\]

provided this limit exists. If it exists, we say that \(f\) is differentiable at \(c\) and the value of the limit is denoted \(f'(c)\)."
18100a-lecture-18-multicam_360p_16_9,implication,Full Lecture Transcript,"According to the discussion, what is the equivalent sequence characterization that a function \(f\) is differentiable at \(c\) with derivative \(L\)?","It states that \(f\) is differentiable at \(c\) with derivative \(L\) iff\n\\[
\\forall\\,(x_n)_{n\\in\\mathbb{N}},\\;x_n\\neq c\\ \\forall n,\\ x_n\\to c\\implies \\lim_{n\\to\\infty}\\frac{f(x_n)-f(c)}{x_n-c}=L.
\\]","**Sequence characterization of differentiability**

A function \(f\) is differentiable at the point \(c\) with derivative \(L\) **iff** for **every** sequence \((x_n)\) such that  

* \(x_n\neq c\) for all \(n\), and  
* \(x_n\to c\) as \(n\to\infty\),

the difference‑quotient sequence  

\[
\frac{f(x_n)-f(c)}{\,x_n-c\,}
\]

converges to \(L\) as \(n\to\infty\). In symbols,

\[
f\text{ differentiable at }c\text{ with }f'(c)=L
\;\Longleftrightarrow\;
\forall (x_n)\subset\mathbb{R}\setminus\{c\},\;x_n\to c
\;\Rightarrow\;
\lim_{n\to\infty}\frac{f(x_n)-f(c)}{x_n-c}=L .
\]"
18100a-lecture-18-multicam_360p_16_9,implication,Full Lecture Transcript,"What implication about differentiability and continuity was proved, and what exactly does it assert for a function \(f\) on an interval \(I\)?","The lecture proved: if \(f\\colon I\\to\\mathbb{R}\) is differentiable at \(c\\in I\), then \(f\) is continuous at \(c\); that is, \\(\\displaystyle\\lim_{x\\to c}f(x)=f(c).\\)","The lecture proved the **implication “differentiability ⇒ continuity.”**  
In particular, it states:

> **Theorem.**  
> Let \(I\subset\mathbb{R}\) be an interval and let \(f:I\to\mathbb{R}\).  
> If \(f\) is differentiable at a point \(c\in I\) (i.e. the limit  
> \(\displaystyle \lim_{x\to c}\frac{f(x)-f(c)}{x-c}\) exists), then \(f\) is
> continuous at \(c\).  
> Equivalently, \(\displaystyle \lim_{x\to c}f(x)=f(c)\).

Thus, whenever a function has a derivative at a point in its domain, it must also be continuous at that point."
18100a-lecture-18-multicam_360p_16_9,implication,Full Lecture Transcript,"Which specific function was used as a counter‑example to show that continuity does not imply differentiability, and what property does it fail at the point \(c=0\)?","The function used was \(f(x)=|x|\).  It is continuous at every point, but at \(c=0\) the two one‑sided limits of the difference quotient are \(-1\) and \(+1\), so the derivative does not exist at \(0\).","The counter‑example given is the **absolute‑value function**  

\[
f(x)=|x|.
\]

It is continuous at every point, but at the point \(c=0\) it **fails to be differentiable** – the left‑hand and right‑hand difference quotients give different limits, so the derivative does not exist at \(0\)."
18100a-lecture-18-multicam_360p_16_9,implication,Full Lecture Transcript,"How does the lecture justify that the Weierstrass function \(f(x)=\displaystyle\sum_{k=0}^{\infty}\frac{\cos(160k\,x)}{4^{k}}\) is continuous everywhere?","Because the series is absolutely convergent for every \(x\) (each term is bounded by \(4^{-k}\) and \\(\\sum_{k\\ge0}4^{-k}=4/3\\)), the partial sums form a uniformly convergent sequence of continuous functions.  By the sequence characterization of continuity, every subsequence \(x_n\\to c\) yields \\(f(x_n)\\to f(c)\), so \(f\) is continuous at every real number.","**Answer**

The lecture shows that the Weierstrass series

\[
f(x)=\sum_{k=0}^{\infty}\frac{\cos(160k\,x)}{4^{k}}
\]

converges *uniformly* for every real \(x\), and then uses the fact that a uniform limit of continuous functions is continuous.

1. **Absolute convergence for each \(x\).**  
   For every \(k\) and every \(x\),

   \[
   \bigl|\cos(160k\,x)\bigr|\le 1,
   \]

   so

   \[
   \left|\frac{\cos(160k\,x)}{4^{k}}\right|\le \frac{1}{4^{k}} .
   \]

   The right‑hand side is the \(k\)-th term of a convergent geometric series \(\sum 4^{-k}\).  
   By the comparison principle the series for \(f(x)\) converges absolutely for every \(x\).

2. **Uniform convergence.**  
   The bound \(\frac{1}{4^{k}}\) does **not** depend on \(x\).  
   Hence the series satisfies the hypothesis of the Weierstrass M‑test:  
   \(\sum_{k=0}^{\infty}\frac{1}{4^{k}}\) converges, so \(\sum_{k=0}^{\infty}\frac{\cos(160k\,x)}{4^{k}}\) converges uniformly on \(\mathbb{R}\).

3. **Continuity of the sum.**  
   Each term \(\frac{\cos(160k\,x)}{4^{k}}\) is a continuous function of \(x\).  
   A uniform limit of continuous functions is continuous.  
   Therefore the sum \(f(x)\) is continuous at every real number.

Thus the lecture justifies continuity by proving absolute (hence uniform) convergence of the series via the comparison principle, and then applying the theorem that a uniformly convergent series of continuous functions has a continuous sum."
18100a-lecture-18-multicam_360p_16_9,difference,Full Lecture Transcript,"In the lecture, how is the derivative of a function \(f\) at a point \(c \in I\) defined using a limit?","The derivative is  
        \[
        f'(c)=\lim_{x\to c}\frac{f(x)-f(c)}{x-c},
        \]
        provided this limit exists and is called \(f'(c)\).","The derivative of \(f\) at a point \(c\in I\) is defined as the limit of the difference quotient:

\[
f'(c)\;=\;\lim_{x\to c}\frac{f(x)-f(c)}{\,x-c\,},
\]

provided this limit exists. If the limit exists, we say that \(f\) is differentiable at \(c\) and the value of the limit is the derivative \(f'(c)\)."
18100a-lecture-18-multicam_360p_16_9,difference,Full Lecture Transcript,"According to the sequence characterization presented, what condition must hold for every sequence \((x_n)\) converging to \(c\) in order for \(f\) to be differentiable at \(c\) with derivative \(L\)?","For every sequence \((x_n)\) with \(x_n\neq c\) and \(x_n\to c\), we must have  
        \[
        \lim_{n\to\infty}\frac{f(x_n)-f(c)}{x_n-c}=L.
        \]","For every sequence \((x_n)\) with  

* \(x_n\neq c\) for all \(n\), and  
* \(x_n\to c\),

the difference‑quotient sequence must converge to the same number \(L\).  
In other words  

\[
\lim_{n\to\infty}\frac{f(x_n)-f(c)}{x_n-c}=L .
\]

If this holds for every such sequence, then \(f\) is differentiable at \(c\) and \(f'(c)=L\)."
18100a-lecture-18-multicam_360p_16_9,difference,Full Lecture Transcript,Which step in the proof that differentiability implies continuity makes use of the fact that \((x-c)/(x-c)=1\) for \(x\neq c\) and the limit properties of products?,"The proof rewrites \(f(x)-f(c)\) as  
        \[
        \bigl(f(x)-f(c)\bigr)\frac{x-c}{\,x-c\,},
        \]
        then uses that \(\lim_{x\to c}(x-c)=0\), \(\lim_{x\to c}\frac{f(x)-f(c)}{x-c}=f'(c)\), and the product rule for limits to show the limit of \(f(x)\) is \(f(c)\).","The key step is the one where we **rewrite the difference \(f(x)-f(c)\) as a product**:

\[
f(x)-f(c)=\frac{f(x)-f(c)}{\,x-c\,}\;(x-c),
\]

which is valid for every \(x\neq c\) because \((x-c)/(x-c)=1\).  
After this rewriting we take limits and use the limit‑product rule:

\[
\lim_{x\to c}\Bigl[\frac{f(x)-f(c)}{x-c}\Bigr]\;\cdot\;\lim_{x\to c}(x-c)
   =f'(c)\cdot 0 =0 .
\]

Thus the step that uses the fact \((x-c)/(x-c)=1\) for \(x\neq c\) and the limit properties of products is the step where we express \(f(x)-f(c)\) as the product \(\frac{f(x)-f(c)}{x-c}\,(x-c)\) and then apply the product rule for limits."
18100a-lecture-18-multicam_360p_16_9,difference,Full Lecture Transcript,"Which function was cited as a counter‑example to the converse statement that continuity implies differentiability, and at which point is it continuous but not differentiable?",The function \(f(x)=|x|\) is continuous at \(c=0\) but not differentiable at that point.,"The counter‑example given is the absolute‑value function  

\[
f(x)=|x|.
\]

It is continuous at every point, but it fails to be differentiable at \(x=0\). Thus, \(f\) is continuous at \(0\) while not differentiable there."
18100a-lecture-18-multicam_360p_16_9,difference,Full Lecture Transcript,"What is a convenient sequence \((x_n)\) that, when plugged into the difference quotient for \(f(x)=|x|\) at \(c=0\), shows that the limit does not exist?","A classic choice is \(x_n=(-1)^n/n\); then \(\frac{|x_n|-|0|}{x_n-0}=\frac{|x_n|}{x_n}=(-1)^n\), which oscillates and thus has no limit.","A convenient choice is the alternating sequence that tends to 0, for example  

\[
x_n=\frac{(-1)^n}{\,n\,}\qquad(n=1,2,3,\dots).
\]

Plugging this into the difference quotient \(\dfrac{|x_n|-|0|}{x_n-0}\) gives \(\dfrac{|(-1)^n/n|}{(-1)^n/n}=(-1)^n\), which oscillates between \(-1\) and \(1\) and therefore has no limit. Thus the limit of the difference quotient at \(c=0\) does not exist."
18100a-lecture-18-multicam_360p_16_9,Weierstrass ring,Full Lecture Transcript,"According to the lecture, give the definition of differentiability of a real‑valued function \(f\) at a point \(c\) in terms of a limit of the difference quotient.","The function \(f\colon I\to\mathbb{R}\) is differentiable at \(c\in I\) if there exists a number \(L\) such that\n\n\\[\\lim_{x\\to c}\\frac{\,f(x)-f(c)}{x-c}=L,\\]\n\nand we denote this derivative by \\(f'(c)=L\\).","According to the lecture, a real‑valued function \(f\) is **differentiable at a point \(c\) (with \(c\) belonging to the interval \(I\))** if the following limit exists (and is finite):

\[
\lim_{x\to c}\frac{f(x)-f(c)}{\,x-c\,}.
\]

When this limit exists we denote it by \(f'(c)\)."
18100a-lecture-18-multicam_360p_16_9,Weierstrass ring,Full Lecture Transcript,"According to the lecture, restate the condition for differentiability at a point \(c\) using sequences that converge to \(c\).","The limit definition is equivalent to the following: \(f\) is differentiable at \(c\) with derivative \(L\) iff for **every** sequence \((x_n)_{n\\in\\mathbb{N}}\) with \(x_n\\neq c\) for all \(n\) and \(x_n\\to c\), one has\n\n\\[\\lim_{n\\to\\infty}\\frac{f(x_n)-f(c)}{x_n-c}=L.\\]","For a function \(f\) to be differentiable at a point \(c\) with derivative \(L\), the lecture states:

> **Sequence characterization of differentiability**  
> For **every** sequence \((x_n)\) such that  
> \[
> x_n\neq c \quad\text{for all }n\quad\text{and}\quad x_n\to c,
> \]
> the limit of the difference quotient exists and equals \(L\):
> \[
> L \;=\;\lim_{n\to\infty}\frac{f(x_n)-f(c)}{\,x_n-c\,}.
> \]

In other words, \(f\) is differentiable at \(c\) iff all sequences approaching \(c\) (but never equal to \(c\)) give the same limit \(L\) for the difference quotient."
18100a-lecture-18-multicam_360p_16_9,Weierstrass ring,Full Lecture Transcript,"According to the lecture, state the implication that follows from differentiability with respect to continuity at the same point.","If \(f\) is differentiable at \(c\), then \(f\) is continuous at \(c\); that is, differentiability implies continuity at the same point.","According to the lecture, the implication is:

**If a function \(f\) is differentiable at a point \(c\), then \(f\) is continuous at that same point \(c\).**"
18100a-lecture-18-multicam_360p_16_9,Weierstrass ring,Full Lecture Transcript,"According to the lecture, name the function that is continuous at \(c=0\) but not differentiable there, and explain the key reason it fails to be differentiable at \(0\) using a suitable sequence.","The counterexample is \(f(x)=|x|\).  For \(c=0\) the right‑hand and left‑hand limits of the difference quotient are \(1\) and \(-1\), respectively.  Taking the sequence \(x_n=(-1)^n/n\) (which tends to 0) gives the difference quotients \((-1)^n\), which have no limit—hence \(f\) is not differentiable at 0.","**Function:**  
\(f(x)=|x|\)

**Why it is not differentiable at \(c=0\)**  
The derivative at \(0\) would be the limit of the difference quotient  

\[
\frac{f(x)-f(0)}{x-0}=\frac{|x|}{x}=\operatorname{sgn}(x),
\]

as \(x\to 0\).  
Choose a sequence that approaches \(0\) but alternates in sign, e.g.  

\[
x_n=\frac{(-1)^n}{n}\quad(n=1,2,3,\dots).
\]

Then  

\[
\frac{f(x_n)-f(0)}{x_n-0}=\frac{|x_n|}{x_n}=\frac{1/n}{(-1)^n/n}=(-1)^n,
\]

which oscillates between \(1\) and \(-1\) and therefore has **no limit**.  
Since the difference quotient does not converge, the derivative at \(0\) does not exist. Thus \(f(x)=|x|\) is continuous at \(0\) but not differentiable there."
18100a-lecture-18-multicam_360p_16_9,Weierstrass ring,Full Lecture Transcript,"According to the lecture, write down the explicit Weierstrass function that is continuous on \(\mathbb{R}\) but nowhere differentiable, and summarize the main ideas behind its construction and proof of non‑differentiability.","The Weierstrass function is\n\n\\[\\displaystyle\\Phi(x)=\\sum_{k=0}^{\\infty}\\frac{\\cos(160^{\,k}x)}{4^{\,k}},\\]\n\ndefined for all \(x\\in\\mathbb{R}\).  Each term oscillates rapidly on intervals of length \(2\\pi/160^{\,k}\); the amplitudes \(1/4^{\,k}\) are small enough to keep the series uniformly convergent, guaranteeing continuity everywhere.  To show non‑differentiability, one constructs for an arbitrary point \(c\) a sequence \((x_n)\) with\n\n\\[c+\\frac{\\pi}{160^{\,n}}<x_n<c+\\frac{3\\pi}{160^{\,n}},\\]\n\nfor which the difference quotients \((\\Phi(x_n)-\\Phi(c))/(x_n-c)\) become unbounded as \(n\\to\\infty\).  The rapid oscillation of the cosine terms forces the quotients to oscillate between large positive and large negative values, precluding the existence of a derivative at any point.","**Weierstrass’ example (as stated in the lecture)**  

\[
\boxed{\,f(x)=\sum_{k=0}^{\infty}\frac{\cos (\,160^{\,k}\,x\,)}{4^{\,k}}\;,\qquad x\in\mathbb R\,}
\]

(Equivalently, one may write the summand as \(\cos(160k\,x)/4^{k}\); the two notations are used interchangeably in the lecture.)

---

### Main ideas behind the construction

| Step | What is done | Why it works |
|------|--------------|--------------|
| **1.  Oscillatory building blocks** | Use the cosine function, which oscillates forever. | Oscillation is the key to destroying differentiability. |
| **2.  Increasing frequency** | In the \(k\)-th term the argument of cosine is \(160^{k}x\). | As \(k\) grows the cosine oscillates more and more rapidly. |
| **3.  Decaying amplitude** | Each term is divided by \(4^{k}\). | The geometric decay guarantees that the infinite sum converges uniformly, so the function is well‑defined and continuous everywhere. |
| **4.  Uniform convergence** | The series \(\sum 4^{-k}\) converges, and \(|\cos(160^{k}x)|\le 1\). | By the Weierstrass M‑test the series converges uniformly on \(\mathbb R\). Uniform convergence of continuous functions yields a continuous limit function. |

Thus the function is **continuous everywhere** because it is the uniform limit of continuous functions.

---

### Sketch of the proof that it is **nowhere differentiable**

1. **Fix an arbitrary point \(c\in\mathbb R\).**  
   We will show that the difference quotient
   \[
   \frac{f(c+h)-f(c)}{h}
   \]
   has no limit as \(h\to0\).

2. **Choose a subsequence of indices \(k_n\) so that the \(k_n\)-th term dominates.**  
   For a given small \(h\), pick \(k\) so large that \(4^{-k}\) is still appreciable while the oscillation period \(2\pi/160^{k}\) is much smaller than \(|h|\).  
   (In the lecture this is done by a careful estimate using the triangle inequality.)

3. **Show that the \(k\)-th term alone forces the quotient to oscillate.**  
   The \(k\)-th term contributes
   \[
   \frac{1}{4^{k}}\,
   \frac{\cos(160^{k}(c+h))-\cos(160^{k}c)}{h}
   \]
   which, after using the trigonometric identity for the difference of cosines, behaves like
   \[
   \frac{1}{4^{k}}\,
   \frac{-2\sin\!\bigl(160^{k}c+\tfrac{160^{k}h}{2}\bigr)\,
          \sin\!\bigl(\tfrac{160^{k}h}{2}\bigr)}{h}.
   \]
   Because \(160^{k}h\) can be made arbitrarily close to any value in \([0,2\pi]\) by suitable choice of \(h\), the sine factors oscillate between \(-1\) and \(1\).  
   The prefactor \(1/4^{k}\) is fixed for that \(k\), so the whole expression oscillates between two non‑zero limits.

4. **The remaining terms are negligible.**  
   All other terms in the series are bounded by a geometric tail that can be made arbitrarily small compared with the dominant \(k\)-th term.

5. **Conclusion.**  
   Because for every \(c\) we can find sequences \(h_n\to0\) along which the difference quotient oscillates between two distinct values (or even becomes unbounded), the limit defining the derivative at \(c\) does **not** exist.  
   Hence \(f\) is differentiable at no point of \(\mathbb R\).

---

**Bottom line:**  
The lecture presents the classic Weierstrass function  
\[
f(x)=\sum_{k=0}^{\infty}\frac{\cos(160^{k}x)}{4^{k}},
\]
constructed from rapidly oscillating cosine terms whose amplitudes decay geometrically.  
Uniform convergence guarantees continuity everywhere, while the ever‑present high‑frequency oscillations force the difference quotient to fail to converge at every point, proving that the function is nowhere differentiable."
18100a-lecture-18-multicam_360p_16_9,periodicity,Full Lecture Transcript,"In the lecture, how is differentiability at a point \(c\) defined using limits of difference quotients?","Differentiability at a point \(c\) is defined by the existence of the limit \(\displaystyle \lim_{x\to c} \frac{f(x)-f(c)}{\,x-c\,}\). When this limit exists, it is denoted \(f'(c)\).","In the lecture a function \(f\) is said to be **differentiable at a point \(c\)** (with \(c\) belonging to an interval \(I\)) if the following limit exists:

\[
\lim_{x\to c}\frac{f(x)-f(c)}{\,x-c\,}.
\]

When this limit exists we denote it by \(f'(c)\). Thus differentiability at \(c\) is defined by the existence of the limit of the difference quotient \(\frac{f(x)-f(c)}{x-c}\) as \(x\) approaches \(c\)."
18100a-lecture-18-multicam_360p_16_9,periodicity,Full Lecture Transcript,Can you explain the equivalence between the limit definition of the derivative and the sequence characterization presented?,"The lecture showed that \(f\) is differentiable at \(c\) with derivative \(L\) iff for every sequence \((x_n)\) with \(x_n\neq c\) and \(x_n\to c\), the sequence \(\displaystyle \frac{f(x_n)-f(c)}{x_n-c}\) converges to \(L\). This uses the equivalence of limits of functions and limits of sequences.","**Equivalence between the two ways of saying “the derivative at \(c\) is \(L\)”**

1. **Limit definition (the “classical” one)**  
   \[
   f'(c)=L \quad\Longleftrightarrow\quad 
   \lim_{x\to c}\frac{f(x)-f(c)}{x-c}=L .
   \]

2. **Sequence definition (the “sequence‑characterisation”)**  
   \[
   f'(c)=L \quad\Longleftrightarrow\quad 
   \text{for every sequence }(x_n)_{n\ge1}\text{ with }x_n\neq c
   \text{ and }x_n\to c,\;
   \lim_{n\to\infty}\frac{f(x_n)-f(c)}{x_n-c}=L .
   \]

The lecture tells us that the two statements are equivalent because we already know a general fact about limits of functions:

> **Limit–sequence equivalence**  
> For any function \(g\) and any point \(c\),
> \[
> \lim_{x\to c} g(x)=\ell
> \quad\Longleftrightarrow\quad
> \text{for every sequence }(x_n)\text{ with }x_n\to c,\;
> \lim_{n\to\infty} g(x_n)=\ell .
> \]

If we apply this fact to the specific function  
\(g(x)=\dfrac{f(x)-f(c)}{x-c}\) (defined for \(x\neq c\)), we obtain exactly the two statements above.  

---

### Why the equivalence is useful

* **From the limit to the sequence**  
  If the limit \(\lim_{x\to c}\frac{f(x)-f(c)}{x-c}\) exists and equals \(L\), then by the limit–sequence equivalence every sequence approaching \(c\) will make the difference quotient converge to the same \(L\).  

* **From the sequence to the limit**  
  Conversely, if we know that *every* sequence \(x_n\to c\) (with \(x_n\neq c\)) makes the difference quotient converge to \(L\), then the limit of the function \(\frac{f(x)-f(c)}{x-c}\) as \(x\to c\) must exist and equal \(L\).  

Thus the two definitions are logically equivalent.

---

### Quick illustration (from the lecture)

To show that a function is **not** differentiable at a point, we can use the sequence version: find a sequence \(x_n\to c\) for which the difference quotient does **not** converge.  
Example: \(f(x)=|x|\) at \(c=0\).  
Take \(x_n=(-1)^n/n\).  
Then
\[
\frac{f(x_n)-f(0)}{x_n-0}
=\frac{|(-1)^n/n|}{(-1)^n/n}
=(-1)^n,
\]
which oscillates between \(-1\) and \(1\) and has no limit.  
Hence \(f\) is not differentiable at \(0\).

This example shows how the sequence characterization can be used to prove non‑differentiability, while the limit definition is the more “standard” way to state the derivative."
18100a-lecture-18-multicam_360p_16_9,periodicity,Full Lecture Transcript,"According to the discussion, why does a differentiable function at \(c\) necessarily imply continuity at \(c\)?","If \(f\) is differentiable at \(c\), then \(f(x)=f'(c)(x-c)+f(c)\) for \(x\neq c\). Taking the limit as \(x\to c\) gives \(\displaystyle \lim_{x\to c} f(x)=f(c)\), which is precisely continuity at \(c\).","Because the very definition of the derivative forces the function to “settle down” to its value at the point.

In the lecture we rewrite  

\[
f(x)=f(c)+\frac{f(x)-f(c)}{x-c}\,(x-c),
\]

which is just adding and subtracting \(f(c)\) and then multiplying and dividing by \(x-c\).  
If \(f\) is differentiable at \(c\), the limit

\[
\lim_{x\to c}\frac{f(x)-f(c)}{x-c}=f'(c)
\]

exists.  Taking the limit of the whole expression as \(x\to c\) gives

\[
\lim_{x\to c}f(x)=\lim_{x\to c}\Bigl[f(c)+\frac{f(x)-f(c)}{x-c}\,(x-c)\Bigr]
= f(c)+f'(c)\cdot\lim_{x\to c}(x-c)=f(c)+f'(c)\cdot 0=f(c).
\]

Thus \(\lim_{x\to c}f(x)=f(c)\), which is exactly the definition of continuity at \(c\).  Therefore, differentiability at \(c\) necessarily implies continuity at \(c\)."
18100a-lecture-18-multicam_360p_16_9,periodicity,Full Lecture Transcript,What specific counterexample is provided to show that continuity does not guarantee differentiability?,"The lecture gave the example \(f(x)=|x|\) at the point \(c=0\). The function is continuous everywhere, but the difference quotient \(\frac{|x|}{x}\) has different limits from the left and right, so the derivative at \(0\) does not exist.","The lecture gives the **absolute‑value function** as the counterexample.  
It shows that \(f(x)=|x|\) is continuous at \(x=0\) (indeed everywhere) but is **not differentiable at \(x=0\)**. This demonstrates that continuity at a point does not imply differentiability at that point."
18100a-lecture-18-multicam_360p_16_9,periodicity,Full Lecture Transcript,Briefly describe the key idea behind the Weierstrass function constructed in the lecture to illustrate a continuous nowhere differentiable function.,"The lecture constructed the function \(\displaystyle f(x)=\sum_{k=0}^{\infty}\frac{1}{4^{k}}\cos(160^{\,k}x)\). By absolute convergence the series defines a continuous function. Each term oscillates wildly on smaller and smaller intervals, so the cumulative effect produces a function that is continuous everywhere yet differentiable nowhere.","The lecture explains that the Weierstrass function is built as an infinite sum of cosine waves whose frequencies grow very rapidly while their amplitudes shrink quickly.  
In particular, the function is

\[
f(x)=\sum_{k=0}^{\infty}\frac{\cos(160^k x)}{4^k},
\]

so each term oscillates more and more rapidly (the factor \(160^k\)) but contributes less and less to the total (the factor \(1/4^k\)).  
Because the series converges absolutely, the function is continuous everywhere.  
However, the ever‑faster oscillations at arbitrarily small scales mean that at no point can a single tangent line be defined, so the function is nowhere differentiable."
18100a-lecture-18-multicam_360p_16_9,comparison theorem,Full Lecture Transcript,"According to the lecture, how is the derivative \(f'(c)\) defined as a limit, and what symbols are used to denote this limit?","The derivative is defined by \\(f'(c) = \\lim_{x\\to c}\\frac{f(x)-f(c)}{x-c}\\), and this limit (when it exists) is denoted by \\(f'(c)\\).","**Definition (from the lecture)**  
The derivative of \(f\) at the point \(c\) is defined by the limit of the difference quotient:

\[
f'(c)\;=\;\lim_{x\to c}\frac{f(x)-f(c)}{\,x-c\,},
\]

provided that this limit exists.  

**Symbols used**  
- The limit is written with the standard limit symbol \(\displaystyle \lim_{x\to c}\).  
- The expression inside the limit is the difference quotient \(\displaystyle \frac{f(x)-f(c)}{x-c}\).  
- The value of the limit, when it exists, is denoted by the symbol \(f'(c)\)."
18100a-lecture-18-multicam_360p_16_9,comparison theorem,Full Lecture Transcript,"In terms of sequences, what condition must hold for every sequence \((x_n)\) with \(x_n\neq c\) and \(x_n\to c\) to ensure \(f\) is differentiable at \(c\) with derivative \(L\)? Provide the limit expression.","For differentiability at \(c\) with derivative \(L\) it must hold that for every sequence \\((x_n)\\) with \\(x_n\\neq c\\) and \\(x_n\\to c\\), \\(L = \\lim_{n\\to\\infty}\\frac{f(x_n)-f(c)}{x_n-c}\\).","For every sequence \((x_n)\) with  

\[
x_n\neq c\quad\text{for all }n\quad\text{and}\quad x_n\to c,
\]

the difference quotient must converge to the same number \(L\).  In symbols  

\[
\boxed{\;\lim_{n\to\infty}\frac{f(x_n)-f(c)}{\,x_n-c\,}=L\;}
\]

and this must hold for **all** such sequences.  This condition is equivalent to \(f\) being differentiable at \(c\) with derivative \(f'(c)=L\)."
18100a-lecture-18-multicam_360p_16_9,comparison theorem,Full Lecture Transcript,"What main step in the proof shows that if \(f\) is differentiable at a point \(c\), then \(f\) is continuous at \(c\), using limit operations? Summarize the key manipulation.","The argument rewrites \\(f(x)-f(c) = \\left(\\frac{f(x)-f(c)}{x-c}\\right)(x-c)\\). Taking the limit as \(x\\to c\), the first factor tends to \(f'(c)\) and the second factor tends to \(0\); thus the product tends to \(f(c)\), proving continuity.","The proof rewrites \(f(x)\) in a form that isolates the difference quotient that defines the derivative.  
The key manipulation is

\[
f(x)=f(c)+\bigl(f(x)-f(c)\bigr)
   =f(c)+\frac{f(x)-f(c)}{x-c}\,(x-c).
\]

Now, as \(x\to c\),

* the limit of the difference quotient \(\displaystyle\frac{f(x)-f(c)}{x-c}\) exists and equals \(f'(c)\);
* the limit of \(x-c\) is \(0\);
* the limit of the constant \(f(c)\) is \(f(c)\).

Using the limit laws (limit of a sum is the sum of limits, limit of a product is the product of limits), we get

\[
\lim_{x\to c}f(x)=f(c)+f'(c)\cdot 0=f(c).
\]

Thus \(\lim_{x\to c}f(x)=f(c)\), which is exactly the definition of continuity at \(c\). The main step is therefore the addition/subtraction of \(f(c)\) and the factorization that allows the use of the limit properties."
18100a-lecture-18-multicam_360p_16_9,comparison theorem,Full Lecture Transcript,"Which function does the lecture mention as a continuous function that is not differentiable at \(c=0\), and what is the behavior of its difference quotient along the sequence \(x_n = (-1)^n/n\)?","The function is \\(f(x)=|x|\\). For the sequence \\(x_n=(-1)^n/n\\), the difference quotient \\(\\frac{|x_n|-|0|}{x_n-0}=\\frac{|x_n|}{x_n}=(-1)^n\\), which oscillates and has no limit.","The lecture points out the **absolute‑value function**  

\[
f(x)=|x|
\]

as a continuous function that is **not differentiable at \(c=0\)**.

For the sequence  

\[
x_n=\frac{(-1)^n}{n}\quad (n=1,2,\dots),
\]

the difference quotient is  

\[
\frac{f(x_n)-f(0)}{x_n-0}
   =\frac{|x_n|}{x_n}
   =\frac{1/n}{(-1)^n/n}
   =\frac{1}{(-1)^n}
   =(-1)^n .
\]

Thus the quotient oscillates between \(+1\) and \(-1\); it does **not converge** (it is divergent)."
18100a-lecture-18-multicam_360p_16_9,comparison theorem,Full Lecture Transcript,Define the Weierstrass function \(f(x)\) discussed in the lecture and state why its defining series converges absolutely for all real \(x\). Give the bound of \(|f(x)|\).,"The Weierstrass function is \\(f(x)=\\sum_{k=0}^{\\infty}\\frac{1}{4^{\,k}}\\cos(160k\,x)\\). Its terms satisfy \\(|\\frac{1}{4^{\,k}}\cos(160k\,x)|\\le \\frac{1}{4^{\,k}}\\), and because \\(\\sum_{k=0}^{\\infty}\\frac{1}{4^{\,k}}=\\frac{4}{3}\\), the series converges absolutely for every real \(x\\). Consequently \\(|f(x)|\\le\\frac{4}{3}\\).","**Weierstrass function used in the lecture**

\[
\boxed{\,f(x)=\sum_{k=0}^{\infty}\frac{\cos(160^{\,k}\,x)}{4^{\,k}}\,,\qquad x\in\mathbb R\,}
\]

**Why the series converges absolutely for every real \(x\)**  

For any real \(x\) we have \(|\cos(160^{\,k}x)|\le 1\).  
Hence

\[
\left|\frac{\cos(160^{\,k}x)}{4^{\,k}}\right|
\le \frac{1}{4^{\,k}}\; .
\]

The comparison series \(\sum_{k=0}^{\infty} 4^{-k}\) is a geometric series with ratio \(1/4<1\), so it converges.  
By the comparison test the original series converges absolutely for every \(x\in\mathbb R\).

**Bound on \(|f(x)|\)**  

Using the same comparison,

\[
|f(x)| \le \sum_{k=0}^{\infty}\frac{1}{4^{\,k}}
= \frac{1}{1-1/4}= \frac{4}{3}\; .
\]

Thus \(|f(x)|\le 4/3\) for all real \(x\)."
18100a-lecture-18-multicam_360p_16_9,triangle inequality theorem,Full Lecture Transcript,"According to the lecture, how is differentiability at a point \(c\) defined in terms of a limit involving the difference quotient?",A function \(f\) is differentiable at a point \(c\) if the limit \(\displaystyle \lim_{x\to c}\frac{f(x)-f(c)}{x-c}\) exists; this limit is denoted \(f'(c)\).,"According to the lecture, a function \(f\) is **differentiable at a point \(c\)** (with \(c\) belonging to an interval \(I\)) if the following limit exists:

\[
\lim_{x\to c}\frac{f(x)-f(c)}{\,x-c\,}.
\]

When this limit exists, it is denoted by \(f'(c)\)."
18100a-lecture-18-multicam_360p_16_9,triangle inequality theorem,Full Lecture Transcript,In the lecture the equivalence between function limits and sequence limits is used to characterize differentiability. State this equivalence explicitly for a function \(f\) and point \(c\).,"The lecture states that \(f\) is differentiable at \(c\) with derivative \(L\) if and only if for every sequence \((x_n)_{n\in\mathbb{N}}\) satisfying \(x_n\neq c\) for all \(n\) and \(\lim_{n\to\infty}x_n=c\), one has \(\displaystyle \lim_{n\to\infty}\frac{f(x_n)-f(c)}{x_n-c}=L\).","**Equivalence between function limits and sequence limits**

For any function \(g\) and point \(c\),

\[
\boxed{\;\lim_{x\to c} g(x)=L\quad\Longleftrightarrow\quad
\text{for every sequence }(x_n)\text{ with }x_n\to c\text{ and }x_n\neq c,\;
\lim_{n\to\infty} g(x_n)=L.\;}
\]

**Application to differentiability**

Let \(f\) be a real‑valued function defined on an interval containing \(c\).  
Then \(f\) is differentiable at \(c\) with derivative \(L\) **iff**

\[
\boxed{\;\lim_{x\to c}\frac{f(x)-f(c)}{x-c}=L
\quad\Longleftrightarrow\quad
\text{for every sequence }(x_n)\text{ with }x_n\to c,\;x_n\neq c,\;
\lim_{n\to\infty}\frac{f(x_n)-f(c)}{x_n-c}=L.\;}
\]"
18100a-lecture-18-multicam_360p_16_9,triangle inequality theorem,Full Lecture Transcript,"What key property of the function \(f(x)=|x|\) is illustrated in the lecture to show that continuity does not imply differentiability, and which sequence is used to demonstrate this?","The function \(f(x)=|x|\) is continuous at \(c=0\) but not differentiable there. The sequence used is \(x_n=(-1)^n/n\), which alternates signs; the corresponding difference quotients oscillate between \(-1\) and \(1\), so the limit does not exist.","The lecture points out that the absolute‑value function

\[
f(x)=|x|
\]

is **continuous at every point** but **fails to be differentiable at \(x=0\)**.  
The key property illustrated is the *sharp corner* (or “kink”) at the origin: the left‑hand and right‑hand slopes are different, so the limit of the difference quotient does not exist.

To demonstrate this, the lecturer uses a sequence that converges to \(0\) but approaches it from both sides, for example

\[
x_n=\frac{1}{n}\quad\text{(or more generally }x_n=(-1)^n/n\text{)} .
\]

For this sequence

\[
\frac{f(x_n)-f(0)}{x_n}=\frac{|x_n|}{x_n}=\operatorname{sgn}(x_n),
\]

which oscillates between \(1\) and \(-1\) and therefore has no limit. This shows that continuity of \(f\) at \(0\) does **not** imply differentiability there."
18100a-lecture-18-multicam_360p_16_9,triangle inequality theorem,Full Lecture Transcript,"Explain, based on the lecture, the informal motivation behind the construction of the Weierstrass function and the main idea behind its oscillatory behaviour.","The lecture explains that the Weierstrass function is built from terms \(\frac{\cos(160^{k}x)}{4^{k}}\). Each term oscillates rapidly on a small interval, and these oscillations become finer and finer as \(k\) increases. The intuitive idea is to create a function that is highly oscillatory at every scale, thereby preventing the existence of a tangent line (i.e., a derivative) anywhere.","**Informal motivation**

The goal was to give a concrete example of a function that is *continuous everywhere* but *fails to have a derivative at any point*.  
Before Weierstrass, the prevailing intuition was that a continuous function should look “smooth enough” to have a tangent line somewhere.  The lecture’s motivation was to break that intuition by constructing a function that is *highly oscillatory* at every scale – so much so that no tangent can ever be defined.

**Main idea behind the oscillatory behaviour**

1. **Use simple oscillatory building blocks** – cosine (or sine) functions are the natural choice because they oscillate regularly and we know precise estimates for their differences.

2. **Add many cosine terms with increasing frequency** – the function is built as an infinite series  
   \[
   f(x)=\sum_{k=0}^{\infty}\frac{\cos(160\,k\,x)}{4^{\,k}} .
   \]
   Each term \(\cos(160k x)\) oscillates \(160k\) times over the interval \([0,2\pi]\); as \(k\) grows, the oscillations become finer and finer.

3. **Control the amplitude so the series converges and stays continuous** – the factor \(1/4^{k}\) shrinks the size of each term fast enough that the series is absolutely convergent.  The lecture shows that this guarantees continuity (using the bound \(|\cos x-\cos y|\le |x-y|\) and the triangle inequality).

4. **Keep the oscillations “large enough” at every scale** – the lecture proves a key fact: for any real \(c\) and any large \(k\), there is a point \(y\) in a very small interval around \(c\) such that the difference \(\cos(kc)-\cos(ky)\) is at least \(1\).  This means that, no matter how small a neighbourhood you zoom into, the function still makes a jump of size roughly \(1/4^{k}\).  Because the amplitudes \(1/4^{k}\) never vanish too quickly relative to the frequency, the function keeps oscillating too violently for a derivative to exist.

5. **Resulting behaviour** – at every point \(c\), the difference quotient \(\frac{f(x)-f(c)}{x-c}\) can be made arbitrarily large by choosing \(x\) close enough to \(c\) but in the right oscillatory phase.  Hence the limit that defines the derivative never exists anywhere.

In short, the lecture explains that Weierstrass’s construction takes a sum of cosine waves whose frequencies grow without bound while their amplitudes shrink just enough to keep the function continuous.  The persistent, ever‑finer oscillations at every scale prevent the existence of a tangent line at any point, giving a continuous but nowhere differentiable function."
18100a-lecture-18-multicam_360p_16_9,triangle inequality theorem,Full Lecture Transcript,"Summarize the main steps demonstrated in the lecture that establish the continuity of the Weierstrass function, including the bound that is computed.","The lecture first shows that the series \(\sum_{k=0}^{\infty}\frac{\cos(160^{k}x)}{4^{k}}\) converges absolutely because \(|\cos(\cdot)|\le1\), giving \(\sum_{k=0}^{\infty}\frac{1}{4^{k}}=\frac{4}{3}\). This uniform bound implies each partial sum is bounded and the series converges uniformly, which in turn yields continuity of the function by the standard result that uniformly convergent series of continuous functions are continuous.","**Key steps that were shown in the lecture to prove that the Weierstrass function  

\[
f(x)=\sum_{k=0}^{\infty}\frac{\cos(160\,k\,x)}{4^{\,k}}
\]

is continuous everywhere**

| Step | What was done | Why it matters |
|------|---------------|----------------|
| **1.  Write the function as a series of continuous terms** | Each term \(a_k(x)=\dfrac{\cos(160\,k\,x)}{4^{\,k}}\) is a continuous function of \(x\). | The continuity of the limit function will follow from the continuity of the terms if the series converges uniformly. |
| **2.  Find a uniform bound for every term** | Use \(|\cos(\theta)|\le 1\) to get \(|a_k(x)|\le \dfrac{1}{4^{\,k}}\) for all \(x\). | This gives a sequence of constants \(M_k=\dfrac{1}{4^{\,k}}\) that dominate the absolute value of each term. |
| **3.  Show the bound‑series converges** | Compute \(\displaystyle\sum_{k=0}^{\infty}M_k=\sum_{k=0}^{\infty}\frac{1}{4^{\,k}}=\frac{1}{1-\frac14}=\frac{4}{3}\). | The convergence of \(\sum M_k\) is the hypothesis of the Weierstrass M‑test. |
| **4.  Apply the Weierstrass M‑test** | Since \(\sum M_k\) converges, the series \(\sum a_k(x)\) converges **uniformly** on \(\mathbb{R}\). | Uniform convergence of continuous functions guarantees that the limit function is continuous. |
| **5.  Conclude continuity of \(f\)** | The uniform limit of continuous functions is continuous, so \(f\) is continuous for every real \(x\). | This establishes the first part of the theorem: the Weierstrass function is continuous everywhere. |
| **6.  State the explicit bound for \(f\)** | From the bound on each term, \(|f(x)|\le \sum_{k=0}^{\infty}\frac{1}{4^{\,k}}=\frac{4}{3}\). | The lecture computed this bound explicitly, showing that the function is not only continuous but also bounded by \(4/3\). |

**Summary**

The lecture demonstrated that the Weierstrass function is continuous everywhere by:

1. Expressing it as a series of continuous cosine terms.
2. Bounding each term by \(1/4^{k}\).
3. Showing the bound‑series \(\sum 1/4^{k}\) converges to \(4/3\).
4. Using the Weierstrass M‑test to obtain uniform convergence.
5. Concluding that the uniform limit of continuous functions is continuous.
6. Providing the explicit bound \(|f(x)|\le 4/3\) for all \(x\)."
18100a-lecture-18-multicam_360p_16_9,sequence,Full Lecture Transcript,"In the lecture, what condition must every sequence \( (x_n) \) satisfy for a real number \(L\) to be the derivative \(f'(c)\)?","For every sequence \( (x_n) \) with \(x_n\neq c\) and \(x_n\to c\), the limit \(\displaystyle \lim_{n\to\infty}\frac{f(x_n)-f(c)}{x_n-c}\) must equal \(L\).","For a real number \(L\) to be the derivative \(f'(c)\), the lecture requires that **every** sequence \((x_n)\) with  

* \(x_n\neq c\) for all \(n\), and  
* \(x_n\to c\) as \(n\to\infty\),

satisfy  

\[
\lim_{n\to\infty}\frac{f(x_n)-f(c)}{\,x_n-c\,}=L .
\]

In other words, the difference quotient must converge to the same value \(L\) for every such sequence approaching \(c\)."
18100a-lecture-18-multicam_360p_16_9,sequence,Full Lecture Transcript,Which key algebraic manipulation was used in the proof that differentiability at a point implies continuity at that point?,"The proof rewrites the difference quotient as \\(\displaystyle \frac{f(x)-f(c)}{x-c}\,(x-c)+f(c)\\) and then takes the limit as \(x\to c\), using the fact that the first factor tends to \(f'(c)\) and the second to \(0\).","The proof rewrites \(f(x)\) by **adding and subtracting \(f(c)\)** and then **multiplying and dividing by \(x-c\)**:

\[
f(x)=f(c)+\bigl(f(x)-f(c)\bigr)
      =f(c)+\frac{f(x)-f(c)}{x-c}\,(x-c).
\]

This algebraic manipulation allows the limit \(\lim_{x\to c}f(x)\) to be expressed in terms of the derivative (the limit of \(\frac{f(x)-f(c)}{x-c}\)) and the factor \(x-c\), leading to the conclusion that differentiability at \(c\) implies continuity at \(c\)."
18100a-lecture-18-multicam_360p_16_9,sequence,Full Lecture Transcript,What property of the function \(f(x)=|x|\) was illustrated as a counterexample in the discussion of differentiability and continuity?,"The function \(f(x)=|x|\) is continuous at every point but fails to be differentiable at \(x=0\), showing that continuity does not guarantee differentiability.","The example showed that a function can be **continuous at a point yet fail to be differentiable there**.  
In particular, \(f(x)=|x|\) is continuous everywhere (including at \(x=0\)) but is **not differentiable at \(x=0\)**. This illustrates that continuity does not imply differentiability."
18100a-lecture-18-multicam_360p_16_9,sequence,Full Lecture Transcript,"Why is the series \(\displaystyle \sum_{k=0}^{\infty}\frac{\cos(160k\,x)}{4^k}\) suitable as an example of a continuous nowhere differentiable function?","Each term oscillates with frequency \(160k\) and amplitude \(1/4^k\). The amplitudes decrease geometrically while the frequencies increase, producing arbitrarily rapid oscillations at all scales, which prevents the existence of a derivative at any point.","The lecture shows that the function  

\[
f(x)=\sum_{k=0}^{\infty}\frac{\cos(160k\,x)}{4^k}
\]

is a textbook example of a continuous function that is **nowhere differentiable**.  
The reasons are all spelled out in the notes:

1. **Absolute convergence and boundedness**  
   Each term satisfies  
   \[
   \Bigl|\frac{\cos(160k\,x)}{4^k}\Bigr|\le \frac{1}{4^k},
   \]
   and \(\sum_{k=0}^{\infty}4^{-k}=4/3\).  
   By the comparison test the series converges absolutely for every \(x\), so the
   limit \(f(x)\) exists and is bounded by \(4/3\).

2. **Uniform convergence → continuity**  
   Because the bound \(4^{-k}\) is independent of \(x\), the series converges
   uniformly on \(\mathbb R\).  Uniform convergence of continuous terms
   guarantees that the sum \(f\) is continuous everywhere.

3. **Highly oscillatory building blocks**  
   Each summand \(\cos(160k\,x)/4^k\) oscillates with period \(2\pi/(160k)\).
   As \(k\) increases the oscillations become arbitrarily rapid.  
   On any small interval the \(k\)-th term swings between values that differ by
   at least one, and the later terms add finer and finer oscillations.

4. **No derivative at any point**  
   The lecture constructs, for an arbitrary point \(c\), a sequence
   \(x_n\to c\) such that the difference quotient

   \[
   \frac{f(x_n)-f(c)}{x_n-c}
   \]

   becomes arbitrarily large.  This is done by isolating the contribution of
   a single large‑\(k\) term (which dominates the sum on a very small
   neighbourhood of \(c\)) and showing that its slope can be made as large as
   desired.  Since the difference quotient fails to converge to a finite
   limit at every point, \(f\) has no derivative anywhere.

Thus the series is a perfect example: it is built from elementary, continuous
functions, converges uniformly (hence defines a continuous function), yet the
rapid, ever‑finer oscillations prevent the existence of a derivative at any
point.  This is exactly the phenomenon that the lecture uses to illustrate a
continuous nowhere‑differentiable function."
18100a-lecture-18-multicam_360p_16_9,sequence,Full Lecture Transcript,"In proving continuity of the Weierstrass function, how is the triangle inequality applied to bound \(\displaystyle \limsup_{n\to\infty}\lvert f(x_n)-f(c)\rvert\) for a sequence \(x_n\to c\)?","One first writes \(\displaystyle f(x_n)-f(c)=\sum_{k=0}^{\infty}\frac{\cos(160k x_n)-\cos(160k c)}{4^k}\).  By repeatedly applying \( \lvert a+b\rvert\le\lvert a\rvert+\lvert b\rvert \), one obtains an upper bound that splits the series into a finite partial sum (controlled by the convergence of \(\cos\) differences) and a tail sum bounded by a geometric series.  This shows that the limsup of the absolute difference tends to zero, proving continuity at \(c\).","In the proof we write the Weierstrass function as an infinite series  

\[
f(x)=\sum_{k=0}^{\infty}\frac{\cos(160^{k}x)}{4^{k}}\; .
\]

Let \((x_n)\) be any sequence with \(x_n\to c\).  
To estimate  

\[
\limsup_{n\to\infty}\bigl|f(x_n)-f(c)\bigr|
\]

we first use the triangle inequality on the series:

\[
\begin{aligned}
|f(x_n)-f(c)|
&=\left|\sum_{k=0}^{\infty}
   \frac{\cos(160^{k}x_n)-\cos(160^{k}c)}{4^{k}}\right|  \\
&\le \sum_{k=0}^{\infty}
   \frac{\bigl|\cos(160^{k}x_n)-\cos(160^{k}c)\bigr|}{4^{k}} .
\end{aligned}
\]

Thus the limsup of the left–hand side is bounded by the limsup of the right–hand side.  
Now each term in the sum is bounded by \(2/4^{k}\) (since \(|\cos u-\cos v|\le 2\)), so

\[
\sum_{k=0}^{\infty}
   \frac{\bigl|\cos(160^{k}x_n)-\cos(160^{k}c)\bigr|}{4^{k}}
   \le \sum_{k=0}^{\infty}\frac{2}{4^{k}}
   =\frac{2}{1-\frac14}=\frac{8}{3}.
\]

For the continuity argument we split the series after a finite index \(N\).  
The first \(N\) terms are continuous, so for \(n\) large enough  
\(\bigl|\cos(160^{k}x_n)-\cos(160^{k}c)\bigr|\) is arbitrarily small for each \(k\le N\).  
The tail \(\sum_{k>N}2/4^{k}\) can be made smaller than any prescribed \(\varepsilon\) by choosing \(N\) large enough.  

Hence, by the triangle inequality, the limsup of \(|f(x_n)-f(c)|\) is bounded by a sum that can be made arbitrarily small, proving that \(f\) is continuous at \(c\)."
18100a-lecture-19-multicam_360p_16_9,open set,Full Lecture Transcript,"In the discussion of derivatives, how is the derivative of a real‑valued function \(f\) at a point \(c\) defined using a limit?","The derivative \(f'(c)\) is defined as \(\displaystyle f'(c)=\lim_{x\to c}\frac{f(x)-f(c)}{x-c}\), provided this limit exists.","The derivative of a real‑valued function \(f\) at a point \(c\) is defined (when the limit exists) by  

\[
f'(c)\;=\;\lim_{x\to c}\frac{f(x)-f(c)}{\,x-c\,}\, .
\]"
18100a-lecture-19-multicam_360p_16_9,open set,Full Lecture Transcript,What is the formula for the derivative of a product of two differentiable functions \(f\) and \(g\) at a point \(c\) as stated in the lecture?,"The product rule states that \(\displaystyle (fg)'(c)=f'(c)\,g(c)+f(c)\,g'(c)\).","The product rule given in the lecture is  

\[
(f\cdot g)'(c)=f'(c)\,g(c)+f(c)\,g'(c).
\]"
18100a-lecture-19-multicam_360p_16_9,open set,Full Lecture Transcript,"According to the lecture, why must a function be both continuous on a closed interval \([a,b]\) and differentiable on the open interval \((a,b)\) for Rolle's theorem to hold?","Because the proof of Rolle's theorem uses the extreme value theorem, which requires continuity on \([a,b]\), and the derivative must exist on \((a,b)\) to apply the mean value argument; omitting either condition can produce counterexamples where the conclusion fails.","According to the lecture, Rolle’s theorem can only be applied when the function satisfies **both** of the following hypotheses:

1. **Continuity on the closed interval \([a,b]\)** –  
   Continuity guarantees that the function attains an absolute maximum and an absolute minimum somewhere in \([a,b]\).  These extrema are essential for the argument that a horizontal tangent must occur between them.  If the function is not continuous on the closed interval, the theorem can fail (the lecture gives a counter‑example where the function is discontinuous at an endpoint and no interior point with zero derivative exists).

2. **Differentiability on the open interval \((a,b)\)** –  
   Differentiability ensures that the derivative \(f'(x)\) exists at every interior point, so we can talk about a point where the derivative is zero.  The lecture shows a counter‑example where the function is continuous on \([a,b]\) but not differentiable on \((a,b)\); in that case the derivative never vanishes even though the endpoint values are equal.

Thus, the lecture stresses that both conditions are **necessary**: continuity on \([a,b]\) is needed to guarantee the existence of extrema, and differentiability on \((a,b)\) is needed to guarantee the existence of a point where the derivative equals zero.  Dropping either hypothesis invalidates Rolle’s theorem."
18100a-lecture-19-multicam_360p_16_9,open set,Full Lecture Transcript,"State the mean value theorem as presented in the lecture, including the conditions on the function and the conclusion about the existence of a point \(c\).","If a function \(f:[a,b]\to\mathbb{R}\) is continuous on the closed interval \([a,b]\) and differentiable on the open interval \((a,b)\), then there exists some \(c\in(a,b)\) such that \(\displaystyle f'(c)=\frac{f(b)-f(a)}{b-a}\).","**Mean Value Theorem (as stated in the lecture)**  

Let \(f:[a,b]\to\mathbb{R}\) be a function that  

1. is **continuous** on the closed interval \([a,b]\), and  
2. is **differentiable** on the open interval \((a,b)\).

Then there exists at least one point \(c\) with \(a<c<b\) such that  

\[
f'(c)=\frac{f(b)-f(a)}{\,b-a\,}.
\]

In other words, the derivative at some interior point equals the average rate of change of the function over the whole interval."
18100a-lecture-19-multicam_360p_16_9,open set,Full Lecture Transcript,What condition on the derivative of a differentiable function \(f\) on an interval \(I\) guarantees that \(f\) is constant on \(I\)?,"If \(f\) is differentiable on an interval \(I\) and \(f'(x)=0\) for every \(x\in I\), then \(f\) is constant on \(I\).","The function \(f\) is constant on the interval \(I\) **iff** its derivative vanishes everywhere on that interval:

\[
f'(x)=0 \quad\text{for all }x\in I .
\]"
18100a-lecture-19-multicam_360p_16_9,complex analysis in several variables,Full Lecture Transcript,"According to the lecture, how does the existence of the derivative at a point \(c\) relate to the continuity of the function at that point, and why is the existence of a derivative described as a ""miracle"" compared to mere continuity?","The derivative \(f'(c)\) is defined as the limit \(\displaystyle \lim_{x\to c}\frac{f(x)-f(c)}{x-c}\). If this limit exists, the function must be continuous at \(c\) because the numerator tends to \(f(c)-f(c)=0\) and the denominator tends to \(0\), forcing \(f(x)\to f(c)\). Conversely, continuity does not imply differentiability; there exist continuous functions (such as the classic nowhere‑differentiable example mentioned) whose derivatives fail to exist everywhere. Thus, differentiability is a strictly stronger condition than continuity, which is why it is characterised as a “miracle”.","**Answer**

In the lecture it is stated that if a function \(f\) has a derivative at a point \(c\) (i.e. the limit  

\[
f'(c)=\lim_{x\to c}\frac{f(x)-f(c)}{x-c}
\]

exists), then \(f\) must be **continuous at \(c\)**.  The derivative’s existence forces the function to have no jump or “hole” at that point, because the limit that defines the derivative can only exist if the values of \(f(x)\) approach \(f(c)\) as \(x\) approaches \(c\).

The lecture calls the existence of a derivative a “miracle” for two reasons:

1. **Differentiability is a much stronger requirement than continuity.**  
   While every differentiable function is continuous, the converse is false.  The lecture even gives an example of a continuous function that is *nowhere* differentiable, showing that continuity alone does not guarantee a derivative.

2. **Derivatives provide far richer information.**  
   In real analysis, a derivative gives the instantaneous rate of change and leads to powerful theorems (e.g., the Mean Value Theorem).  In complex analysis, the situation is even more striking: a function that is complex‑differentiable on an open set is automatically analytic (infinitely differentiable and given by a power series).  Thus, the existence of a derivative in the complex setting is even more “miraculous” than in the real setting.

So, according to the lecture, a derivative’s existence at \(c\) guarantees continuity at \(c\), and it is considered a miracle because differentiability is a far stricter condition than continuity, and yet it yields such powerful and unexpected consequences."
18100a-lecture-19-multicam_360p_16_9,complex analysis in several variables,Full Lecture Transcript,"In the proof of the product rule for derivatives, the lecturer rewrites \(\frac{f(x)g(x)-f(c)g(c)}{x-c}\) as a sum of two terms. Show explicitly how this rewriting is performed and explain why each resulting term has a limit as \(x\to c\).","Starting from \(\displaystyle \frac{f(x)g(x)-f(c)g(c)}{x-c}\), write it as: \[
\frac{f(x)g(x)-f(c)g(x)+f(c)g(x)-f(c)g(c)}{x-c}
= g(x)\frac{f(x)-f(c)}{x-c}+f(c)\frac{g(x)-g(c)}{x-c}.
\] The first term involves \(\frac{f(x)-f(c)}{x-c}\), whose limit as \(x\to c\) is \(f'(c)\); multiplied by the continuous factor \(g(x)\to g(c)\). The second term involves \(\frac{g(x)-g(c)}{x-c}\), whose limit is \(g'(c)\); multiplied by the constant \(f(c)\). Hence both terms have limits, proving the product rule.","**Re‑writing the difference quotient**

\[
\frac{f(x)g(x)-f(c)g(c)}{x-c}
\]

is first split by adding and subtracting the same term \(f(c)g(x)\):

\[
\begin{aligned}
f(x)g(x)-f(c)g(c)
&=f(x)g(x)-f(c)g(x)+f(c)g(x)-f(c)g(c)\\
&=(f(x)-f(c))\,g(x)+f(c)\,(g(x)-g(c)).
\end{aligned}
\]

Dividing by \(x-c\) gives

\[
\frac{f(x)g(x)-f(c)g(c)}{x-c}
=\frac{f(x)-f(c)}{x-c}\,g(x)+f(c)\,\frac{g(x)-g(c)}{x-c}.
\]

Thus the difference quotient is written as the sum of two terms:

\[
\boxed{\displaystyle
\frac{f(x)-f(c)}{x-c}\,g(x)\;+\;f(c)\,\frac{g(x)-g(c)}{x-c}}
\]

---

**Why each term has a limit as \(x\to c\)**  

1. **First term**  
   \[
   \frac{f(x)-f(c)}{x-c}\,g(x).
   \]
   * The limit \(\displaystyle \lim_{x\to c}\frac{f(x)-f(c)}{x-c}=f'(c)\) exists because \(f\) is differentiable at \(c\).  
   * Since \(g\) is differentiable at \(c\), it is also continuous at \(c\); hence \(\displaystyle \lim_{x\to c}g(x)=g(c)\).  
   * The product of two convergent limits is convergent, so  
     \[
     \lim_{x\to c}\frac{f(x)-f(c)}{x-c}\,g(x)=f'(c)\,g(c).
     \]

2. **Second term**  
   \[
   f(c)\,\frac{g(x)-g(c)}{x-c}.
   \]
   * \(f(c)\) is a constant, so it does not affect convergence.  
   * The limit \(\displaystyle \lim_{x\to c}\frac{g(x)-g(c)}{x-c}=g'(c)\) exists because \(g\) is differentiable at \(c\).  
   * Therefore  
     \[
     \lim_{x\to c}f(c)\,\frac{g(x)-g(c)}{x-c}=f(c)\,g'(c).
     \]

Since both limits exist, the sum of the two terms also has a limit, and that limit is

\[
f'(c)\,g(c)+f(c)\,g'(c),
\]

which is precisely the product rule for derivatives."
18100a-lecture-19-multicam_360p_16_9,complex analysis in several variables,Full Lecture Transcript,"The chain rule proof introduces the auxiliary functions \(u(y)=\frac{f(y)-f(d)}{\,y-d\,}\) for \(y\neq d\) and \(u(d)=f'(d)\) and \(v(x)=\frac{g(x)-g(c)}{\,x-c\,}\) for \(x\neq c\) with \(v(c)=g'(c)\). Explain how these definitions guarantee that \(f(g(x))-f(g(c))\) can be expressed as a product of \(u(g(x))\) and \(v(x)(x-c)\), and why the continuity of \(u\) and \(v\) at their respective points is essential for taking the limit as \(x\to c\).","With \(d=g(c)\), we have for \(x\neq c\):\[
f(g(x))-f(g(c))=f(g(x))-f(d)=u(g(x))\bigl(g(x)-d\bigr).
\] But \(g(x)-d = \bigl(g(x)-g(c)\bigr)=v(x)(x-c)\) by the definition of \(v\). Thus \[
f(g(x))-f(g(c))=u(g(x))\,v(x)(x-c).
\] The continuity of \(u\) at \(d\) guarantees \(\lim_{y\to d}u(y)=u(d)=f'(d)\), and the continuity of \(v\) at \(c\) guarantees \(\lim_{x\to c}v(x)=v(c)=g'(c)\). These continuities allow us to take the limit of the product \(u(g(x))v(x)\) as \(x\to c\) and establish the chain‑rule formula \( (f\!\circ\!g)'(c)=f'(g(c))\,g'(c)\).","**Why the auxiliary functions give the product form**

The chain‑rule proof rewrites the difference

\[
f(g(x))-f(g(c))
\]

in a way that separates the two “derivative‑like” pieces that appear in the
formula \(f'(g(c))\,g'(c)\).

1. **The \(u\)–factor.**  
   By definition

   \[
   u(y)=\frac{f(y)-f(d)}{y-d}\qquad (y\neq d),\qquad u(d)=f'(d),
   \]

   where \(d=g(c)\).  
   For any \(x\) we can therefore write

   \[
   f(g(x))-f(g(c))
   =\bigl[f(g(x))-f(d)\bigr]
   =u\bigl(g(x)\bigr)\,\bigl[g(x)-d\bigr].
   \]

   Thus the first factor in the product is \(u(g(x))\).

2. **The \(v\)–factor.**  
   Similarly

   \[
   v(x)=\frac{g(x)-g(c)}{x-c}\qquad (x\neq c),\qquad v(c)=g'(c).
   \]

   Hence

   \[
   g(x)-g(c)=v(x)\,(x-c).
   \]

   Substituting this into the expression above gives

   \[
   f(g(x))-f(g(c))
   =u\bigl(g(x)\bigr)\,v(x)\,(x-c).
   \]

   So the difference is exactly the product of \(u(g(x))\) and \(v(x)(x-c)\).

**Why continuity of \(u\) and \(v\) matters for the limit**

When we take the limit as \(x\to c\) of the quotient

\[
\frac{f(g(x))-f(g(c))}{x-c}
   =u\bigl(g(x)\bigr)\,v(x),
\]

we need to know that each factor has a well‑defined limit:

* Because \(g\) is differentiable at \(c\), it is continuous at \(c\); thus
  \(g(x)\to g(c)=d\) as \(x\to c\).  
  Since \(u\) is continuous at \(d\), we have
  \[
  u\bigl(g(x)\bigr)\;\xrightarrow[x\to c]{}\;u(d)=f'(d)=f'(g(c)).
  \]

* By definition \(v\) is continuous at \(c\), so
  \[
  v(x)\;\xrightarrow[x\to c]{}\;v(c)=g'(c).
  \]

The product of the limits equals the limit of the product (a standard
property of limits), giving

\[
\lim_{x\to c}\frac{f(g(x))-f(g(c))}{x-c}
   =u(d)\,v(c)=f'(g(c))\,g'(c).
\]

If either \(u\) or \(v\) were not continuous at the relevant point, we could
not replace \(u(g(x))\) by \(u(d)\) or \(v(x)\) by \(v(c)\) in the limit,
and the argument would break down. Thus the continuity of \(u\) at \(d\) and
\(v\) at \(c\) is essential for passing to the limit and obtaining the
chain‑rule formula."
18100a-lecture-19-multicam_360p_16_9,complex analysis in several variables,Full Lecture Transcript,"In the discussion of Rolle’s theorem, the lecturer provides two counterexamples to show that the hypotheses cannot be weakened. Summarize each counterexample and identify precisely which hypothesis it violates, thereby demonstrating the necessity of that hypothesis.","First counterexample: \(f(x)=1-|x|\) on \([-1,1]\). Here \(f(-1)=f(1)=0\) and \(f\) is continuous on \([-1,1]\) but not differentiable at \(x=0\). Hence the hypothesis of differentiability on the open interval is violated. Second counterexample: \(f(x)=x-1\) for \(x\neq -1\) and \(f(-1)=0\) on \([-1,1]\). The function is differentiable on \((-1,1)\) and satisfies \(f(-1)=f(1)=0\), yet \(f'(x)=1\) everywhere, so no point with \(f'(c)=0\). This shows that continuity on the closed interval is necessary. The lecture uses exactly these two examples to demonstrate that dropping either hypothesis invalidates Rolle’s theorem.","**Counter‑example 1 – the “missing end‑point equality”**

*What the lecturer did:*  
He considered the simple function  

\[
f(x)=x ,\qquad 0\le x\le 1 .
\]

It is continuous on \([0,1]\) and differentiable on the open interval \((0,1)\).  
However \(f(0)=0\) and \(f(1)=1\); the values at the two end‑points are **not equal**.  
Because of this, there is no point \(c\in(0,1)\) with \(f'(c)=0\) (indeed \(f'(x)=1\) everywhere).

*Hypothesis violated:*  
The hypothesis that the function takes the same value at the two end‑points, \(f(a)=f(b)\), is essential.  Dropping it allows the conclusion of Rolle’s theorem to fail.

---

**Counter‑example 2 – the “missing differentiability on the open interval”**

*What the lecturer did:*  
He used the function  

\[
f(x)=|x| ,\qquad -1\le x\le 1 .
\]

This function is continuous on \([-1,1]\) and satisfies \(f(-1)=f(1)=0\).  
But it is **not differentiable at the interior point \(x=0\)**; the derivative does not exist there.  
Consequently there is no \(c\in(-1,1)\) with \(f'(c)=0\).

*Hypothesis violated:*  
The requirement that \(f\) be differentiable on the entire open interval \((a,b)\) cannot be weakened.  If differentiability fails at even a single interior point, the conclusion of Rolle’s theorem may fail.

---

These two examples show that each of the hypotheses in Rolle’s theorem—\(f(a)=f(b)\) and differentiability on the open interval—are truly necessary.  Removing either one allows a counter‑example in which the conclusion \(f'(c)=0\) fails."
18100a-lecture-19-multicam_360p_16_9,complex analysis in several variables,Full Lecture Transcript,The lecturer states that a function \(f\) defined on an interval is constant if and only if its derivative is identically zero. Describe the logical reasoning that connects the monotonicity properties (increasing and decreasing) with the statement \(f'(x)=0\) for all \(x\) in the interval.,"If a function \(f\) is constant on an interval, then for any \(x,y\) we have \(f(x)=f(y)\); therefore the function is both non‑decreasing and non‑increasing. For a differentiable function, non‑decreasing implies \(f'(x)\ge 0\) everywhere, while non‑increasing implies \(f'(x)\le 0\) everywhere. Combining these inequalities yields \(f'(x)=0\) for all \(x\). Conversely, if \(f'(x)=0\) everywhere, integrating the derivative (or applying the result that a non‑negative derivative forces an increasing function and a non‑positive derivative forces a decreasing function) shows that \(f\) must be both non‑decreasing and non‑increasing, hence constant. Thus the condition \(f'(x)\equiv0\) is equivalent to \(f\) being constant on the interval.","The lecturer’s argument is a simple “if and only if” chain that uses the two basic monotonicity facts:

1. **Monotonicity → sign of the derivative**  
   * If a function is **increasing** on an interval, then for every point \(x\) in that interval the derivative satisfies  
     \[
     f'(x)\;\ge\;0 .
     \]
   * If a function is **decreasing** on an interval, then for every point \(x\) in that interval the derivative satisfies  
     \[
     f'(x)\;\le\;0 .
     \]

2. **A constant function is both increasing and decreasing**  
   * For a constant function \(f\) we have \(f(x)=f(y)\) for all \(x,y\).  
   * Hence \(f\) satisfies the definition of an increasing function (\(f(x)\le f(y)\)) **and** the definition of a decreasing function (\(f(x)\ge f(y)\)).  
   * Therefore a constant function is simultaneously increasing and decreasing.

3. **Combining the two facts**  
   * Because a constant function is both increasing and decreasing, the derivative must satisfy both inequalities:
     \[
     f'(x)\;\ge\;0 \quad\text{and}\quad f'(x)\;\le\;0 .
     \]
   * The only number that is both \(\ge 0\) and \(\le 0\) is \(0\).  
   * Hence for every \(x\) in the interval,
     \[
     f'(x)=0 .
     \]

4. **Conversely, if the derivative is identically zero**  
   * If \(f'(x)=0\) for all \(x\), then by the same monotonicity results \(f\) is both non‑decreasing (since \(f'\ge0\)) and non‑increasing (since \(f'\le0\)).  
   * A function that is simultaneously non‑decreasing and non‑increasing must be constant.

Thus the logical bridge is:

\[
\text{constant} \;\Longleftrightarrow\; \text{both increasing and decreasing}
\;\Longleftrightarrow\; f'(x)\ge0 \text{ and } f'(x)\le0
\;\Longleftrightarrow\; f'(x)=0 \text{ for all }x .
\]

This chain of implications shows how the monotonicity properties lead directly to the statement that a function is constant if and only if its derivative is identically zero."
18100a-lecture-19-multicam_360p_16_9,function of a complex variable,Full Lecture Transcript,"In the lecture, differentiability of a function at a point c leads to what conclusion about the function’s behavior at that point?",The function is continuous at the point c.,"In the lecture it is stated that **if a function is differentiable at a point \(c\), then it must be continuous at that point**.  Differentiability guarantees that the function has no jump or break at \(c\)."
18100a-lecture-19-multicam_360p_16_9,function of a complex variable,Full Lecture Transcript,"According to the lecture, if two functions f and g are differentiable at a point c and α∈ℝ, what is the derivative of the function αf+g at c?","α\,f'(c) \;+\; g'(c)","The derivative of the linear combination is

\[
(\alpha f+g)'(c)=\alpha\,f'(c)+g'(c).
\]"
18100a-lecture-19-multicam_360p_16_9,function of a complex variable,Full Lecture Transcript,"The lecture states a result involving a relative maximum. If f has a relative maximum at an interior point c∈(a,b) and is differentiable at c, what must f′(c) equal?","Zero, i.e. f′(c)=0.","If \(f\) has a relative maximum at an interior point \(c\in(a,b)\) and is differentiable at \(c\), then the derivative at that point must be zero:  

\[
f'(c)=0.
\]"
18100a-lecture-19-multicam_360p_16_9,function of a complex variable,Full Lecture Transcript,"Under which conditions does Rolle’s theorem guarantee the existence of some c∈(a,b) with f′(c)=0, as explained in the lecture?","f must be continuous on the closed interval [a,b], differentiable on the open interval (a,b), and satisfy f(a)=f(b).","**Rolle’s theorem (as stated in the lecture)**

Let \(f:[a,b]\to\mathbb{R}\) satisfy the following three conditions:

1. **Continuity on the closed interval**  
   \(f\) is continuous at every point of \([a,b]\).

2. **Differentiability on the open interval**  
   \(f\) is differentiable at every point of \((a,b)\) (it may or may not be differentiable at the endpoints).

3. **Equal endpoint values**  
   \(f(a)=f(b)\).

If these conditions hold, then there exists at least one point \(c\) with  
\[
c\in(a,b)\quad\text{and}\quad f'(c)=0 .
\]"
18100a-lecture-19-multicam_360p_16_9,function of a complex variable,Full Lecture Transcript,"What equality does the mean–value theorem assert must hold for some c∈(a,b) when f is continuous on [a,b] and differentiable on (a,b)?","f'(c)\,(b-a)=f(b)-f(a).","The mean–value theorem guarantees that there is a point \(c\) in the open interval \((a,b)\) such that  

\[
f'(c)=\frac{f(b)-f(a)}{\,b-a\,}.
\]"
18100a-lecture-19-multicam_360p_16_9,Rolle's theorem,Full Lecture Transcript,"In the lecture, how is the derivative \(f'\) of a function at a point \(c\) defined?","It is defined as the limit \(\displaystyle \lim_{x\to c}\frac{f(x)-f(c)}{x-c}\), provided this limit exists.","In the lecture the derivative of a function \(f\) at a point \(c\) is defined as the limit  

\[
f'(c)\;=\;\lim_{x\to c}\frac{f(x)-f(c)}{\,x-c\,},
\]

provided that this limit exists."
18100a-lecture-19-multicam_360p_16_9,Rolle's theorem,Full Lecture Transcript,"According to the lecture, why does differentiability at a point imply continuity at that point?","Because the existence of that limit forces \(\displaystyle \lim_{x\to c}f(x)=f(c)\), which is exactly continuity at \(c\).","Because the definition of a derivative at a point \(c\) is the limit  

\[
f'(c)=\lim_{x\to c}\frac{f(x)-f(c)}{x-c},
\]

the existence of this limit forces the numerator \(f(x)-f(c)\) to go to \(0\) as \(x\to c\).  In other words, \(f(x)\) must approach \(f(c)\) when \(x\) approaches \(c\).  That is exactly the condition for continuity at \(c\).  Thus, if a function is differentiable at a point, it must be continuous there."
18100a-lecture-19-multicam_360p_16_9,Rolle's theorem,Full Lecture Transcript,What is the formula for the derivative of the product \(f\cdot g\) when both functions are differentiable at \(c\) as described in the lecture?,"The product rule states \(\displaystyle (f\cdot g)'(c)=f'(c)\,g(c)+f(c)\,g'(c)\).","The product rule states that if \(f\) and \(g\) are differentiable at \(c\), then the product \(f\cdot g\) is differentiable at \(c\) and  

\[
(f\cdot g)'(c)=f'(c)\,g(c)+f(c)\,g'(c).
\]"
18100a-lecture-19-multicam_360p_16_9,Rolle's theorem,Full Lecture Transcript,"According to the lecture, if a differentiable function has a relative maximum at an interior point \(c\) of \((a,b)\), what can be said about its derivative at \(c\)?",The derivative at a relative maximum inside the interval must be zero: \(f'(c)=0\).,"According to the lecture, if a differentiable function attains a relative maximum at an interior point \(c\) of \((a,b)\), then its derivative at that point must be zero:  

\[
f'(c)=0.
\]"
18100a-lecture-19-multicam_360p_16_9,Rolle's theorem,Full Lecture Transcript,"The lecture presents a continuous function on \([-1,1]\) with \(f(-1)=f(1)=0\) that has no point with \(f'(c)=0\). What hypothesis was omitted to cause Rolle's theorem to fail?","The function was not differentiable on the open interval \((-1,1)\); that differentiability hypothesis is required.","The failure occurs because the function is **not differentiable on the open interval \((-1,1)\)**.  
In Rolle’s theorem the hypothesis that \(f\) be differentiable at every point of the open interval \((a,b)\) is essential; omitting it allows a continuous function with \(f(-1)=f(1)=0\) to have no point where \(f'(c)=0\)."
18100a-lecture-19-multicam_360p_16_9,absolute value,Full Lecture Transcript,"In the lecture, if two functions \(f\) and \(g\) are differentiable at a point \(c\) and \(\alpha\in\mathbb{R}\), what is the value of \((\alpha f+g)'(c)\) according to the linearity rule for derivatives?",The derivative is \((\alpha f+g)'(c)=\alpha f'(c)+g'(c)\).,"According to the linearity rule for derivatives,  
\[
(\alpha f+g)'(c)=\alpha\,f'(c)+g'(c)\,.
\]"
18100a-lecture-19-multicam_360p_16_9,absolute value,Full Lecture Transcript,"During the proof of the product rule, why is the fact that differentiability at a point \(c\) implies continuity at \(c\) important for the argument?","The argument uses the existence of the limit defining \(f'(c)\) to conclude that \(\lim_{x\to c}f(x)=f(c)\), ensuring the continuity needed to manipulate limits of products and quotients in the product rule proof.","In the product‑rule proof we write  

\[
\frac{f(x)g(x)-f(c)g(c)}{x-c}
   =f(x)\,\frac{g(x)-g(c)}{x-c}
     +g(c)\,\frac{f(x)-f(c)}{x-c}.
\]

To evaluate the limit as \(x\to c\) we need to replace the factors
\(f(x)\) and \(g(x)\) by their values at the point \(c\).  
That is, we want

\[
\lim_{x\to c}f(x)=f(c),\qquad
\lim_{x\to c}g(x)=g(c).
\]

These equalities are exactly the statement that \(f\) and \(g\) are
continuous at \(c\).  Since differentiability at a point implies
continuity at that point, we can safely replace \(f(x)\) by \(f(c)\)
and \(g(x)\) by \(g(c)\) in the limit.  This allows us to write

\[
\lim_{x\to c}f(x)\frac{g(x)-g(c)}{x-c}
   =f(c)\,g'(c),\qquad
\lim_{x\to c}g(c)\frac{f(x)-f(c)}{x-c}
   =g(c)\,f'(c),
\]

and thus obtain the product rule

\[
(fg)'(c)=f'(c)g(c)+f(c)g'(c).
\]

Without the continuity (hence the differentiability‑implies‑continuity
fact), we could not guarantee that \(f(x)\) and \(g(x)\) approach their
values at \(c\), and the limit argument would break down."
18100a-lecture-19-multicam_360p_16_9,absolute value,Full Lecture Transcript,"State Rolle's theorem as presented in the lecture, including the conditions on continuity, differentiability, and the values at the endpoints \(a\) and \(b\).","If \(f\) is continuous on \([a,b]\), differentiable on \((a,b)\), and \(f(a)=f(b)\), then there exists a point \(c\in(a,b)\) such that \(f'(c)=0\).","**Rolle’s Theorem (as stated in the lecture)**  

Let \(f:[a,b]\to\mathbb{R}\) satisfy  

1. **Continuity**: \(f\) is continuous on the closed interval \([a,b]\).  
2. **Differentiability**: \(f\) is differentiable on the open interval \((a,b)\) (it need not be differentiable at the endpoints).  

If in addition  

3. **Equal endpoint values**: \(f(a)=f(b)\),

then there exists at least one point \(c\) with \(a<c<b\) such that  

\[
f'(c)=0.
\]"
18100a-lecture-19-multicam_360p_16_9,absolute value,Full Lecture Transcript,"According to the lecture, if a differentiable function \(f\) has a relative maximum or minimum at an interior point \(c\in(a,b)\), what must be true about \(f'(c)\)?",The derivative at that interior extremum must vanish: \(f'(c)=0\).,"According to the lecture, if a differentiable function \(f\) has a relative maximum or minimum at an interior point \(c\in(a,b)\), then the derivative at that point must be zero:  

\[
f'(c)=0.
\]"
18100a-lecture-19-multicam_360p_16_9,absolute value,Full Lecture Transcript,"What condition on the derivative characterizes a function that is constant on an interval, as described in the lecture? Include the equivalent statement involving the function being both increasing and decreasing.","A function \(f\) is constant on an interval iff its derivative is identically zero on that interval; equivalently, \(f\) is both increasing and decreasing, which forces \(f'(x)=0\) for all points in the interval.","A function \(f\) is constant on an interval \(I\) **iff** its derivative is identically zero on that interval:

\[
f(x)=\text{constant for all }x\in I \quad\Longleftrightarrow\quad f'(x)=0\ \text{for all }x\in I .
\]

Equivalently, \(f\) is constant exactly when it is simultaneously increasing and decreasing on \(I\).  
Since “increasing” means \(f'(x)\ge 0\) everywhere and “decreasing” means \(f'(x)\le 0\) everywhere, being both forces \(f'(x)=0\) for every \(x\in I\)."
18100a-lecture-19-multicam_360p_16_9,limit,Full Lecture Transcript,"In the lecture, how is the derivative $f'(c)$ defined in terms of limits? State the explicit limit expression.",The derivative $f'(c)$ is defined by the limit\n$$f'(c)=\lim_{x\to c}\frac{f(x)-f(c)}{x-c}.$$,"In the lecture the derivative of \(f\) at the point \(c\) is defined by the limit

\[
f'(c)\;=\;\lim_{x\to c}\frac{f(x)-f(c)}{\,x-c\,},
\]

provided that this limit exists."
18100a-lecture-19-multicam_360p_16_9,limit,Full Lecture Transcript,"According to the discussion, why does differentiability of a function at a point guarantee continuity at that point? Summarize the reasoning presented.","If $f$ is differentiable at $c$, the limit defining $f'(c)$ exists, which implies that the difference quotient approaches a finite number.  From this one can deduce that $\lim_{x\to c}f(x)=f(c)$, so $f$ is continuous at $c$.","Because the very definition of a derivative forces the function to settle down to its value at the point.  
If \(f\) is differentiable at \(c\), the limit  

\[
\lim_{x\to c}\frac{f(x)-f(c)}{x-c}
\]

exists and is finite.  Multiplying the numerator and denominator by \((x-c)\) and taking the limit gives  

\[
\lim_{x\to c}\bigl(f(x)-f(c)\bigr)=0,
\]

so \(\lim_{x\to c}f(x)=f(c)\).  Thus \(f\) is continuous at \(c\).  In short, the existence of the derivative (a stronger condition) automatically guarantees the continuity of the function at that point."
18100a-lecture-19-multicam_360p_16_9,limit,Full Lecture Transcript,"During the proof of the product rule, which property of limits is used to combine the limits of the two terms? Explain which rule of limits justifies this step.","The proof uses the fact that the limit of a sum equals the sum of the limits, and that a constant factor can be pulled out of a limit.  This linearity of limits allows the two individual limits in the product rule to be combined.","In the product‑rule proof we write the difference quotient as

\[
\frac{f(x)-f(c)}{x-c}\,g(x)\;+\;f(c)\,\frac{g(x)-g(c)}{x-c}.
\]

To evaluate the limit as \(x\to c\) we first split it into two separate limits and then combine them.  
The rule that allows us to do this is the **sum rule for limits**:

\[
\lim_{x\to c}\bigl(A(x)+B(x)\bigr)=\lim_{x\to c}A(x)+\lim_{x\to c}B(x),
\]

provided each of the two limits on the right exists.  

In the first term we also use the **product rule for limits**:

\[
\lim_{x\to c}\bigl(g(x)\,\frac{f(x)-f(c)}{x-c}\bigr)
   =\Bigl(\lim_{x\to c}g(x)\Bigr)\Bigl(\lim_{x\to c}\frac{f(x)-f(c)}{x-c}\Bigr)
   =g(c)\,f'(c),
\]

since \(g\) is continuous at \(c\) (so \(\lim g(x)=g(c)\)) and the second limit is \(f'(c)\).

Thus, the step that “combines the limits of the two terms” is justified by the sum rule for limits (and, for the first term, the product rule for limits)."
18100a-lecture-19-multicam_360p_16_9,limit,Full Lecture Transcript,Which two hypotheses are shown as necessary in the lecture for Rolle’s theorem to hold? Give the counterexample that demonstrates why each hypothesis cannot be omitted.,"""Continuity on the closed interval $[a,b]$"" – demonstrated missing‐ness by a function that equals $x-1$ for $x\neq-1$ and $0$ at $x=-1$, which is not continuous at the endpoint yet satisfies $f(a)=f(b)=0$ but has no point where $f'$ is $0$;\n""Differentiability on the open interval $(a,b)$"" – demonstrated missing‐ness by $f(x)=1-|x|$ on $(-1,1)$, which is continuous on $[-1,1]$ and has $f(-1)=f(1)=0$ but is not differentiable at $0$, so no $c$ with $f'(c)=0$. ","**Rolle’s theorem requires two hypotheses**

| Hypothesis | What it says | Counter‑example that shows it cannot be omitted |
|------------|--------------|--------------------------------------------------|
| **Continuity on the closed interval \([a,b]\)** | \(f\) must be continuous at every point of \([a,b]\). | **\(f(x)=\begin{cases}x-1,&x\neq-1\\0,&x=-1\end{cases}\)** on \([-1,1]\).  Here \(f(-1)=f(1)=0\) and \(f\) is differentiable on \((-1,1)\) (derivative \(=1\)), but \(f\) is **not continuous at \(x=-1\)**.  No point \(c\in(-1,1)\) satisfies \(f'(c)=0\).  Thus continuity on the closed interval is essential. |
| **Differentiability on the open interval \((a,b)\)** | \(f\) must be differentiable at every interior point of \([a,b]\). | **\(f(x)=|x|\)** on \([-1,1]\).  The function is continuous on \([-1,1]\) and \(f(-1)=f(1)=1\), but it is **not differentiable at \(x=0\)**.  The derivative is \(-1\) for \(x<0\) and \(+1\) for \(x>0\), so there is no interior point where \(f'(c)=0\).  Hence differentiability on the open interval is required. |

These two counter‑examples demonstrate that dropping either the continuity on the closed interval or the differentiability on the open interval invalidates Rolle’s theorem."
18100a-lecture-19-multicam_360p_16_9,limit,Full Lecture Transcript,What conclusion is derived in the lecture about a function $f$ whose derivative satisfies $f'(x)\ge 0$ for all $x$ in an interval? How does the mean value theorem support this conclusion?,"The lecture concludes that if $f'(x)\ge 0$ for every $x$ in an interval, then $f$ is increasing on that interval.  By the Mean Value Theorem, for any $a<b$ there exists $c\in(a,b)$ with $f(b)-f(a)=f'(c)(b-a)$.  Since $f'(c)\ge0$ and $b-a>0$, we obtain $f(b)-f(a)\ge0$, hence $f(b)\ge f(a)$. ","**Conclusion from the lecture**

If a function \(f\) is differentiable on an interval and its derivative satisfies  

\[
f'(x)\;\ge\;0 \quad\text{for every }x\text{ in that interval},
\]

then \(f\) is **increasing (non‑decreasing)** on that interval.  
That is, for any two points \(x<y\) in the interval we have \(f(x)\le f(y)\).

**How the Mean Value Theorem (MVT) supports this**

The MVT states that for any \(x<y\) in the interval there exists a point \(c\) with  
\(x<c<y\) such that  

\[
\frac{f(y)-f(x)}{\,y-x\,}=f'(c).
\]

Because \(f'(c)\ge 0\) by hypothesis, the quotient \(\frac{f(y)-f(x)}{y-x}\) is non‑negative.  
Since \(y-x>0\), this implies \(f(y)-f(x)\ge 0\), i.e. \(f(y)\ge f(x)\).  

Thus the MVT guarantees that the sign of the derivative controls the monotonicity of the function, yielding the conclusion that \(f\) is increasing whenever \(f'\ge 0\)."
18100a-lecture-19-multicam_360p_16_9,derivative,Full Lecture Transcript,"In the lecture, how is the derivative of a function \(f\) at a point \(c\) defined in terms of a limit?","The derivative \(f'(c)\) is defined as the limit \(\displaystyle \lim_{x\to c}\frac{f(x)-f(c)}{x-c}\), provided this limit exists.","The derivative of \(f\) at the point \(c\) is defined (when the limit exists) by  

\[
f'(c)\;=\;\lim_{x\to c}\frac{f(x)-f(c)}{\,x-c\,}\, .
\]"
18100a-lecture-19-multicam_360p_16_9,derivative,Full Lecture Transcript,"What relationship between differentiability and continuity was highlighted in the discussion, and why is differentiability considered a stronger condition?","The lecture showed that differentiability implies continuity at the point, but continuity does not imply differentiability. Differentiability is therefore a stronger (more restrictive) condition because there are continuous functions that are not differentiable at any point.","**Relationship highlighted**

The lecture emphasized that **if a function is differentiable at a point, it must also be continuous at that point**. In symbols,  
\[
f \text{ differentiable at } c \;\Longrightarrow\; f \text{ continuous at } c .
\]
However, the converse is false: a function can be continuous everywhere yet fail to have a derivative at any point (e.g., the classic nowhere‑differentiable continuous function constructed in the class).

**Why differentiability is a stronger condition**

Differentiability requires the existence of the limit  

\[
\lim_{x\to c}\frac{f(x)-f(c)}{x-c},
\]

which is a more restrictive requirement than merely having  

\[
\lim_{x\to c}f(x)=f(c).
\]

The former demands that the function’s rate of change approaches a single finite value, while the latter only demands that the function’s values approach a single value. Because there are continuous functions that are nowhere differentiable, differentiability imposes additional structure (smoothness) on the function, making it a strictly stronger property than continuity."
18100a-lecture-19-multicam_360p_16_9,derivative,Full Lecture Transcript,"Which rule for the derivative of a product of two functions was proved, and what is the correct formula for \((fg)'(c)\)?","The product rule was proved: for differentiable functions \(f\) and \(g\) at a point \(c\), \((fg)'(c)=f'(c)\,g(c)+f(c)\,g'(c)\).","The lecture proved the **product rule** for derivatives.  
For two functions \(f\) and \(g\) that are differentiable at a point \(c\),

\[
(fg)'(c)=f'(c)\,g(c)+f(c)\,g'(c).
\]"
18100a-lecture-19-multicam_360p_16_9,derivative,Full Lecture Transcript,"According to the lecture, if a differentiable function \(f\) has a relative maximum at an interior point \(c\) of an interval, what must be true about \(f'(c)\)?","If \(f\) has a relative maximum at an interior point \(c\) and is differentiable at \(c\), then \(f'(c)=0\).","According to the lecture, if a differentiable function \(f\) has a relative maximum at an interior point \(c\) of an interval, then the derivative at that point must be zero:  

\[
f'(c)=0.
\]"
18100a-lecture-19-multicam_360p_16_9,derivative,Full Lecture Transcript,What characterization of a constant function on an interval \(\mathbb{I}\) was given in terms of its derivative?,The lecture concluded that a differentiable function \(f\) on an interval \(\mathbb{I}\) is constant if and only if its derivative is identically zero on \(\mathbb{I}\).,"The lecture stated that a function \(f\) is constant on an interval \(\mathbb{I}\) **iff** its derivative vanishes everywhere on that interval. In other words,

\[
f \text{ is constant on } \mathbb{I}\quad \Longleftrightarrow\quad f'(x)=0 \text{ for all } x\in\mathbb{I}.
\]"
18100a-lecture-19-multicam_360p_16_9,slope number,Full Lecture Transcript,"In the lecture, the product rule for derivatives was stated. What is the expression for the derivative of the product \(f(x)g(x)\) evaluated at a point \(c\)?","By the product rule, \( (f\cdot g)'(c)=f'(c)\,g(c)+f(c)\,g'(c)\).","The product rule says that for two differentiable functions \(f\) and \(g\),

\[
\bigl(f(x)\,g(x)\bigr)' \;=\; f'(x)\,g(x)\;+\;f(x)\,g'(x).
\]

Evaluated at the point \(c\) this becomes  

\[
\bigl(fg\bigr)'(c)\;=\;f'(c)\,g(c)\;+\;f(c)\,g'(c).
\]"
18100a-lecture-19-multicam_360p_16_9,slope number,Full Lecture Transcript,The lecturer described the proof of the quotient rule. What is the key condition on the function \(g(x)\) that must hold on the interval for the derivative of \(f(x)/g(x)\) to exist at \(c\)?,The function \(g(x)\) must satisfy \(g(x)\neq0\) for every \(x\) in the interval on which the quotient is considered.,"The lecturer emphasized that the denominator must never vanish.  
In other words, on the interval in question we must have  

\[
g(x)\neq 0 \quad\text{for every }x\text{ in the interval},
\]

so that the quotient \(f(x)/g(x)\) is well‑defined and its derivative can be computed."
18100a-lecture-19-multicam_360p_16_9,slope number,Full Lecture Transcript,"According to the discussion on relative extrema, if a function \(f\) has a relative maximum at some interior point \(c\in(a,b)\) and is differentiable at \(c\), what value does \(f'(c)\) take?",The derivative at that interior point is zero: \(f'(c)=0\).,"According to the lecture, if \(f\) has a relative maximum at an interior point \(c\in(a,b)\) and is differentiable at that point, then the derivative must vanish:  

\[
f'(c)=0.
\]"
18100a-lecture-19-multicam_360p_16_9,slope number,Full Lecture Transcript,"The applicability of Rolle’s theorem depends on certain hypotheses. In the lecture, which two hypotheses must a function \(f\) satisfy on the closed interval \([a,b]\) for Rolle’s theorem to guarantee the existence of a point where \(f'(c)=0\)?","The function must be continuous on the closed interval \([a,b]\) and differentiable on the open interval \((a,b)\), with \(f(a)=f(b)\).","The lecture states that for Rolle’s theorem to apply, the function \(f\) must satisfy **two key hypotheses** on the interval \([a,b]\):

1. **Continuity on the closed interval** \([a,b]\).  
2. **Differentiability on the open interval** \((a,b)\).

When these conditions hold (together with \(f(a)=f(b)\)), Rolle’s theorem guarantees the existence of a point \(c\in(a,b)\) with \(f'(c)=0\)."
18100a-lecture-19-multicam_360p_16_9,slope number,Full Lecture Transcript,"At the end of the lecture, a characterization involving the derivative of a constant function was given. According to the presentation, if a function \(f\) is constant on an interval \(I\), what can be said about \(f'(x)\) for all \(x\in I\)?","If \(f\) is constant on \(I\), then \(f'(x)=0\) for every \(x\in I\).","If \(f\) is constant on an interval \(I\), then its derivative vanishes everywhere on that interval:  

\[
f'(x)=0 \quad\text{for all }x\in I .
\]"
18100a-lecture-19-multicam_360p_16_9,complex analysis,Full Lecture Transcript,"In the lecture, the derivative of a linear combination of two differentiable functions was discussed. If \(f\) and \(g\) are differentiable at a point \(c\) and \(\alpha\in\mathbb{R}\), what is the derivative at \(c\) of the function \(h(x)=\alpha f(x)+g(x)\)?",The derivative at \(c\) is \(h'(c)=\alpha f'(c)+g'(c)\).,"The derivative of the linear combination is

\[
h'(c)=\alpha\,f'(c)+g'(c).
\]"
18100a-lecture-19-multicam_360p_16_9,complex analysis,Full Lecture Transcript,"According to the lecture, if a differentiable function \(f\) attains a relative maximum (or minimum) at a point \(c\) that lies strictly inside an interval, what does the derivative \(f'(c)\) equal?","The derivative must be zero; i.e., \(f'(c)=0\).","According to the lecture, if a differentiable function \(f\) has a relative maximum or minimum at a point \(c\) that lies strictly inside the interval, then the derivative at that point must be zero:

\[
f'(c)=0.
\]"
18100a-lecture-19-multicam_360p_16_9,complex analysis,Full Lecture Transcript,"What are the hypotheses of Rolle’s theorem as stated in the lecture, and what conclusion does it guarantee?","Hypotheses: \(f\) is continuous on the closed interval \([a,b]\) and differentiable on the open interval \((a,b)\); additionally \(f(a)=f(b)\). Conclusion: there exists some \(c\in(a,b)\) such that \(f'(c)=0\).","**Rolle’s theorem (as stated in the lecture)**  

*Hypotheses*  
1. \(f:[a,b]\to\mathbb{R}\) is **continuous** on the closed interval \([a,b]\).  
2. \(f\) is **differentiable** on the open interval \((a,b)\) (it may or may not be differentiable at the endpoints).  
3. The endpoint values are equal: \(f(a)=f(b)\).

*Conclusion*  
There exists at least one point \(c\) with \(a<c<b\) such that  
\[
f'(c)=0 .
\]"
18100a-lecture-19-multicam_360p_16_9,complex analysis,Full Lecture Transcript,The lecture presented two counter‑examples illustrating the necessity of the hypotheses in Rolle’s theorem. Describe one of these examples and explain which hypothesis fails in that case.,"Example: \(f(x)=|x|\) on \([-1,1]\). It is continuous on the closed interval and satisfies \(f(-1)=f(1)=1\), but it is not differentiable at \(0\). The hypothesis of differentiability on the open interval fails, so Rolle’s theorem does not apply.","One of the counter‑examples given in the lecture is the function  

\[
f(x)=
\begin{cases}
x-1, & x\neq -1,\\[4pt]
0,   & x=-1 .
\end{cases}
\]

It is defined on the closed interval \([-1,1]\).  We have  

\[
f(-1)=0,\qquad f(1)=0,
\]

so the endpoints satisfy \(f(-1)=f(1)\) as required by Rolle’s theorem.  
However, the function is **not continuous at \(x=-1\)**: the limit of \(x-1\) as \(x\to-1\) is \(-2\), while the value at \(-1\) is \(0\).  

Because of this lack of continuity on the closed interval, the conclusion of Rolle’s theorem fails: there is no point \(c\in(-1,1)\) with \(f'(c)=0\) (in fact \(f'(x)=1\) for all \(x\neq-1\)).  

Thus this example shows that the hypothesis “\(f\) is continuous on the closed interval \([a,b]\)” is necessary for Rolle’s theorem."
18100a-lecture-19-multicam_360p_16_9,complex analysis,Full Lecture Transcript,"According to the lecture, how can you characterize a differentiable function \(f\) on an interval that is constant? Include the equivalent condition involving its derivative.","A differentiable function \(f\) on an interval is constant if and only if \(f'(x)=0\) for every \(x\) in that interval. Equivalently, \(f\) is simultaneously increasing and decreasing, which forces \(\max f' = \min f' = 0\).","According to the lecture, a differentiable function \(f\) defined on an interval \(I\) is **constant** precisely when its derivative vanishes everywhere on that interval.  
In symbols:

\[
f \text{ is constant on } I \quad\Longleftrightarrow\quad f'(x)=0 \text{ for all } x\in I .
\]

Thus, the condition “\(f'\equiv 0\)” is equivalent to “\(f(x)=f(y)\) for all \(x,y\in I\).”"
18100a-lecture-19-multicam_360p_16_9,increasing function,Full Lecture Transcript,"In the lecture, the linearity rule for derivatives was discussed. What is the derivative of the function \(\alpha f + g\) at a point \(c\) when both \(f\) and \(g\) are differentiable at \(c\)?","The derivative is \(\alpha\,f'(c) + g'(c)\).","The derivative of the linear combination \(\alpha f + g\) at the point \(c\) is  

\[
(\alpha f + g)'(c)=\alpha\,f'(c)+g'(c),
\]

provided that both \(f\) and \(g\) are differentiable at \(c\)."
18100a-lecture-19-multicam_360p_16_9,increasing function,Full Lecture Transcript,"According to the product rule explained in the lecture, how does one compute the derivative of the product \(f \cdot g\) at a point \(c\) when \(f\) and \(g\) are differentiable at \(c\)?","The derivative is \(f'(c)\,g(c) + f(c)\,g'(c)\).","According to the product rule in the lecture, if both \(f\) and \(g\) are differentiable at the point \(c\), then the product \(f\cdot g\) is also differentiable at \(c\) and its derivative is  

\[
(f\cdot g)'(c)=f'(c)\,g(c)+f(c)\,g'(c).
\]"
18100a-lecture-19-multicam_360p_16_9,increasing function,Full Lecture Transcript,"The lecture outlined Rolle's theorem. If a function \(f\) is continuous on the closed interval \([a,b]\), differentiable on \((a,b)\), and satisfies \(f(a)=f(b)\), what conclusion can we draw about the existence of a point \(c\) in \((a,b)\)?","There exists at least one \(c \in (a,b)\) such that \(f'(c)=0\).","According to Rolle’s theorem, there must be at least one point \(c\) in the open interval \((a,b)\) where the derivative vanishes; that is,

\[
\exists\,c\in(a,b)\quad\text{such that}\quad f'(c)=0.
\]"
18100a-lecture-19-multicam_360p_16_9,increasing function,Full Lecture Transcript,"During the lecture, it was shown that a function whose derivative is non‑negative on an interval is increasing. Conversely, if a function \(f\) is increasing on an interval \(I\), what can be said about the sign of \(f'(x)\) for all \(x \in I\) (assuming differentiability)?",The derivative \(f'(x)\) must be greater than or equal to zero for all \(x \in I\).,"If \(f\) is increasing on an interval \(I\) and is differentiable at every point of \(I\), then its derivative cannot be negative anywhere on \(I\).  
In fact, for every \(x\in I\)

\[
f'(x)=\lim_{h\to 0}\frac{f(x+h)-f(x)}{h}\;\ge\;0 .
\]

Thus \(f'(x)\) is **non‑negative** (i.e., \(f'(x)\ge 0\)) for all \(x\in I\)."
18100a-lecture-19-multicam_360p_16_9,increasing function,Full Lecture Transcript,"The relationship between differentiability and local extrema was presented. If \(f\) has a relative maximum at a point \(c\) inside an interval \((a,b)\) and \(f\) is differentiable at \(c\), what must be true about \(f'(c)\)?",The derivative satisfies \(f'(c)=0\).,"If \(f\) attains a relative maximum at an interior point \(c\) of \((a,b)\) and is differentiable there, then the derivative must vanish:

\[
\boxed{\,f'(c)=0\,}.
\]"
18100a-lecture-2-multicammp4_360p_16_9,absolute value,Full Lecture Transcript,"In the lecture, what is the precise condition that a function \(f : A \to B\) must satisfy to be called injective (or \\(1\\)-to\\(1\\))?","A function \(f : A \to B\) is injective if for all \(x_1, x_2 \in A\), the equation \(f(x_1)=f(x_2)\) implies \(x_1=x_2\).","In the lecture a function \(f : A \to B\) is called **injective** (or \(1\)-to‑\(1\)) precisely when

\[
\forall\,x_{1},x_{2}\in A,\quad f(x_{1}) = f(x_{2}) \;\Longrightarrow\; x_{1}=x_{2}.
\]

Equivalently, if \(x_{1}\neq x_{2}\) then \(f(x_{1})\neq f(x_{2})\)."
18100a-lecture-2-multicammp4_360p_16_9,absolute value,Full Lecture Transcript,"According to the discussion on cardinality, how is the statement \(|A| = |B|\) defined in terms of functions between the sets \(A\) and \(B\)?","The equality of cardinalities \(|A| = |B|\) is defined by the existence of a bijective function \(f : A \to B\); that is, a function that is both one‑to‑one and onto.","The notation \(|A| = |B|\) means that the two sets have the same size, which is defined by the existence of a bijective function between them.  
In other words, \(|A| = |B|\) iff there is a bijection \(f : A \to B\) (a one‑to‑one and onto map)."
18100a-lecture-2-multicammp4_360p_16_9,absolute value,Full Lecture Transcript,What criterion does the lecture give for a set \(A\) to be called countably infinite?,A set \(A\) is countably infinite if there exists a bijection from \(A\) onto the set of natural numbers \(\mathbb{N}\).,"A set \(A\) is called **countably infinite** when it has exactly the same size as the natural numbers.  
In other words, there must exist a **bijection** between \(A\) and \(\mathbb{N}\); equivalently, one can pair every element of \(A\) with a natural number, using all natural numbers in the process."
18100a-lecture-2-multicammp4_360p_16_9,absolute value,Full Lecture Transcript,"What does Cantor’s theorem, as presented in the lecture, say about the relationship between a set \(A\) and its power set \\(\mathcal{P}(A)\\)?","Cantor’s theorem states that for any set \(A\), the cardinality of \(A\) is strictly smaller than the cardinality of its power set: \(|A| < |\mathcal{P}(A)|\).","Cantor’s theorem states that for **any** set \(A\),

\[
|A| \;<\; |\mathcal{P}(A)|.
\]

In other words, the power set of \(A\) always has strictly larger cardinality than \(A\) itself. This holds for finite sets (e.g. \(|\mathcal{P}(A)|=2^{|A|}\)) and for infinite sets alike."
18100a-lecture-2-multicammp4_360p_16_9,absolute value,Full Lecture Transcript,Why does the existence of an injective function from a set \(A\) to a set \(B\) imply the inequality \\(|A| \le |B|\\) in the lecture’s terminology?,"An injective function maps each element of \(A\) to a distinct element of \(B\), so we can pair each element of \(A\) with a unique element of \(B\); this pairing shows that the size of \(A\) does not exceed the size of \(B\), hence \(|A| \le |B|\).","In the lecture the symbol “\(|A|\le |B|\)” is **not** a numerical inequality that is proved from other facts; it is a **definition**.  
The lecturer writes:

> “We write \(|A|\le |B|\) to mean that there exists an injective function \(f:A\to B\).”

Thus, whenever we can exhibit an injective map from \(A\) into \(B\), we are immediately saying that \(|A|\le |B|\) in the sense of the lecture.  
Intuitively, an injection pairs each element of \(A\) with a distinct element of \(B\), so \(A\) can be “embedded” into \(B\); therefore the size (cardinality) of \(A\) is at most the size of \(B\).  

So the existence of an injective function from \(A\) to \(B\) **implies** \(|A|\le |B|\) because that inequality is defined to mean exactly that existence."
18100a-lecture-2-multicammp4_360p_16_9,bijection,Full Lecture Transcript,"According to the discussion on cardinality, what two properties must a function satisfy in order to be called a bijection between two sets \(A\) and \(B\)?",A function must be both **injective** (one‑to‑one) and **surjective** (onto) to be called a bijection.,"A function is a **bijection** between two sets \(A\) and \(B\) only if it is

1. **Injective (one‑to‑one)** – distinct elements of \(A\) map to distinct elements of \(B\);  
2. **Surjective (onto)** – every element of \(B\) is the image of some element of \(A\).

Only when both of these properties hold does the function establish a one‑to‑one pairing between the two sets, i.e., a bijection."
18100a-lecture-2-multicammp4_360p_16_9,bijection,Full Lecture Transcript,What is the definition of two sets \(A\) and \(B\) having the same cardinality as presented in the lecture? Write the formal statement using the notion of a bijection.,Two sets \(A\) and \(B\) have the same cardinality iff there exists a bijection \(f\colon A \to B\).,"**Definition (from the lecture).**  
Two sets \(A\) and \(B\) are said to have the same cardinality, written  
\[
|A| = |B|,
\]
iff there exists a bijective function (a one‑to‑one and onto map)  
\[
f : A \longrightarrow B .
\]"
18100a-lecture-2-multicammp4_360p_16_9,bijection,Full Lecture Transcript,"If there exists an injective map from \(A\) to \(B\) and another injective map from \(B\) to \(A\), what conclusion about \(A\) and \(B\) is drawn in the lecture?","According to the Cantor–Schröder–Bernstein theorem, \(A\) and \(B\) have the same cardinality.","The lecture concludes that \(A\) and \(B\) have the same size (cardinality).  In other words, the existence of injections both ways implies that there is a bijection between \(A\) and \(B\)."
18100a-lecture-2-multicammp4_360p_16_9,bijection,Full Lecture Transcript,What theorem is cited regarding the size of a set \(A\) compared to its power set \(\mathcal{P}(A)\)? State the relationship.,"For any set \(A\), the cardinality of \(A\) is strictly smaller than that of its power set: \(|A| < |\mathcal{P}(A)|\).","The lecture cites **Cantor’s theorem**.  
It states that for every set \(A\),

\[
|A| \;<\; |\mathcal{P}(A)|.
\]

In words, the cardinality of a set is strictly smaller than the cardinality of its power set."
18100a-lecture-2-multicammp4_360p_16_9,bijection,Full Lecture Transcript,Which explicit bijection is used in the lecture to show that the set of even natural numbers has the same size as \(\mathbb{N}\)? Provide the formula for the bijection.,The bijection is \(f:\mathbb{N}\to \{2n : n\in\mathbb{N}\}\) defined by \(f(n)=2n\).,"The lecturer explicitly uses the map  

\[
f:\mathbb{N}\longrightarrow \{\,2,4,6,\dots \,\}, \qquad f(n)=2n .
\]

This function sends \(1\mapsto 2,\; 2\mapsto 4,\; 3\mapsto 6,\) etc., and is a bijection between \(\mathbb{N}\) and the set of even natural numbers."
18100a-lecture-2-multicammp4_360p_16_9,injection,Full Lecture Transcript,"According to the lecture, under what condition do two sets \(A\) and \(B\) have the same size?",Two sets \(A\) and \(B\) have the same size precisely when there exists a bijection (a one‑to‑one and onto function) from \(A\) to \(B\).,"According to the lecture, two sets \(A\) and \(B\) are said to have the same size **iff** there exists a bijection (a one‑to‑one and onto function) between them. In other words, the elements of \(A\) can be paired off with the elements of \(B\) in a one‑to‑one correspondence."
18100a-lecture-2-multicammp4_360p_16_9,injection,Full Lecture Transcript,What is the definition of a countably infinite set given in the presentation?,"A set is called countably infinite if there exists a bijection between that set and the set of natural numbers \(\mathbb{N}\); equivalently, its elements can be put into a one‑to‑one correspondence with the natural numbers.","A set \(A\) is **countably infinite** when there is a one‑to‑one correspondence between \(A\) and the natural numbers.  
In other words, we can pair each element of \(A\) with a natural number \(1,2,3,\dots\) using all natural numbers, i.e., there exists a bijection \(f:A\to\mathbb{N}\)."
18100a-lecture-2-multicammp4_360p_16_9,injection,Full Lecture Transcript,"Which theorem is cited as ensuring that if there is an injection from \(A\) to \(B\) and an injection from \(B\) to \(A\), then \(A\) and \(B\) have the same cardinality?",The Cantor–Schröder–Bernstein theorem.,"The theorem is the **Cantor–Bernstein (or Cantor–Bernstein–Schröder) theorem**. It guarantees that if there is an injection \(A\to B\) and an injection \(B\to A\), then there exists a bijection between \(A\) and \(B\), so the two sets have the same cardinality."
18100a-lecture-2-multicammp4_360p_16_9,injection,Full Lecture Transcript,Why does the lecture say that the set of even natural numbers has the same cardinality as the set of all natural numbers?,"Because the function \(f:\mathbb{N}\to 2\mathbb{N}\) defined by \(f(n)=2n\) is both one‑to‑one and onto, giving a bijection between \(\mathbb{N}\) and the even natural numbers.","Because in the lecture cardinality is defined by the existence of a **bijection** between two sets.  
For the set of all natural numbers \( \mathbb{N} \) and the set of even natural numbers  
\(E=\{\,2,4,6,\dots \}\) we can explicitly construct such a bijection:

\[
f:\mathbb{N}\longrightarrow E,\qquad f(n)=2n .
\]

* **Injective**: If \(f(n_1)=f(n_2)\) then \(2n_1=2n_2\), so \(n_1=n_2\).  
* **Surjective**: Every even number \(m\in E\) can be written as \(m=2k\) for some \(k\in\mathbb{N}\); thus \(f(k)=m\).

Since \(f\) is both one‑to‑one and onto, it is a bijection, and therefore the two sets have the same cardinality.  

The lecture emphasizes that this is a general property of infinite sets: a proper subset (the evens) can have the same “size” as the whole set (all naturals) when a bijection exists. Hence the set of even natural numbers has the same cardinality as the set of all natural numbers."
18100a-lecture-2-multicammp4_360p_16_9,injection,Full Lecture Transcript,What does Cantor’s theorem state about the relationship between the size of a set \(A\) and the size of its power set \(\mathcal{P}(A)\)?,"Cantor’s theorem asserts that for any set \(A\), the cardinality of its power set \(\mathcal{P}(A)\) is strictly greater than the cardinality of \(A\).","Cantor’s theorem says that for **every** set \(A\) the power set \(\mathcal{P}(A)\) is strictly larger than \(A\) itself. In symbols,

\[
|A| \;<\; |\mathcal{P}(A)|.
\]

That is, there is no bijection between \(A\) and \(\mathcal{P}(A)\); the power set always has a strictly greater cardinality."
18100a-lecture-2-multicammp4_360p_16_9,inverse,Full Lecture Transcript,"In the lecture, what specific property must a function \(f \colon A \to B\) satisfy in order for the sets \(A\) and \(B\) to be said to have the same size?","The function \(f \colon A \to B\) must be a bijection; that is, \(f\) must be both one‑to‑one (injective) and onto (surjective). This ensures every element of \(A\) is paired uniquely with an element of \(B\) and vice‑versa.","In the lecture, the sets \(A\) and \(B\) are said to have the same size **iff** there exists a **bijection** \(f \colon A \to B\).  
That is, \(f\) must be both one‑to‑one (injective) and onto (surjective)."
18100a-lecture-2-multicammp4_360p_16_9,inverse,Full Lecture Transcript,The lecture gives a concrete mapping from the natural numbers to the even natural numbers. State this mapping explicitly and explain how it shows that the two sets have the same size.,"The mapping is \(f(n)=2n\) for every natural number \(n\). It is injective because if \(2n=2m\) then \(n=m\), and it is onto the set of even natural numbers because each even number \(2k\) is the image of \(k\). Thus \(f\) is a bijection between \(\mathbb{N}\) and the evens, proving they have the same cardinality.","**Mapping**

The lecture defines the function  

\[
f:\mathbb{N}\longrightarrow 2\mathbb{N}\quad\text{by}\quad f(n)=2n .
\]

In words:  
* 1 is sent to 2,  
* 2 is sent to 4,  
* 3 is sent to 6,  
* 4 is sent to 8,  
* … and in general the \(n\)-th natural number is sent to the \(n\)-th even natural number.

**Why this shows the two sets have the same size**

1. **Injective (one‑to‑one)**  
   If \(f(n_1)=f(n_2)\) then \(2n_1=2n_2\).  
   Dividing by 2 gives \(n_1=n_2\).  
   Thus no two different natural numbers are sent to the same even number.

2. **Surjective (onto)**  
   Take any even natural number \(m\).  
   By definition of “even”, \(m=2k\) for some natural number \(k\).  
   Then \(f(k)=2k=m\).  
   Hence every even natural number is hit by the function.

Since \(f\) is both one‑to‑one and onto, it is a bijection.  
A bijection between two sets is precisely the formal way of saying the two sets have the same cardinality (the same “size”). Therefore the natural numbers \(\mathbb{N}\) and the even natural numbers \(2\mathbb{N}\) have the same size."
18100a-lecture-2-multicammp4_360p_16_9,inverse,Full Lecture Transcript,"According to the lecture, what does the Cantor–Schröder–Bernstein theorem say about two sets \(A\) and \(B\) when there exist injections \(f \colon A \to B\) and \(g \colon B \to A\)?","The theorem states that if there are injections \(f \colon A \to B\) and \(g \colon B \to A\), then there exists a bijection between \(A\) and \(B\). Consequently, the two sets have equal cardinality, i.e., \(|A|=|B|\).","According to the lecture, the Cantor–Schröder–Bernstein theorem says that if there are injections  
\(f\colon A\to B\) and \(g\colon B\to A\), then there exists a bijection between \(A\) and \(B\); in other words, \(A\) and \(B\) have the same cardinality."
18100a-lecture-2-multicammp4_360p_16_9,inverse,Full Lecture Transcript,"What conclusion does the lecture present regarding the size of a set \(A\) compared to the size of its power set \(\mathcal{P}(A)\), and what reasoning supports this conclusion?","The lecture asserts that for any set \(A\), the cardinality of \(A\) is strictly smaller than the cardinality of its power set \(\mathcal{P}(A)\), written \(|A|<|\mathcal{P}(A)|\). This follows from Cantor’s diagonal argument, which shows that no bijection can exist between \(A\) and \(\mathcal{P}(A)\).","**Conclusion in the lecture**

The lecture states that for **every** set \(A\),

\[
|A| \;<\; |\mathcal{P}(A)|.
\]

In other words, the power set of \(A\) is strictly larger (has a strictly greater cardinality) than \(A\) itself.

**Reasoning that supports this conclusion**

1. **Cantor’s theorem** – The lecture cites the theorem due to Cantor, which asserts exactly this inequality for any set. The usual proof (the “diagonal argument”) shows that no function from \(A\) onto \(\mathcal{P}(A)\) can exist: given any map \(f:A\to\mathcal{P}(A)\), one can construct a subset of \(A\) that is not in the image of \(f\), proving that \(f\) cannot be surjective. Hence \(|A|<|\mathcal{P}(A)|\).

2. **Finite‑set case** – For finite sets the lecture gives an inductive argument: if \(|A|=n\), then \(|\mathcal{P}(A)|=2^n\), and by induction \(2^n>n\). This concrete calculation illustrates the general principle in the finite case.

3. **Implication for infinite sets** – The lecture notes that this result applies to infinite sets as well, leading to an infinite hierarchy of cardinalities: \(\aleph_0 < 2^{\aleph_0} < 2^{2^{\aleph_0}} < \dots\). This shows that there are infinitely many distinct “sizes” of infinity.

Thus, the lecture concludes that the power set of any set is strictly larger than the set itself, supported by Cantor’s theorem and the finite‑set calculation."
18100a-lecture-2-multicammp4_360p_16_9,inverse,Full Lecture Transcript,"In the lecture, how is an uncountable set defined, and what example is given to illustrate such a set?","An uncountable set is one for which there is no bijection with the natural numbers, i.e., its size is strictly larger than that of \(\mathbb{N}\). The lecture cites the real numbers \(\mathbb{R}\) (or equivalently the power set of \(\mathbb{N}\)) as an example of an uncountable set.","**Definition in the lecture**  
A set is called **uncountable** when it is *not* countable – that is, when there is no bijection between the set and the natural numbers.  
(Recall that a set is *countable* if it is either finite or has the same size as the natural numbers.)

**Example given**  
The lecture points out that the **power set of the natural numbers** (the set of all subsets of ℕ) has strictly larger cardinality than ℕ itself, and therefore is an example of an uncountable set."
18100a-lecture-2-multicammp4_360p_16_9,fundamental theorem of arithmetic,Full Lecture Transcript,"According to the lecture, what condition must be met for two sets \(A\) and \(B\) to be said to have the same size (cardinality)?","Two sets have the same size when there exists a bijection (a one‑to‑one and onto function) between them, i.e., when their elements can be paired off by such a bijective function.","According to the lecture, two sets \(A\) and \(B\) are said to have the same size (cardinality) **iff there exists a bijection between them** – that is, the elements of \(A\) can be paired off one‑to‑one with the elements of \(B\)."
18100a-lecture-2-multicammp4_360p_16_9,fundamental theorem of arithmetic,Full Lecture Transcript,"According to the lecture, how is a function \(f\colon A\to B\) described as injective (or one‑to‑one) in terms of its values on elements of \(A\)?","A function \(f\) is injective if for all \(x_1, x_2\in A\), the equality \(f(x_1)=f(x_2)\) implies \(x_1=x_2\); equivalently, distinct elements of \(A\) map to distinct elements of \(B\).","In the lecture a function \(f\colon A\to B\) is called **injective** (or **one‑to‑one**) when

\[
\text{if } f(x_{1}) = f(x_{2}) \text{ then } x_{1}=x_{2},
\]

or, equivalently, when distinct elements of \(A\) are sent to distinct elements of \(B\) (i.e. \(x_{1}\neq x_{2}\) implies \(f(x_{1})\neq f(x_{2})\))."
18100a-lecture-2-multicammp4_360p_16_9,fundamental theorem of arithmetic,Full Lecture Transcript,"According to the lecture, what does the Cantor–Schröder–Bernstein theorem assert about two sets \(A\) and \(B\) when both \(|A|\le|B|\) and \(|B|\le|A|\) hold?","The theorem states that if there is an injection from \(A\) into \(B\) and an injection from \(B\) into \(A\), then there is a bijection between \(A\) and \(B\), so \(|A|=|B|\).","The Cantor–Schröder–Bernstein theorem says that if both inequalities hold—\(|A|\le |B|\) and \(|B|\le |A|\)—then the two sets have the same cardinality: \(|A|=|B|\) (equivalently, there is a bijection between \(A\) and \(B\))."
18100a-lecture-2-multicammp4_360p_16_9,fundamental theorem of arithmetic,Full Lecture Transcript,"According to the lecture, why does the map \(f(n)=2n\) demonstrate that the set of even natural numbers has the same cardinality as the set of all natural numbers?","The map \(f(n)=2n\) is injective because different natural numbers produce different even numbers, and it is surjective onto the even numbers because every even number can be written uniquely as \(2n\) for some \(n\in\mathbb{N}\); thus \(f\) is a bijection, showing the two sets have equal cardinality.","Because the lecture shows that the function  

\[
f:\mathbb N \longrightarrow \{\,2,4,6,\dots \}, \qquad f(n)=2n
\]

is a **bijection**.  

* **Injective (one‑to‑one):** If \(f(n_1)=f(n_2)\) then \(2n_1=2n_2\), so \(n_1=n_2\).  
* **Surjective (onto):** Every even natural number \(m\) can be written as \(m=2k\) for some \(k\in\mathbb N\); then \(f(k)=m\).

Since there is a one‑to‑one correspondence between all natural numbers and the even natural numbers, the two sets have the same cardinality."
18100a-lecture-2-multicammp4_360p_16_9,fundamental theorem of arithmetic,Full Lecture Transcript,"According to the lecture, which key idea underlies Cantor’s claim that for any set \(A\) the cardinality of \(A\) is strictly smaller than the cardinality of its power set \(\mathcal{P}(A)\)?","Cantor’s argument shows that no bijection can exist from \(A\) to its power set \(\mathcal{P}(A)\); thus there are strictly more subsets of \(A\) than elements of \(A\), establishing \(|A|<|\mathcal{P}(A)|\).","The lecture points out that Cantor’s theorem rests on the **diagonal‑argument idea**: for any function \(f:A\to\mathcal P(A)\) one can construct a subset of \(A\) (the “diagonal” set of elements that are not in their own image) that is not in the range of \(f\).  Thus no surjection from \(A\) onto \(\mathcal P(A)\) exists, so \(|A|<|\mathcal P(A)|\)."
18100a-lecture-2-multicammp4_360p_16_9,countable set,Full Lecture Transcript,"According to the lecture, what precise condition must be met for two sets \(A\) and \(B\) to be said to have the same ""size""?",Two sets \(A\) and \(B\) have the same size if and only if there exists a bijective function (one‑to‑one and onto) \(f : A \to B\).,"According to the lecture, two sets \(A\) and \(B\) are said to have the same “size” **iff there exists a bijection between them** – that is, a one‑to‑one and onto function \(f:A\to B\) pairing every element of \(A\) with a unique element of \(B\) and vice versa."
18100a-lecture-2-multicammp4_360p_16_9,countable set,Full Lecture Transcript,"What does the Cantor–Schr""oder–Bernstein theorem assert about the relationship between the sizes of sets \(A\) and \(B\), as described in the lecture?","If there are injections \(f : A \to B\) and \(g : B \to A\) (i.e., \( \lvert A\rvert \leq \lvert B\rvert\) and \( \lvert B\rvert \leq \lvert A\rvert\)), then there exists a bijection between \(A\) and \(B\) (hence \( \lvert A\rvert = \lvert B\rvert\)).","The Cantor–Schröder–Bernstein theorem says that if there is an injection from \(A\) into \(B\) **and** an injection from \(B\) into \(A\) (i.e. the size of \(A\) is \(\le\) the size of \(B\) and the size of \(B\) is \(\le\) the size of \(A\)), then the two sets actually have the same size. In other words, there exists a bijection between \(A\) and \(B\)."
18100a-lecture-2-multicammp4_360p_16_9,countable set,Full Lecture Transcript,How is a set defined to be *countably infinite* in the lecture?,"A set \(A\) is countably infinite when there exists a bijection from \(A\) onto the natural numbers \(\mathbb{N}\); equivalently, \(A\) has the same cardinality as \(\mathbb{N}\).","In the lecture a set \(A\) is called **countably infinite** when it has the same “size’’ as the natural numbers.  Formally, this means there exists a bijection (one‑to‑one and onto map) from \(A\) onto \(\mathbb{N}\).  In other words, the elements of \(A\) can be listed as \(a_1,a_2,a_3,\dots\) with no element left out."
18100a-lecture-2-multicammp4_360p_16_9,countable set,Full Lecture Transcript,What is the main strategy used in the lecture to prove that the set of even natural numbers has the same cardinality as the natural numbers?,"Define the function \(f:\mathbb{N}\to\{2n:n\in\mathbb{N}\}\) by \(f(n)=2n\). This function is injective, surjective, and therefore bijective, showing that the even naturals have the same size as \(\mathbb{N}\).","The lecturer’s approach is to **construct an explicit bijection** between the two sets.  
They define the map  

\[
f:\mathbb N \to \{\,2,4,6,\dots\}, \qquad f(n)=2n,
\]

and then show that this function is one‑to‑one (injective) and onto (surjective).  
By exhibiting this bijection, they prove that the even natural numbers have the same cardinality as the natural numbers."
18100a-lecture-2-multicammp4_360p_16_9,countable set,Full Lecture Transcript,"What is Cantor's theorem about a set and its power set, as stated in the lecture?","For every set \(A\), the cardinality of \(A\) is strictly smaller than the cardinality of its power set \(\mathcal{P}(A)\); there is no bijection between \(A\) and \(\mathcal{P}(A)\).","Cantor’s theorem states that for **every** set \(A\) the power set of \(A\) is strictly larger than \(A\) itself.  In symbols,

\[
|A| \;<\; |\mathcal{P}(A)|.
\]

That is, there is no bijection between a set and its power set; the power set always has strictly greater cardinality."
18100a-lecture-2-multicammp4_360p_16_9,inverse function,Full Lecture Transcript,"In the lecture, how is a function \(f\colon A\to B\) defined in terms of its action on elements of \(A\)?",A function \(f\colon A\to B\) assigns to each element \(x\in A\) a unique element \(f(x)\in B\); this assignment is what determines the function.,"In the lecture a function \(f\colon A\to B\) is described as a rule that **assigns to each element \(x\) of \(A\) a single, unique element \(f(x)\) of \(B\)**.  In other words, for every \(x\in A\) there is exactly one \(y\in B\) such that \(y=f(x)\)."
18100a-lecture-2-multicammp4_360p_16_9,inverse function,Full Lecture Transcript,"According to the discussion on cardinality, what condition guarantees that two sets \(A\) and \(B\) have the same size?","Two sets \(A\) and \(B\) have the same size precisely when there exists a bijection \(f\colon A\to B\) (i.e., a function that is both injective and surjective).","Two sets \(A\) and \(B\) are said to have the same size exactly when there is a **bijection** between them – i.e., a one‑to‑one, onto function that pairs every element of \(A\) with a unique element of \(B\) and vice‑versa."
18100a-lecture-2-multicammp4_360p_16_9,inverse function,Full Lecture Transcript,"Using the example with the sets \(\{A,B,C\}\) and \(\{1,2,3\}\), explain why these two sets are said to have the same cardinality.","The sets have the same cardinality because we can pair each letter with a distinct natural number: \(A\leftrightarrow1\), \(B\leftrightarrow2\), \(C\leftrightarrow3\). This one‑to‑one, onto correspondence demonstrates a bijection between the two sets.","In the lecture the notion of “size” (cardinality) is made precise by **pairing off** the elements of two sets with a one‑to‑one correspondence.  
For the two concrete sets

\[
X=\{A,B,C\}\qquad\text{and}\qquad Y=\{1,2,3\},
\]

we can define a function  

\[
f:X\longrightarrow Y
\]

by

\[
f(A)=1,\qquad f(B)=2,\qquad f(C)=3 .
\]

This function is

* **injective** (no two different elements of \(X\) map to the same element of \(Y\)), and  
* **surjective** (every element of \(Y\) is hit by some element of \(X\)).

Hence \(f\) is a **bijection**.  
By the definition given in the lecture, two sets have the same cardinality exactly when there exists a bijection between them.  
Since we have exhibited such a bijection, the sets \(\{A,B,C\}\) and \(\{1,2,3\}\) are said to have the same cardinality."
18100a-lecture-2-multicammp4_360p_16_9,inverse function,Full Lecture Transcript,State the Cantor‑Schröder‑Bernstein theorem as presented in the lecture.,"If there are injections \(f\colon A\to B\) and \(g\colon B\to A\) (so \(|A|\le |B|\) and \(|B|\le |A|\)), then there exists a bijection \(h\colon A\to B\); consequently \(|A|=|B|\).","**Cantor–Schröder–Bernstein Theorem (as stated in the lecture)**  

If there exist injections \(f:A\to B\) and \(g:B\to A\) (equivalently, if \(|A|\le |B|\) and \(|B|\le |A|\)), then there is a bijection between \(A\) and \(B\); that is, \(|A|=|B|\)."
18100a-lecture-2-multicammp4_360p_16_9,inverse function,Full Lecture Transcript,What is the relationship between the size of a set \(A\) and the size of its power set \(\mathcal{P}(A)\) as described?,"For every set \(A\), the cardinality of its power set \(\mathcal{P}(A)\) is strictly larger: \(|A| < |\mathcal{P}(A)|\).","**Answer**

For every set \(A\) the power set \(\mathcal{P}(A)\) is strictly larger than \(A\) itself.  
- If \(A\) is finite with \(|A|=n\), then \(|\mathcal{P}(A)|=2^{\,n}\), and \(2^{\,n}>n\).  
- If \(A\) is infinite, Cantor’s theorem says \(|A|<|\mathcal{P}(A)|\) as well.  

Thus, in all cases the cardinality of the power set is strictly greater than the cardinality of the original set."
18100a-lecture-2-multicammp4_360p_16_9,Cantor–Bernstein–Schroeder theorem,Full Lecture Transcript,"In the lecture, how is the notion of two sets \(A\) and \(B\) having the same size formally defined?",Two sets \(A\) and \(B\) have the same size when there exists a bijective function \(f\colon A \to B\) (a one‑to‑one and onto map).,"In the lecture the “size” of a set is captured by the existence of a one‑to‑one correspondence.  
Formally, two sets \(A\) and \(B\) are said to have the same size (or be of equal cardinality) **iff** there exists a bijective function  

\[
f : A \longrightarrow B .
\]

Equivalently, one can say that the elements of \(A\) can be paired off with the elements of \(B\) so that each element of \(A\) is matched with a unique element of \(B\) and vice‑versa. This bijection is the precise formal definition of “having the same size” in the lecture."
18100a-lecture-2-multicammp4_360p_16_9,Cantor–Bernstein–Schroeder theorem,Full Lecture Transcript,"According to the discussion on functions, which equivalent condition characterises a function \(f\colon A \to B\) as injective?","A function \(f\colon A \to B\) is injective iff for all \(x_{1},x_{2}\in A\), \(f(x_{1})=f(x_{2})\) implies \(x_{1}=x_{2}\); equivalently, distinct inputs have distinct outputs.","A function \(f\colon A\to B\) is **injective** precisely when

\[
f(x_{1})=f(x_{2}) \;\Longrightarrow\; x_{1}=x_{2},
\]

or, equivalently, when

\[
x_{1}\neq x_{2}\;\Longrightarrow\; f(x_{1})\neq f(x_{2}).
\]"
18100a-lecture-2-multicammp4_360p_16_9,Cantor–Bernstein–Schroeder theorem,Full Lecture Transcript,What does the Cantor–Bernstein–Schroeder theorem state about the relationships \( |A| \le |B|\) and \( |B| \le |A|\) in the lecture?,"The theorem states: if there exists an injection from \(A\) into \(B\) and an injection from \(B\) into \(A\), then there exists a bijection between \(A\) and \(B\); equivalently, \(|A| = |B|\).","The lecture states that **if there is an injection from \(A\) into \(B\) (so \(|A|\le |B|\)) and an injection from \(B\) into \(A\) (so \(|B|\le |A|\)), then the two sets have the same cardinality**. In other words, the Cantor–Bernstein–Schroeder theorem guarantees a bijection between \(A\) and \(B\), so \(|A|=|B|\)."
18100a-lecture-2-multicammp4_360p_16_9,Cantor–Bernstein–Schroeder theorem,Full Lecture Transcript,"From the lecture’s example, what bijection is explicitly used to show that \(\mathbb{N}\) and the set of even natural numbers have the same size?","The bijection used is \(f\colon \mathbb{N}\to\{2,4,6,\dots\}\) defined by \(f(n)=2n\). This map is both one‑to‑one and onto the even naturals.","The lecture explicitly uses the map  

\[
f:\mathbb N \longrightarrow \{\,2,4,6,\dots \}, \qquad f(n)=2n .
\]

This function \(f(n)=2n\) is a bijection between \(\mathbb N\) and the set of even natural numbers."
18100a-lecture-2-multicammp4_360p_16_9,Cantor–Bernstein–Schroeder theorem,Full Lecture Transcript,"In the final part of the lecture, what relationship between a set \(A\) and its power set \(\mathcal{P}(A)\) is asserted regarding their cardinalities?","For every set \(A\), the cardinality of \(A\) is strictly smaller than the cardinality of its power set: \(|A| < |\mathcal{P}(A)|\).","The lecture states that for any set \(A\), the cardinality of \(A\) is **strictly smaller** than the cardinality of its power set \(\mathcal{P}(A)\); i.e., \(|A| < |\mathcal{P}(A)|\)."
18100a-lecture-2-multicammp4_360p_16_9,continuum hypothesis,Full Lecture Transcript,"According to the lecture, how is the term *cardinality* defined for two sets A and B?","Two sets \(A\) and \(B\) have the same cardinality if there exists a bijection \(f\colon A\to B\); that is, \(f\) is a function such that every element of \(A\) is paired with a unique element of \(B\) and every element of \(B\) is the image of a unique element of \(A\).","In the lecture, *cardinality* is defined in terms of bijections:  

> Two sets \(A\) and \(B\) are said to have the same cardinality (written \(|A| = |B|\)) **iff** there exists a bijective function \(f : A \to B\).  

Thus, the “size” of a set is measured by whether it can be paired off one‑to‑one with another set."
18100a-lecture-2-multicammp4_360p_16_9,continuum hypothesis,Full Lecture Transcript,"Based on the lecture, what is an injective function and how does its definition guarantee a one‑to‑one pairing between elements of a set A and a set B?","An injective function \(f\colon A\to B\) is one that satisfies: for all \(x_1,x_2\in A\), \(f(x_1)=f(x_2)\) implies \(x_1=x_2\).  This property ensures that distinct elements of \(A\) are sent to distinct elements of \(B\), establishing a one‑to‑one correspondence from \(A\) into \(B\) and thereby enabling us to ‘pair off’ each member of \(A\) with a unique member of \(B\).","**Injective (1‑to‑1) function (from the lecture)**  
A function \(f : A \to B\) is called **injective** (or **1‑to‑1**) if it satisfies  

\[
f(x_{1}) = f(x_{2}) \;\Longrightarrow\; x_{1} = x_{2}.
\]

Equivalently, the contrapositive is  

\[
x_{1} \neq x_{2} \;\Longrightarrow\; f(x_{1}) \neq f(x_{2}).
\]

**Why this guarantees a one‑to‑one pairing**

- The definition says that no two *different* elements of \(A\) can be sent to the same element of \(B\).  
- Therefore each element of \(A\) is matched with a *unique* element of \(B\).  
- Conversely, each element of \(B\) that is hit by \(f\) comes from exactly one element of \(A\).  

Thus the function establishes a one‑to‑one correspondence between the elements of \(A\) and their images in \(B\)."
18100a-lecture-2-multicammp4_360p_16_9,continuum hypothesis,Full Lecture Transcript,State the Cantor–Schröder–Bernstein theorem as presented in the lecture and describe why it implies that two sets of ‘equal size’ are equivalent.,"The Cantor–Schröder–Bernstein theorem states: if a set \(A\) is injective into \(B\) (i.e., \(|A|\le |B|\)) and \(B\) is injective into \(A\) (i.e., \(|B|\le |A|\)), then \(A\) and \(B\) have the same cardinality, \(|A|=|B|\).  Its significance is that it guarantees the existence of a bijection between two sets whenever each can be ‘no larger than’ the other, which guarantees equality of their sizes.","**Cantor–Schröder–Bernstein theorem (as stated in the lecture)**  
> If the size of a set \(A\) is less than or equal to the size of a set \(B\) (i.e. there is an injective map \(f:A\to B\)) **and** the size of \(B\) is less than or equal to the size of \(A\) (i.e. there is an injective map \(g:B\to A\)), then the size of \(A\) equals the size of \(B\).  
> In other words, there exists a bijective map \(h:A\to B\).

**Why this implies that two sets of “equal size” are equivalent**

1. “Equal size” in the lecture is defined by the existence of a bijection between the two sets.  
2. The theorem shows that if each set can be injected into the other (the weaker condition of “size ≤”), then a bijection must exist.  
3. Thus, whenever the two sets satisfy the two injections, they are not just comparable in size—they are *equivalent* in the sense that there is a one‑to‑one correspondence between all their elements. This bijection is the formal witness that the two sets truly have the same cardinality."
18100a-lecture-2-multicammp4_360p_16_9,continuum hypothesis,Full Lecture Transcript,"Why does the lecture claim that for any set A the power set \(\mathcal{P}(A)\) has strictly larger cardinality than A, and how does this fact show that there exist sets that are uncountable?","The lecture explains that, for any set \(A\), the power set \(\mathcal{P}(A)\) contains all subsets of \(A\); Cantor’s argument shows that no function from \(A\) onto \(\mathcal{P}(A)\) can be surjective, hence \(|A| < |\mathcal{P}(A)|\).  Applying this to the natural numbers \( \mathbb{N}\) gives \(|\mathbb{N}| < |\mathcal{P}(\mathbb{N})|\), so \(\mathcal{P}(\mathbb{N})\) is uncountable, establishing the existence of sets that are strictly larger than the countably infinite set of natural numbers.","**Why the lecture says that \(\mathcal{P}(A)\) is strictly larger than \(A\)**  

The lecture refers to **Cantor’s theorem**.  
Cantor’s theorem states:

> For every set \(A\) there is **no** surjection \(f:A\to\mathcal{P}(A)\).  
> Consequently the cardinality of \(A\) is strictly smaller than the cardinality of its power set:
> \[
> |A|<|\mathcal{P}(A)|.
> \]

The proof that the lecture alludes to is the classic *diagonal argument*:

1. Assume, for contradiction, that a function \(f:A\to\mathcal{P}(A)\) is onto.  
2. Consider the set  
   \[
   D=\{\,a\in A\mid a\notin f(a)\,\}.
   \]
   \(D\) is a subset of \(A\), so \(D\in\mathcal{P}(A)\).  
3. Because \(f\) is onto, there must be some \(b\in A\) with \(f(b)=D\).  
4. Now ask whether \(b\in D\).  
   * If \(b\in D\), then by definition of \(D\) we must have \(b\notin f(b)=D\) – a contradiction.  
   * If \(b\notin D\), then by definition of \(D\) we must have \(b\in f(b)=D\) – again a contradiction.  

Thus no surjection can exist, so \(|A|<|\mathcal{P}(A)|\). The lecture therefore claims that the power set is “strictly larger” in cardinality.

---

**How this shows that uncountable sets exist**

Take the particular set \(A=\mathbb{N}\) of natural numbers.  
By Cantor’s theorem:

\[
|\mathbb{N}| < |\mathcal{P}(\mathbb{N})|.
\]

But \(|\mathbb{N}|\) is the cardinality of the *countably infinite* sets.  
If \(\mathcal{P}(\mathbb{N})\) had the same cardinality as \(\mathbb{N}\), it would be countable.  
Since its cardinality is strictly larger, \(\mathcal{P}(\mathbb{N})\) cannot be countable; it is **uncountable**.

Thus the lecture’s claim that every set’s power set is strictly larger immediately yields an example of an uncountable set: the power set of the natural numbers. This demonstrates that there are sets whose size exceeds that of the natural numbers."
18100a-lecture-2-multicammp4_360p_16_9,continuum hypothesis,Full Lecture Transcript,"What is the continuum hypothesis as introduced in the lecture, and why does the lecturer say it is beyond the scope of the current course?","The continuum hypothesis asks whether there exists a set \(A\) such that \( \aleph_0 < |A| < |\mathcal{P}(\mathbb{N})|\); that is, whether there is a set whose cardinality lies strictly between that of the integers and that of the real numbers.  The lecturer notes that the truth or falsity of this hypothesis is independent of the standard axioms of set theory (ZFC), making it a deeper, undecidable problem that lies beyond the material covered in the class.","**Continuum hypothesis (as stated in the lecture)**  
The lecturer asks: *“Does there exist a set \(A\) whose size is larger than that of the natural numbers (so \(A\) is uncountable) but strictly smaller than the size of the power set of the natural numbers?”*  
In other words, is there a cardinality strictly between \(\aleph_{0}\) (the cardinality of \(\mathbb{N}\)) and \(2^{\aleph_{0}}\) (the cardinality of \(\mathcal{P}(\mathbb{N})\))?  This question is called the **continuum hypothesis**.

**Why the lecturer says it is beyond the scope of the current course**  
The lecturer notes that the continuum hypothesis is *independent* of the standard axioms of set theory (ZFC).  Proving or disproving it requires tools and concepts that go far beyond the material covered in the course, such as advanced set‑theoretic techniques and independence results.  Therefore, the topic is mentioned as an interesting open question but is deliberately left out of the current syllabus."
18100a-lecture-2-multicammp4_360p_16_9,set of positive integers,Full Lecture Transcript,"According to the lecture, what precise condition on a function \(f:A\to B\) guarantees that the sets \(A\) and \(B\) have the same cardinality?","A bijection; that is, there exists a function \(f:A\to B\) that is both one‑to‑one and onto.","The lecture states that **two sets \(A\) and \(B\) have the same cardinality if and only if there exists a bijective function \(f : A \to B\)**.  
In other words, the function must be both injective (one‑to‑one) and surjective (onto)."
18100a-lecture-2-multicammp4_360p_16_9,set of positive integers,Full Lecture Transcript,"Explain in your own words what the Cantor–Schröder–Bernstein theorem states, and why it is useful when comparing the sizes of two infinite sets.","It asserts that if there is an injection from \(A\) into \(B\) and an injection from \(B\) into \(A\), then there exists a bijection between \(A\) and \(B\). This allows us to conclude equality of cardinalities even when only partial pairings are easily exhibited.","**What the theorem says (in plain language)**  
The Cantor–Schröder–Bernstein theorem tells us that if we can “fit” one set into another in two ways—  
1. we can pair every element of set A with a distinct element of set B (an injection from A to B), and  
2. we can also pair every element of set B with a distinct element of set A (an injection from B to A)—  

then the two sets actually have exactly the same size. In other words, there is a one‑to‑one correspondence (a bijection) between the two sets.  

**Why this is useful for infinite sets**  
For infinite sets it is often hard to write down a bijection directly.  
The theorem gives a much easier route:  
* If you can find an injection in one direction, you already know that the first set is no larger than the second.  
* If you can also find an injection in the opposite direction, you know the second set is no larger than the first.  

Once both injections exist, the theorem guarantees a bijection, so the two sets have the same cardinality.  

This method is used, for example, to show that the natural numbers, the integers, and the rational numbers all have the same size, even though constructing an explicit bijection for each pair can be tedious. Thus, Cantor–Schröder–Bernstein is a powerful tool for comparing the sizes of infinite sets."
18100a-lecture-2-multicammp4_360p_16_9,set of positive integers,Full Lecture Transcript,The natural numbers and the set of even natural numbers were shown to have the same cardinality. Write explicitly the bijection between these two sets that was described in the lecture and verify that it is indeed a bijection.,"Define \(f:\mathbb{N}\to 2\mathbb{N}\) by \(f(n)=2n\).  
    *Injective*: If \(f(n_{1})=f(n_{2})\) then \(2n_{1}=2n_{2}\) and hence \(n_{1}=n_{2}\).  
    *Surjective*: For any even number \(m=2k\) there exists \(n=k\) with \(f(n)=m\).  
    Thus \(f\) is a bijection, showing \(|\mathbb{N}|=|2\mathbb{N}|\).","**Bijection described in the lecture**

Let  

\[
f:\mathbb N \longrightarrow 2\mathbb N ,\qquad f(n)=2n .
\]

In words:  
*1 is sent to 2, 2 is sent to 4, 3 is sent to 6, 4 is sent to 8, …*  
(If the natural numbers are taken to start at 0, then \(f(0)=0\) as well.)

---

### Verification that \(f\) is a bijection

1. **Injective (one‑to‑one)**  
   Suppose \(f(n)=f(m)\).  
   Then \(2n = 2m\).  
   Dividing by 2 gives \(n=m\).  
   Hence no two distinct natural numbers have the same image; \(f\) is injective.

2. **Surjective (onto)**  
   Take any element \(y\) of the set of even natural numbers, i.e. \(y=2k\) for some \(k\in\mathbb N\).  
   Choose \(n=k\).  
   Then \(f(n)=f(k)=2k=y\).  
   Thus every even natural number is hit by \(f\); \(f\) is surjective.

Since \(f\) is both injective and surjective, it is a bijection between \(\mathbb N\) and the set of even natural numbers \(2\mathbb N\).

---

**Inverse map**  
The inverse function \(f^{-1}:2\mathbb N\to\mathbb N\) is simply

\[
f^{-1}(2n)=n .
\]

This confirms the bijection in both directions."
18100a-lecture-2-multicammp4_360p_16_9,set of positive integers,Full Lecture Transcript,"Why does the fact that the countable union of finite sets can be placed in a one‑to‑one correspondence with the natural numbers not hold for the set of all rational numbers, based on the lecture’s discussion?","The lecture explained that for the rationals one cannot simply “count” by stepping from one element to the next because between any two rationals there is another rational. The proof of countability therefore requires a more elaborate construction (e.g., arranging rationals in a grid and scanning diagonally) rather than the intuitive counting used for the natural numbers or their even/odd subsets.","Because the “countable‑union‑of‑finite‑sets” trick only works when every piece of the union is actually **finite**.  
In the lecture the students learn that if  

\[
S=\bigcup_{n\in\mathbb N}F_n ,
\]

and each \(F_n\) is a finite set, then we can list the elements of all the \(F_n\)’s in a single sequence and obtain a one‑to‑one correspondence with \(\mathbb N\).  

The set of rational numbers, however, cannot be written as a countable union of finite sets in a way that covers all rationals.  
Typical “layers’’ of \(\mathbb Q\) that one might try to use are, for example, the rationals with a fixed denominator \(n\):

\[
R_n=\Bigl\{\frac{p}{n}\;:\;p\in\mathbb Z\Bigr\}.
\]

Each \(R_n\) is **infinite** (there are infinitely many numerators \(p\)), so the family \(\{R_n:n\in\mathbb N\}\) is a countable union of **infinite** sets, not a countable union of finite sets.  
Because the pieces are not finite, the argument that “a countable union of finite sets is countable’’ does not apply.

Moreover, the lecture points out that the rationals are dense: between any two rationals there is another rational. This density prevents a simple “next‑number” ordering like that of the integers, so the usual trick of listing them one by one fails.

Thus, the reason the countable‑union‑of‑finite‑sets argument does not hold for \(\mathbb Q\) is that the natural partitions of \(\mathbb Q\) (e.g., by denominator) are infinite, so the hypothesis of the theorem is violated. The countability of \(\mathbb Q\) must be shown by a different construction (e.g., pairing numerators and denominators or using prime factorizations)."
18100a-lecture-2-multicammp4_360p_16_9,set of positive integers,Full Lecture Transcript,"State Cantor’s theorem about power sets in the form presented in the lecture and explain, without proof, why this theorem implies the existence of infinitely many distinct cardinalities.","Cantor’s theorem states: for any set \(A\), \(|A|<|\mathcal{P}(A)|\).  Since the power‑set operator strictly increases cardinality for every \(A\), one can iterate this operation ad infinitum, producing an infinite ascending chain of distinct cardinalities (e.g., \(|\mathbb{N}|<|\mathcal{P}(\mathbb{N})|<|\mathcal{P}(\mathcal{P}(\mathbb{N}))|<\cdots\)).  This demonstrates that there are infinitely many different “sizes” of infinity.","**Cantor’s theorem (as stated in the lecture)**  
> For every set \(A\) the cardinality of \(A\) is strictly smaller than the cardinality of its power set:  
> \[
> |A| \;<\; |\,\mathcal P(A)\,|.
> \]

**Why this gives infinitely many distinct cardinalities**  
Apply the theorem repeatedly.  
Starting with any set \(A\) (for example the natural numbers \(\mathbb N\)) we obtain

\[
|A| \;<\; |\mathcal P(A)| \;<\; |\mathcal P(\mathcal P(A))| \;<\; |\mathcal P(\mathcal P(\mathcal P(A)))| \;<\; \dots
\]

Each step produces a strictly larger cardinality, so the sequence of cardinalities is infinite and all distinct.  Thus there is an infinite hierarchy of “sizes of infinity” – an infinite number of different cardinalities."
18100a-lecture-20-multicam_1_360p_16_9,Taylor's theorem,Full Lecture Transcript,"In the lecture, why does the Taylor polynomial of a function whose all derivatives at 0 vanish become identically zero, and what does this reveal about the necessity of including the remainder term?","Because every derivative of the function at 0 equals zero, each coefficient \(\frac{f^{(k)}(0)}{k!}\) in the Taylor polynomial is zero. The polynomial therefore collapses to the zero function. This shows that the remainder term must carry all of the function’s behavior; discarding it would incorrectly conclude that the function is identically zero.","In the lecture the function is chosen so that **every derivative at the point \(x=0\) is zero**.  
The Taylor polynomial of order \(n\) about \(x=0\) is

\[
P_n(x)=\sum_{k=0}^{n}\frac{f^{(k)}(0)}{k!}\,x^{k}.
\]

Because each \(f^{(k)}(0)=0\), every coefficient in the sum is zero, and therefore

\[
P_n(x)\equiv 0 \qquad\text{for all }x.
\]

Thus the Taylor polynomial is identically the zero polynomial.

The lecture then points out that the full Taylor formula is

\[
f(x)=P_n(x)+R_n(x),
\]

where \(R_n(x)\) is the remainder term.  Since \(P_n(x)\) is zero, the entire function is carried by the remainder:

\[
f(x)=R_n(x).
\]

If one were to discard the remainder, one would incorrectly conclude that \(f(x)=0\) near \(x=0\), which is false.  This example shows that the remainder term is **essential**; the Taylor polynomial alone need not approximate the function away from the expansion point, even though it matches all derivatives at that point."
18100a-lecture-20-multicam_1_360p_16_9,Taylor's theorem,Full Lecture Transcript,"According to the discussion, how is the Mean Value Theorem applied repeatedly to produce a point \(c\) such that the remainder of Taylor’s formula equals \(\frac{f^{(n+1)}(c)}{(n+1)!}(x-x_0)^{\,n+1}\)?","The lecture defines a new function \(g(s)=f(s)-p_n(s)-M(s-x_0)^{n+1}\) where \(M\) is a constant to be determined. Since \(g(x_0)=0\) and \(g(x)=0\), Rolle’s theorem gives a point where \(g'\) vanishes. Repeating the argument \(n+1\) times yields a point \(c\) between \(x\) and \(x_0\) for which \(g^{(n+1)}(c)=0\). Computing this derivative shows \(M=\frac{f^{(n+1)}(c)}{(n+1)!}\), giving the remainder in the desired form.","**Answer**

The lecture shows that the remainder can be written in the form  

\[
R_n(x)=\frac{f^{(n+1)}(c)}{(n+1)!}\,(x-x_0)^{\,n+1}
\]

by *iterating the Mean‑Value Theorem (MVT) on a specially‑constructed auxiliary function*.

1. **Define the auxiliary function**  
   \[
   g(s)=f(s)-P_n(s)-M\,(s-x_0)^{\,n+1},
   \]
   where \(P_n\) is the \(n\)-th Taylor polynomial of \(f\) at \(x_0\) and \(M\) is the unknown constant that will become the remainder coefficient.

2. **Observe the vanishing of \(g\) and its first \(n\) derivatives at \(x_0\)**  
   Because \(P_n\) matches \(f\) and its first \(n\) derivatives at \(x_0\), we have  
   \[
   g(x_0)=0,\qquad g'(x_0)=0,\qquad \dots,\qquad g^{(n)}(x_0)=0 .
   \]

3. **Apply the MVT successively**  
   * First, apply the MVT to \(g\) on \([x_0,x]\).  
     There exists \(x_1\in(x_0,x)\) such that \(g'(x_1)=0\).
   * Next, apply the MVT to \(g'\) on \([x_0,x_1]\).  
     There exists \(x_2\in(x_0,x_1)\) such that \(g''(x_2)=0\).
   * Continue this process.  
     After \(k\) steps we find \(x_k\in(x_0,x_{k-1})\) with \(g^{(k)}(x_k)=0\).

   After \(n\) iterations we have a point \(x_n\) with  
   \[
   g^{(n)}(x_n)=0 .
   \]

4. **Final application of the MVT**  
   Apply the MVT to \(g^{(n)}\) on \([x_0,x_n]\).  
   There exists \(c\in(x_0,x_n)\subset(x_0,x)\) such that  
   \[
   g^{(n+1)}(c)=\frac{g^{(n)}(x_n)-g^{(n)}(x_0)}{x_n-x_0}=0 .
   \]

5. **Identify \(M\)**  
   By differentiating \(g\) \(n+1\) times we get  
   \[
   g^{(n+1)}(s)=f^{(n+1)}(s)-M\,(n+1)! .
   \]
   Setting \(g^{(n+1)}(c)=0\) gives  
   \[
   M=\frac{f^{(n+1)}(c)}{(n+1)!}.
   \]

6. **Write the remainder**  
   Substituting this \(M\) back into the definition of \(g\) yields  
   \[
   f(x)=P_n(x)+\frac{f^{(n+1)}(c)}{(n+1)!}\,(x-x_0)^{\,n+1},
   \]
   which is the desired form of the remainder.

Thus, by repeatedly applying the Mean‑Value Theorem to \(g, g', g'',\dots,g^{(n)}\), we locate a point \(c\) where the \((n+1)\)-st derivative of \(g\) vanishes, leading directly to the remainder term \(\frac{f^{(n+1)}(c)}{(n+1)!}(x-x_0)^{\,n+1}\)."
18100a-lecture-20-multicam_1_360p_16_9,Taylor's theorem,Full Lecture Transcript,"What does the lecture state about the agreement between the Taylor polynomial \(p_n\) and the function \(f\) at the center point \(x_0\), and what implication follows for using \(p_n\) as an approximation away from \(x_0\)?","The lecture emphasizes that the Taylor polynomial \(p_n\) coincides with \(f\) and with all derivatives of \(f\) up to order \(n\) at the point \(x_0\) (\(p_n^{(k)}(x_0)=f^{(k)}(x_0)\) for \(k=0,\dots,n\)). This agreement is purely local: it guarantees equality only at \(x_0\) and does not ensure that \(p_n\) approximates \(f\) well at points away from \(x_0\), as the remainder term may still be large.","The lecture says that the Taylor polynomial \(p_n\) **exactly matches the function \(f\) at the centre point \(x_0\)** – not only does \(p_n(x_0)=f(x_0)\), but the first \(n\) derivatives of \(p_n\) at \(x_0\) are equal to the corresponding derivatives of \(f\). In other words, \(p_n\) agrees with \(f\) up to order \(n\) at \(x_0\).

However, the lecture also stresses that this local agreement **does not guarantee that \(p_n\) is a good approximation of \(f\) away from \(x_0\)**. The remainder term in Taylor’s theorem can be large (even equal to the whole function in some examples), so one cannot simply discard it and expect the polynomial to faithfully represent \(f\) elsewhere. Thus, while \(p_n\) is exact at \(x_0\), its usefulness as an approximation elsewhere depends on the size of the remainder."
18100a-lecture-20-multicam_1_360p_16_9,Taylor's theorem,Full Lecture Transcript,"How does the lecture logically establish the second derivative test for a strict relative minimum, particularly highlighting the role of continuity of \(f''\) and the application of Taylor’s theorem?","The lecture uses the fact that \(f''\) is continuous on \((a,b)\) and that \(f''(x_0)>0\). By continuity there exists a small interval around \(x_0\) where \(f''\) remains positive. Applying Taylor’s theorem with remainder to a point \(x\) in that interval gives \(f(x)=f(x_0)+\frac{f''(c)}{2}(x-x_0)^2\) for some \(c\) between \(x\) and \(x_0\). Because \(f''(c)>0\) and \((x-x_0)^2>0\) for \(x\neq x_0\), we deduce \(f(x)>f(x_0)\) nearby, establishing a strict relative minimum at \(x_0\).","**Logical outline of the proof in the lecture**

1. **Assumptions**  
   * \(f\) is defined on an open interval \((a,b)\).  
   * \(f\) has two continuous derivatives on \((a,b)\).  
   * At a point \(x_{0}\in(a,b)\) we have  
     \[
     f'(x_{0})=0 ,\qquad f''(x_{0})>0 .
     \]

2. **Continuity of \(f''\) gives a neighbourhood where \(f''\) stays positive**  
   * Because \(f''\) is continuous at \(x_{0}\) and \(f''(x_{0})>0\), the limit  
     \[
     \lim_{c\to x_{0}}f''(c)=f''(x_{0})>0
     \]
     implies (by the definition of continuity) that there exists a \(\delta_{0}>0\) such that  
     \[
     f''(c)>0 \quad\text{for all }c\in(x_{0}-\delta_{0},\,x_{0}+\delta_{0}).
     \]
   * This step is crucial: it guarantees that in a whole neighbourhood of \(x_{0}\) the second derivative never changes sign.

3. **Apply Taylor’s theorem with the remainder**  
   * For any \(x\) in the interval \((x_{0}-\delta_{0},\,x_{0}+\delta_{0})\) the lecture uses the form of Taylor’s theorem that gives a point \(c\) between \(x\) and \(x_{0}\) such that  
     \[
     f(x)=f(x_{0})+f'(x_{0})(x-x_{0})+\frac{1}{2}f''(c)(x-x_{0})^{2}.
     \]
   * Because \(f'(x_{0})=0\), this simplifies to  
     \[
     f(x)=f(x_{0})+\frac{1}{2}f''(c)(x-x_{0})^{2}.
     \]

4. **Sign of the remainder term**  
   * The factor \((x-x_{0})^{2}\) is non‑negative and is zero only when \(x=x_{0}\).  
   * The factor \(f''(c)\) is strictly positive by the choice of \(\delta_{0}\).  
   * Therefore, for every \(x\neq x_{0}\) in the neighbourhood,  
     \[
     f(x)-f(x_{0})=\frac{1}{2}f''(c)(x-x_{0})^{2}>0 .
     \]

5. **Conclusion – strict relative minimum**  
   * There exists a \(\delta=\delta_{0}\) such that for all \(x\) with \(|x-x_{0}|<\delta\) and \(x\neq x_{0}\), we have \(f(x)>f(x_{0})\).  
   * This is exactly the definition of a **strict relative minimum** at \(x_{0}\).

---

**Key roles highlighted in the lecture**

* **Continuity of \(f''\)** – ensures that the sign of the second derivative does not change near \(x_{0}\), allowing us to find a neighbourhood where \(f''\) is uniformly positive.  
* **Taylor’s theorem** – provides the precise expansion that isolates the quadratic term involving \(f''(c)\), making it possible to compare \(f(x)\) with \(f(x_{0})\) and deduce the strict inequality.  

Thus, the lecture logically establishes the second derivative test for a strict relative minimum by first securing a neighbourhood of positivity for \(f''\) via continuity, then applying Taylor’s theorem to show that the function rises above its value at \(x_{0}\) on that neighbourhood."
18100a-lecture-20-multicam_1_360p_16_9,Taylor's theorem,Full Lecture Transcript,"In the exposition on Riemann integration, what is the definition of a partition, its norm, and a tagged partition, and how does the limit of the associated Riemann sums as the norm goes to zero give the Riemann integral?","A partition of \([a,b]\) is a finite ordered list of points \(x_0<a<x_1<\dots<x_n=b\). Its norm is \(\max_{1\le k\le n}(x_k-x_{k-1})\). A tagged partition adds one point \(c_k\) in each subinterval, \(x_{k-1}\le c_k\le x_k\). The Riemann sum for a continuous function \(f\) is \(S_f=\sum_{k=1}^n f(c_k)(x_k-x_{k-1})\). As the norm of the partition tends to zero, these sums are shown to converge to a single number; this limit is taken as the Riemann integral of \(f\) over \([a,b]\).","**Definition of a partition**  
A partition of the interval \([a,b]\) is a finite ordered list of points  

\[
\underline{x}= (x_{0},x_{1},\dots ,x_{n}), \qquad a=x_{0}<x_{1}<\dots <x_{n}=b .
\]

The points \(x_{0},x_{1},\dots ,x_{n}\) are called the *partition points*.  
They are the endpoints of the little sub‑intervals  

\[
[x_{0},x_{1}],\;[x_{1},x_{2}],\;\dots ,\;[x_{n-1},x_{n}].
\]

**Norm of a partition**  
The norm (or mesh) of a partition \(\underline{x}\) is the length of the largest sub‑interval:

\[
\|\underline{x}\| \;=\; \max_{1\le k\le n}\,(x_{k}-x_{k-1}).
\]

It measures how fine the partition is; the smaller the norm, the finer the partition.

**Tagged partition**  
A *tagged partition* is a partition together with a choice of a point inside each sub‑interval.  
If \(\underline{x}\) is a partition, a tag is a set  

\[
\underline{c}= (c_{1},c_{2},\dots ,c_{n})
\]

such that for every \(k\)

\[
x_{k-1}\;<\;c_{k}\;<\;x_{k}.
\]

The pair \((\underline{x},\underline{c})\) is called a tagged partition.  
The points \(c_{k}\) are called the *tags* (or sample points) of the partition.

**Riemann sum associated to a tagged partition**  
For a function \(f\) defined on \([a,b]\), the Riemann sum of \(f\) with respect to the tagged partition \((\underline{x},\underline{c})\) is

\[
S(f,\underline{x},\underline{c}) \;=\;
\sum_{k=1}^{n} f(c_{k})\,(x_{k}-x_{k-1}).
\]

This sum is interpreted as an *approximate area* under the graph of \(f\).

**Limit of the Riemann sums and the Riemann integral**  
The idea of the Riemann integral is that as we refine the partition—i.e., as the norm \(\|\underline{x}\|\) tends to zero—the Riemann sums should converge to a single number, independent of the particular choice of tags.  

Formally, \(f\) is said to be **Riemann integrable** on \([a,b]\) if there exists a number \(A\) such that for every \(\varepsilon>0\) there is a \(\delta>0\) with the property:

> Whenever a tagged partition \((\underline{x},\underline{c})\) satisfies \(\|\underline{x}\|<\delta\), the corresponding Riemann sum satisfies  
> \[
> |S(f,\underline{x},\underline{c})-A|<\varepsilon .
> \]

The number \(A\) is then called the **Riemann integral** of \(f\) over \([a,b]\) and is denoted

\[
\int_{a}^{b} f(x)\,dx \;=\; A .
\]

In words: the limit of the Riemann sums, as the partition becomes arbitrarily fine (norm → 0), gives the Riemann integral, which we interpret as the area under the curve of \(f\). This limit, when it exists, is the same for all sequences of tagged partitions whose norms go to zero."
18100a-lecture-20-multicam_1_360p_16_9,second derivative test,Full Lecture Transcript,"According to the discussion on strict relative minima, what is the precise definition of a strict relative minimum \(x_{0}\) for a function \(f\)?","There exists a \(\delta>0\) such that for every \(x\) with \(0<|x-x_{0}|<\delta\), one has \(f(x)>f(x_{0})\).","A point \(x_{0}\) is a **strict relative minimum** of a function \(f\) if there is a neighbourhood of \(x_{0}\) in which \(f(x_{0})\) is the *strict* smallest value.  Formally,

\[
\exists\,\delta>0 \text{ such that } \forall\,x\in (x_{0}-\delta,\;x_{0}+\delta),\; x\neq x_{0}\implies f(x)>f(x_{0}).
\]

In other words, in some open interval around \(x_{0}\) every other point has a strictly larger function value than \(f(x_{0})\)."
18100a-lecture-20-multicam_1_360p_16_9,second derivative test,Full Lecture Transcript,"In the proof of the second derivative test, why does the continuity of \(f''\) on \((a,b)\) allow us to find a \(\delta_{0}>0\) such that \(f''(c)>0\) for all \(c\) with \(|c-x_{0}|<\delta_{0}\)?","Because \(f''(x_{0})>0\) and continuity of \(f''\) ensures there is a neighborhood of \(x_{0}\) where \(f''\) stays within a positive margin of its value at \(x_{0}\), making \(f''(c)\) positive for all \(c\) in that neighborhood.","Because \(f''\) is continuous on \((a,b)\), it is continuous at the particular point \(x_{0}\).  
By the definition of continuity at \(x_{0}\),

\[
\lim_{x\to x_{0}}f''(x)=f''(x_{0}) .
\]

The hypothesis of the second‑derivative test gives \(f''(x_{0})>0\).  
Hence, for the positive number \(f''(x_{0})\) we can choose a tolerance, say \(\varepsilon=\tfrac12 f''(x_{0})\).  
Continuity then guarantees the existence of a \(\delta_{0}>0\) such that

\[
|x-x_{0}|<\delta_{0}\;\Longrightarrow\;|f''(x)-f''(x_{0})|<\varepsilon .
\]

From this inequality we obtain

\[
f''(x) > f''(x_{0})-\varepsilon = \tfrac12 f''(x_{0})>0 .
\]

Thus for every \(c\) with \(|c-x_{0}|<\delta_{0}\) we have \(f''(c)>0\).  
In short, continuity ensures that \(f''\) stays arbitrarily close to its positive value \(f''(x_{0})\) in a small neighbourhood of \(x_{0}\), so it remains positive there."
18100a-lecture-20-multicam_1_360p_16_9,second derivative test,Full Lecture Transcript,"When applying Taylor’s theorem with remainder, what part of the argument guarantees the existence of a point \(c\) between \(x\) and \(x_{0}\) such that the remainder term equals \(\frac{f''(c)}{2}(x-x_{0})^{2}\)?",The argument repeatedly applies the Mean Value Theorem to the function \(g(s)=f(s)-f(x_{0})-f'(x_{0})(s-x_{0})\); iterating it yields a point \(c\) between \(x\) and \(x_{0}\) for which the second‑order remainder is \(\frac{f''(c)}{2}(x-x_{0})^{2}\).,"The existence of the point \(c\) comes from the **mean‑value theorem** (or its Cauchy version) that is applied in the proof of Taylor’s theorem with remainder.

In the argument we define a function  

\[
g(s)=f(s)-f(x_{0})-f'(x_{0})(s-x_{0}),
\]

which satisfies \(g(x_{0})=0\).  
Applying the mean‑value theorem to \(g\) on the interval \([x_{0},x]\) (or \([x,x_{0}]\) if \(x<x_{0}\)) gives a point \(c\) in that interval such that  

\[
g'(c)=\frac{g(x)-g(x_{0})}{x-x_{0}}=\frac{g(x)}{x-x_{0}} .
\]

Since \(g'(s)=f'(s)-f'(x_{0})\), this yields  

\[
f'(c)-f'(x_{0})=\frac{g(x)}{x-x_{0}} .
\]

Applying the mean‑value theorem again to \(f'\) on \([x_{0},c]\) gives a point \(c\) where  

\[
f''(c)=\frac{f'(c)-f'(x_{0})}{c-x_{0}} .
\]

Combining the two equalities gives  

\[
g(x)=\frac{f''(c)}{2}(x-x_{0})^{2},
\]

which is the remainder term in Taylor’s theorem. Thus, the **mean‑value theorem** (used twice) is the part of the argument that guarantees the existence of the point \(c\) between \(x\) and \(x_{0}\)."
18100a-lecture-20-multicam_1_360p_16_9,second derivative test,Full Lecture Transcript,Why does the term \(f'(x_{0})(x-x_{0})\) disappear in the Taylor expansion used in the proof?,"The hypothesis of the test states \(f'(x_{0})=0\), so the linear term \(f'(x_{0})(x-x_{0})\) vanishes in the Taylor expansion.","In the proof we are expanding the function about the point \(x_{0}\) **under the hypothesis that \(x_{0}\) is a critical point**.  
That hypothesis means

\[
f'(x_{0}) = 0 .
\]

When we write the Taylor expansion of \(f\) at \(x_{0}\) up to the second order,

\[
f(x)=f(x_{0})+f'(x_{0})(x-x_{0})+\frac{f''(c)}{2}(x-x_{0})^{2},
\]

the first‑order term \(f'(x_{0})(x-x_{0})\) is multiplied by the zero value \(f'(x_{0})\).  
Hence that term vanishes identically, leaving only the constant term and the quadratic remainder.  

So the linear term disappears because the derivative at the expansion point is zero."
18100a-lecture-20-multicam_1_360p_16_9,second derivative test,Full Lecture Transcript,What does the positivity of \(f''(c)\) imply about the inequality \(f(x)>f(x_{0})\) for \(x\neq x_{0}\) within the chosen \(\delta\)?,"Since \(f''(c)>0\) and \((x-x_{0})^{2}>0\) for \(x\neq x_{0}\), the remainder \(\frac{f''(c)}{2}(x-x_{0})^{2}\) is positive, giving \(f(x)=f(x_{0})+\text{positive}>f(x_{0})\).","Because the second derivative is positive on the whole interval, the quadratic term that appears in the Taylor expansion is strictly positive whenever \(x\neq x_{0}\).  
In the proof we write  

\[
f(x)=f(x_{0})+\frac{f''(c)}{2}\,(x-x_{0})^{2}
\]

for some \(c\) between \(x\) and \(x_{0}\).  
Since \(f''(c)>0\) and \((x-x_{0})^{2}>0\) for \(x\neq x_{0}\), the product \(\frac{f''(c)}{2}(x-x_{0})^{2}\) is positive. Hence  

\[
f(x) > f(x_{0}) \qquad\text{for all }x\in(x_{0}-\delta,\;x_{0}+\delta)\setminus\{x_{0}\}.
\]

So the positivity of \(f''(c)\) guarantees the strict inequality \(f(x)>f(x_{0})\) in the chosen \(\delta\)-neighborhood of \(x_{0}\)."
18100a-lecture-20-multicam_1_360p_16_9,"strict, relative min",Full Lecture Transcript,"In the lecture, how is a *strict relative minimum* at a point \(x_{0}\) formally defined in terms of \(f(x)\) and \(f(x_{0})\)?","A strict relative minimum at \(x_{0}\) means that there exists a positive number \(\delta\) such that for every \(x\) with \(0<|x-x_{0}|<\delta\), the value of the function satisfies \(f(x)>f(x_{0})\).","In the lecture a **strict relative minimum** at \(x_{0}\) is defined as follows:

> There exists a number \(\delta>0\) such that for every \(x\) with  
> \(0<|x-x_{0}|<\delta\) (i.e. for all points \(x\) in a small neighbourhood of \(x_{0}\) other than \(x_{0}\) itself),  
> \[
> f(x)\;>\;f(x_{0}) .
> \]

In other words, in a punctured neighbourhood of \(x_{0}\) the function values are strictly larger than the value at \(x_{0}\). This is the formal statement of a strict relative minimum."
18100a-lecture-20-multicam_1_360p_16_9,"strict, relative min",Full Lecture Transcript,"According to the second derivative test discussed, what are the two key conditions that must hold for a function \(f\) with continuous second derivative on \((a,b)\) in order to guarantee a strict relative minimum at \(x_{0}\)?","The two conditions are: (1) the first derivative at the point is zero, \(f'(x_{0})=0\); (2) the second derivative at the point is strictly positive, \(f''(x_{0})>0\).","The second‑derivative test says that for a function \(f\) that has a continuous second derivative on the open interval \((a,b)\),

1. **Critical point condition** – the first derivative vanishes at the point:  
   \[
   f'(x_{0}) = 0 .
   \]

2. **Concavity condition** – the second derivative is positive at that point:  
   \[
   f''(x_{0}) > 0 .
   \]

When both of these hold (and \(f''\) is continuous on \((a,b)\)), \(f\) has a **strict relative minimum** at \(x_{0}\)."
18100a-lecture-20-multicam_1_360p_16_9,"strict, relative min",Full Lecture Transcript,"During the proof of the second derivative test, the lecture mentions the continuity of \(f''\) on \((a,b)\). What purpose does this continuity serve in establishing the existence of a suitable \(\delta>0\) used in the argument?","The continuity of \(f''\) guarantees that \(f''\) remains positive in a whole neighbourhood of \(x_{0}\).  This allows us to choose a \(\delta\) so that \(f''(c)>0\) for all \(c\) with \(|c-x_{0}|<\delta\), which is essential for the final inequality in the proof.","The continuity of \(f''\) on \((a,b)\) guarantees that the value of the second derivative at the critical point \(x_{0}\) is not only positive, but remains positive in a whole neighbourhood of \(x_{0}\).  

Because \(f''\) is continuous,  

\[
\lim_{x\to x_{0}}f''(x)=f''(x_{0})>0 .
\]

By the definition of a limit, this means that there exists a \(\delta>0\) such that for every \(c\) with  
\(x_{0}-\delta<c<x_{0}+\delta\) we have \(f''(c)>0\).  

This \(\delta\) is the one used in the proof: it provides an interval on which the second derivative is strictly positive, which is then employed in Taylor’s theorem (or the mean‑value argument) to show that \(f(x)>f(x_{0})\) for all \(x\neq x_{0}\) in that interval. Thus, the continuity of \(f''\) is essential for establishing the existence of a suitable \(\delta>0\)."
18100a-lecture-20-multicam_1_360p_16_9,"strict, relative min",Full Lecture Transcript,"The lecture distinguishes between a strict relative minimum and a (non‑strict) relative minimum. What inequality encapsulates this distinction, and why does it make the strict case stronger?","The strict case requires \(f(x)>f(x_{0})\) for all nearby \(x\neq x_{0}\), whereas a non‑strict relative minimum only requires \(f(x)\ge f(x_{0})\).  The strict inequality therefore rules out the possibility of the function taking the same value at other points arbitrarily close to \(x_{0}\), making it a stronger statement.","In the lecture the two notions are distinguished by the inequality that the function satisfies in a neighbourhood of the critical point \(x_{0}\).

* **Relative (non‑strict) minimum**  
  \[
  \exists\,\delta>0\;\text{such that}\;\forall x\in(x_{0}-\delta,\;x_{0}+\delta),\qquad 
  f(x)\ge f(x_{0}).
  \]

* **Strict relative minimum**  
  \[
  \exists\,\delta>0\;\text{such that}\;\forall x\in(x_{0}-\delta,\;x_{0}+\delta),\;x\neq x_{0},
  \qquad 
  f(x)> f(x_{0}).
  \]

The strict case replaces the “\(\ge\)” by “\(>\)” for every point other than \(x_{0}\).  
This makes the strict case stronger because it rules out the possibility that the function takes the same value \(f(x_{0})\) at other nearby points (a flat plateau). In a strict minimum the value at \(x_{0}\) is strictly lower than all nearby values, giving a clear, isolated local minimum, whereas a non‑strict minimum may allow equality at other points and thus is a weaker condition."
18100a-lecture-20-multicam_1_360p_16_9,"strict, relative min",Full Lecture Transcript,"In the example of the Taylor expansion where all derivatives at \(0\) vanish, how does the lecture describe the remainder term, and what does this example demonstrate about the adequacy of the Taylor polynomial as an approximation of the function near the expansion point?","The lecture notes that in this special function all derivatives at \(0\) are zero, so the Taylor polynomial at \(0\) is identically zero.  The entire function is contained in the remainder term, meaning the remainder is not small near \(0\).  This shows that the Taylor polynomial, though matching all derivatives at the expansion point, need not give a good approximation of the function away from that point.","In the lecture the function is chosen so that every derivative at the expansion point \(x_{0}=0\) is zero.  
Because of that, the Taylor polynomial of any order about \(0\) is the zero polynomial.  
The lecture therefore says that the **remainder term is the entire function** – it carries all of the
information that the Taylor polynomial has lost.  In other words, the remainder is not “small’’; it can be as large as the function itself.

This example shows that a Taylor polynomial need not give a good approximation of the function near the point of expansion.  Even though the polynomial matches the function and all its derivatives at the point, the remainder can dominate, so discarding it would incorrectly claim that the function is zero near \(x=0\)."
18100a-lecture-20-multicam_1_360p_16_9,𝑛th derivative,Full Lecture Transcript,"In the lecture, the Taylor polynomial of a function at 0 is written down when all of its derivatives at 0 vanish. What is the form of this polynomial, and what does its remainder term represent?","The Taylor polynomial is the zero polynomial, \(p_{n}(x)=0\). Its remainder term \(R_{n}(x)\) equals the entire function, i.e. \(f(x)=R_{n}(x)\), because all derivatives at the expansion point are zero.","In that example every derivative of the function at the origin is zero, so the Taylor series at \(x=0\) collapses to

\[
P_n(x)=\sum_{k=0}^{n}\frac{f^{(k)}(0)}{k!}\,x^{k}=0 .
\]

Thus the Taylor polynomial is simply the zero polynomial.  
The remainder term \(R_n(x)\) is then the whole function itself:

\[
f(x)=P_n(x)+R_n(x)=0+R_n(x)=R_n(x).
\]

In other words, the remainder carries all of the information about \(f\) near \(0\); it is not necessarily small and cannot be discarded if one wants to recover the function."
18100a-lecture-20-multicam_1_360p_16_9,𝑛th derivative,Full Lecture Transcript,"Why does the lecturer emphasize that one cannot simply discard the remainder term in Taylor’s theorem, even when the Taylor polynomial is identically zero?","Because the remainder can be as large as the whole function; if we ignore it we would conclude \(f(x)=0\) for all \(x\), which is false in general. The example shows the polynomial may approximate poorly outside the expansion point.","The lecturer points out that the Taylor polynomial can be a very poor stand‑in for the function itself.  
In the example he gives, every derivative of the function at \(x=0\) is zero, so the Taylor polynomial of any order about \(0\) is identically zero.  
However, the function is **not** identically zero near \(0\); all of its behaviour is carried by the remainder term.  

Thus, if one were to “throw away” the remainder and keep only the polynomial, one would incorrectly conclude that the function is zero in a neighbourhood of the expansion point.  
Taylor’s theorem guarantees only that the function can be written as the polynomial plus a remainder; it does **not** guarantee that the remainder is small or that the polynomial gives a good approximation. The lecturer uses this example to stress that the remainder term must be kept in mind—especially when the polynomial happens to vanish—because it may contain the entire function."
18100a-lecture-20-multicam_1_360p_16_9,𝑛th derivative,Full Lecture Transcript,During the proof of Taylor’s theorem the lecturer constructs a function \(g(s)\) and repeatedly applies the Mean Value Theorem. What is the purpose of this iterative application?,"The iterative use of the Mean Value Theorem on \(g\) and its successive derivatives produces a point \(c\in(a,b)\) for which \(g^{(n+1)}(c)=0\). This yields the exact form of the remainder: \(f(x)=p_{n}(x)+\dfrac{f^{(n+1)}(c)}{(n+1)!}(x-a)^{\,n+1}\).","In the proof the lecturer defines  

\[
g(s)=f(s)-p_n(s)-C\,(s-x_0)^{\,n+1},
\]

where \(p_n\) is the \(n\)-th Taylor polynomial at \(x_0\) and \(C\) is a constant chosen so that \(g(x_0)=0\).  
Because \(f\) is \((n+1)\)-times differentiable, \(g\) is also \((n+1)\)-times differentiable.  
The key observation is that

* \(g(x_0)=0\),
* \(g'(x_0)=0\),
* \(g''(x_0)=0\),
* …,
* \(g^{(n)}(x_0)=0\).

The lecturer then applies the Mean Value Theorem (MVT) to \(g\), then to \(g'\), then to \(g''\), and so on, up to \(g^{(n)}\).  
Each application of the MVT gives a point between \(x\) and \(x_0\) where the next derivative vanishes.  
After \(n\) iterations we obtain a point \(c\) between \(x\) and \(x_0\) such that

\[
g^{(n+1)}(c)=0 .
\]

Since \(g^{(n+1)}(s)=f^{(n+1)}(s)-C\,(n+1)!\), this yields

\[
C=\frac{f^{(n+1)}(c)}{(n+1)!},
\]

which is exactly the remainder term in Taylor’s theorem.

**Thus, the iterative application of the Mean Value Theorem is used to show that the first \(n\) derivatives of \(g\) vanish at \(x_0\) and to find a point \(c\) where the \((n+1)\)-st derivative of \(g\) (hence of \(f\)) equals the constant \(C\). This establishes the existence of the remainder term in Taylor’s theorem.**"
18100a-lecture-20-multicam_1_360p_16_9,𝑛th derivative,Full Lecture Transcript,"According to the definitions presented, what constitutes a partition of an interval \([a,b]\) and how is the norm of that partition specified?","A partition of \([a,b]\) is a finite, ordered set of points \(\{x_{0},x_{1},\dots ,x_{n}\}\) with \(x_{0}=a\), \(x_{n}=b\), and \(x_{0}<x_{1}<\dots <x_{n}\). The norm of the partition is \(\|\,\underline{x}\,\|=\max_{1\le k\le n}(x_{k}-x_{k-1})\).","A **partition** of the interval \([a,b]\) is a finite ordered list of points  

\[
\underline{X}= \{X_0,X_1,\dots ,X_n\}
\]

such that  

* \(X_0 = a\) and \(X_n = b\),  
* \(X_0 < X_1 < X_2 < \dots < X_n\).

The **norm** of this partition, denoted \(\|\underline{X}\|\), is the length of the largest subinterval determined by consecutive partition points:

\[
\|\underline{X}\| \;=\; \max_{1\le k\le n}\bigl(X_k - X_{k-1}\bigr).
\]"
18100a-lecture-20-multicam_1_360p_16_9,𝑛th derivative,Full Lecture Transcript,"How is a Riemann sum defined for a continuous function on \([a,b]\) with respect to a tagged partition, and what role does the norm of the partition play when defining the Riemann integral?","For a continuous \(f\) and a tagged partition \((\underline{x},\underline{\xi})\) the Riemann sum is \(S_{f}(\underline{x},\underline{\xi})=\sum_{k=1}^{n} f(\xi_{k})\,(x_{k}-x_{k-1})\). The Riemann integral is the limit of these sums as \(\|\underline{x}\|\to0\); the norm controls the mesh size of the partition and ensures convergence to the integral.","**Riemann sum (continuous \(f\) on \([a,b]\))**

Let  

\[
\underline{X}= \{x_0,x_1,\dots ,x_N\},\qquad a=x_0<x_1<\dots <x_N=b
\]

be a *partition* of \([a,b]\) and let  

\[
\underline{X}^{*}= \{x_1^{*},x_2^{*},\dots ,x_N^{*}\}
\]

be a choice of *tags* (one point chosen in each subinterval \([x_{k-1},x_k]\)).  
The **Riemann sum** of \(f\) with respect to this tagged partition is

\[
S_f(\underline{X},\underline{X}^{*}) \;=\;
\sum_{k=1}^{N} f(x_k^{*})\,(x_k-x_{k-1}).
\]

It is interpreted as an approximate area under the curve of \(f\).

---

**Norm of a partition**

The **norm** of the partition \(\underline{X}\) is

\[
\|\underline{X}\| \;=\; \max_{1\le k\le N}\,(x_k-x_{k-1}),
\]

i.e. the length of the longest subinterval.

---

**Role of the norm in defining the Riemann integral**

For a continuous function \(f\) the Riemann integral on \([a,b]\) is defined as the
limit of the Riemann sums when the partition is made arbitrarily fine:

\[
\int_a^b f(x)\,dx \;=\; \lim_{\|\underline{X}\|\to 0}
S_f(\underline{X},\underline{X}^{*}),
\]

provided this limit exists and is the same for all choices of tags.
Thus the norm measures how “fine” the partition is; as the norm tends to
zero the Riemann sums converge to a single number, which we interpret as
the area under the curve."
18100a-lecture-20-multicam_1_360p_16_9,critical point,Full Lecture Transcript,"Why can the Taylor polynomial of a non‑zero function be identically zero at the point of expansion, and what does this imply about the remainder term in the Taylor expansion?","Because all derivatives of the function at the chosen point are zero, the Taylor polynomial, which is a sum of \(\frac{f^{(k)}(0)}{k!}x^{k}\) for \(k=0,\dots,n\), becomes the zero polynomial.  The remainder term then equals the entire function \(f(x)\); since \(f\) need not be zero, the remainder need not be small and cannot be ignored in a neighbourhood of the expansion point.","**Why the Taylor polynomial can be identically zero**

At the point of expansion \(x_{0}\) the Taylor polynomial of order \(n\) is built from the values of the function and its first \(n\) derivatives at that point:

\[
P_{n}(x)=\sum_{k=0}^{n}\frac{f^{(k)}(x_{0})}{k!}(x-x_{0})^{k}.
\]

If the function happens to have *all* of its derivatives equal to zero at \(x_{0}\) (for example, the classic example \(f(x)=e^{-1/x^{2}}\) for \(x\neq0\) and \(f(0)=0\)), then every coefficient in the sum is zero. Consequently

\[
P_{n}(x)\equiv 0 \quad\text{for all }x,
\]

even though the function itself is not the zero function. Thus the Taylor polynomial can be identically zero at the expansion point because the data that determine it (the derivatives) are all zero.

**What this means for the remainder term**

The full Taylor expansion with the remainder is

\[
f(x)=P_{n}(x)+R_{n}(x),
\]

where the Lagrange form of the remainder is

\[
R_{n}(x)=\frac{f^{(n+1)}(c)}{(n+1)!}(x-x_{0})^{\,n+1}
\]

for some \(c\) between \(x_{0}\) and \(x\).

When \(P_{n}(x)\equiv 0\), the entire function is carried by the remainder:

\[
f(x)=R_{n}(x).
\]

Hence the remainder term is **not** necessarily small; it can be as large as the function itself. This example shows that one cannot simply discard the remainder term and expect the Taylor polynomial to approximate the function near \(x_{0}\). The polynomial may agree with the function up to order \(n\) at the point, but the remainder can dominate elsewhere."
18100a-lecture-20-multicam_1_360p_16_9,critical point,Full Lecture Transcript,"In the proof that iterates the Mean Value Theorem to establish Taylor’s theorem, what is the definition of the auxiliary function \(g(s)\), and why does having \(g(x_{0})=g(x)=0\) allow us to apply the MVT repeatedly?","The auxiliary function is defined by\n   \[
   g(s)=f(s)-p_{n}(s)-M\,(s-x_{0})^{\,n+1},
   \]\nwith \(M\) chosen so that \(g(x_{0})=g(x)=0\).  Because \(g\) vanishes at the two endpoints of the interval \([x_{0},x]\), the Mean Value Theorem guarantees a point \(x_{1}\) where \(g'(x_{1})=0\).  Repeating this argument on successive derivatives yields a point \(c\in(x_{0},x)\) with \(g^{(n+1)}(c)=0\); this equality gives \(M=\frac{f^{(n+1)}(c)}{(n+1)!}\), which is precisely the remainder in Taylor’s theorem.","**Definition of the auxiliary function**

In the proof we introduce  

\[
g(s)\;=\;f(s)-p_{n}(s)-\Bigl(f(x)-p_{n}(x)\Bigr)\,
          \frac{(s-x_{0})^{\,n+1}}{(x-x_{0})^{\,n+1}},
\]

where \(p_{n}(s)\) is the \(n\)-th Taylor polynomial of \(f\) at \(x_{0}\).

*Why this works*  
- At \(s=x_{0}\) the factor \((s-x_{0})^{\,n+1}\) is zero, so  
  \(g(x_{0})=f(x_{0})-p_{n}(x_{0})-0=0\).
- At \(s=x\) the factor equals \(1\), so  
  \(g(x)=f(x)-p_{n}(x)-\bigl(f(x)-p_{n}(x)\bigr)=0\).

Thus \(g(x_{0})=g(x)=0\).

**Why having \(g(x_{0})=g(x)=0\) lets us apply the MVT repeatedly**

The Mean Value Theorem (MVT) says that if a function has the same value at the two endpoints of an interval, then its first derivative must vanish somewhere inside that interval.  
Because \(g\) satisfies \(g(x_{0})=g(x)\), the MVT guarantees a point \(c_{1}\in(x_{0},x)\) with \(g'(c_{1})=0\).

Now apply the MVT to \(g'\) on the sub‑intervals \([x_{0},c_{1}]\) and \([c_{1},x]\).  
Since \(g'(x_{0})=g'(c_{1})=0\) (the first derivative of \(g\) also vanishes at the endpoints), the MVT gives a point \(c_{2}\) where \(g''(c_{2})=0\).

Repeating this argument \(n+1\) times yields a point \(c\) in \((x_{0},x)\) such that  

\[
g^{(n+1)}(c)=0.
\]

Because the first \(n\) derivatives of \(g\) are zero (they come from the \(n\)-th degree polynomial \(p_{n}\)), this last equality gives the desired remainder formula for \(f\).

So, the definition of \(g(s)\) and the fact that \(g(x_{0})=g(x)=0\) are the key steps that allow the iterative application of the Mean Value Theorem in the proof of Taylor’s theorem."
18100a-lecture-20-multicam_1_360p_16_9,critical point,Full Lecture Transcript,"State the strict second derivative test as presented, and explain why the continuity of \(f''\) on \((a,b)\) is essential in its proof.","The strict second derivative test says:\n   *If \(f\) has two continuous derivatives on \((a,b)\) and \(f'(x_{0})=0\) while \(f''(x_{0})>0\), then \(x_{0}\) is a strict local minimum of \(f\).*  Continuity of \(f''\) ensures that there exists \(\delta>0\) with \(f''(x)>0\) for all \(x\) in \((x_{0}-\delta,x_{0}+\delta)\).  This positivity allows the Taylor expansion with remainder to give \(f(x)>f(x_{0})\) whenever \(0<|x-x_{0}|<\delta\), establishing the strict minimum.","**Strict second‑derivative test (as stated in the lecture)**  

Let \(f:(a,b)\to\mathbb{R}\) have two continuous derivatives on the open interval \((a,b)\).  
Suppose that for some \(x_{0}\in(a,b)\)

\[
f'(x_{0})=0 \qquad\text{and}\qquad f''(x_{0})>0 .
\]

Then \(f\) has a **strict relative minimum** at \(x_{0}\); that is, there exists \(\delta>0\) such that  

\[
f(x)>f(x_{0})\quad\text{for all }x\in(x_{0}-\delta,x_{0}+\delta)\setminus\{x_{0}\}.
\]

---

### Why the continuity of \(f''\) on \((a,b)\) is essential

1. **Guaranteeing a neighbourhood where \(f''\) stays positive.**  
   The hypothesis \(f''(x_{0})>0\) alone only tells us that the second derivative is positive at the single point \(x_{0}\).  
   Continuity of \(f''\) ensures that there is a neighbourhood \((x_{0}-\delta,x_{0}+\delta)\) in which \(f''(c)>0\) for every \(c\) in that interval.  
   This is the key step in the proof: we need \(f''(c)\) to be positive for the *remainder term* in Taylor’s theorem.

2. **Application of Taylor’s theorem with the Lagrange remainder.**  
   For \(x\) close to \(x_{0}\) the theorem gives

   \[
   f(x)=f(x_{0})+f'(x_{0})(x-x_{0})+\frac{f''(c)}{2}(x-x_{0})^{2}
   \]

   for some \(c\) between \(x\) and \(x_{0}\).  
   Since \(f'(x_{0})=0\) and \(f''(c)>0\) (by continuity), the last term is strictly positive whenever \(x\neq x_{0}\).  
   Thus \(f(x)>f(x_{0})\) for all such \(x\).

3. **Without continuity the conclusion can fail.**  
   If \(f''\) were not continuous, it could be positive at \(x_{0}\) but negative arbitrarily close to \(x_{0}\).  
   Then the remainder term could become negative, and the inequality \(f(x)>f(x_{0})\) would no longer be guaranteed.

Hence, the continuity of \(f''\) on \((a,b)\) is crucial: it provides the local positivity of the second derivative needed to apply Taylor’s theorem and to conclude that \(x_{0}\) is indeed a strict relative minimum."
18100a-lecture-20-multicam_1_360p_16_9,critical point,Full Lecture Transcript,"Define a tagged partition \(\underline{x}\) of the interval \([a,b]\), and describe precisely what the norm \(\|\underline{x}\|\) represents.","A tagged partition of \([a,b]\) is an ordered finite set of points\n   \[
   \underline{x}=(x_{0},x_{1},\dots ,x_{n})\quad\text{with }a=x_{0}<x_{1}<\dots <x_{n}=b,
   \]\naccompanied by tags \(\underline{\xi}=(\xi_{1},\dots ,\xi_{n})\) satisfying \(x_{i-1}<\xi_{i}<x_{i}\) for each \(i\).  The norm of the partition is\n   \[
   \|\underline{x}\|=\max_{1\le i\le n}(x_{i}-x_{i-1}),
   \]\nthe length of the longest subinterval.","**Tagged partition of \([a,b]\)**  
A tagged partition \(\underline{x}\) of the interval \([a,b]\) consists of two pieces of data:

1. **Partition points**  
   \[
   a=x_{0}<x_{1}<x_{2}<\dots <x_{n}=b ,
   \]
   which cut \([a,b]\) into the subintervals  
   \([x_{k-1},x_{k}]\) for \(k=1,\dots ,n\).

2. **Tags**  
   A choice of a point \(x_{c_k}\) in each subinterval, i.e.  
   \[
   x_{k-1}\le x_{c_k}\le x_{k}\qquad(k=1,\dots ,n).
   \]
   The collection \(\{x_{c_1},\dots ,x_{c_n}\}\) is called the set of tags.

The pair \((\{x_{0},x_{1},\dots ,x_{n}\},\{x_{c_1},\dots ,x_{c_n}\})\) is what the lecture calls a **tagged partition**.

---

**Norm of a tagged partition**  
The norm \(\|\underline{x}\|\) of the tagged partition is defined as the length of the largest subinterval in the partition:

\[
\boxed{\;\|\underline{x}\| \;=\; \max_{1\le k\le n}\bigl(x_{k}-x_{k-1}\bigr)\;}
\]

Thus \(\|\underline{x}\|\) measures how fine the partition is; it is the maximum width of any of the intervals \([x_{k-1},x_{k}]\). When \(\|\underline{x}\|\) is small, the partition is said to be “fine” or “refined.”"
18100a-lecture-20-multicam_1_360p_16_9,critical point,Full Lecture Transcript,"Write the formula for the Riemann sum \(S_{F}(\underline{x},\underline{\xi})\) associated to a tagged partition, and explain in what way this sum approximates the integral of a continuous function.","For a continuous function \(f\) the Riemann sum relative to \((\underline{x},\underline{\xi})\) is\n   \[
   S_{f}(\underline{x},\underline{\xi})=\sum_{k=1}^{n} f(\xi_{k})\,(x_{k}-x_{k-1}).
   \]\nEach summand multiplies the value of \(f\) at a tag \(\xi_{k}\) by the length of the subinterval \([x_{k-1},x_{k}]\), which is a rectangle approximation to the area under the graph.  As the norm \(\|\underline{x}\|\) goes to zero, these sums converge to the unique number interpreted as the integral \(\int_{a}^{b}f(x)\,dx\).","**Formula**

For a continuous function \(f:[a,b]\to\mathbb{R}\) and a tagged partition  
\[
\underline{x}=(x_0,x_1,\dots ,x_N),\qquad a=x_0<x_1<\dots <x_N=b,
\]
with tags \(\underline{\xi}=(\xi_1,\dots ,\xi_N)\) where \(\xi_k\in[x_{k-1},x_k]\), the **Riemann sum** is  

\[
\boxed{S_{F}(\underline{x},\underline{\xi}) \;=\; \sum_{k=1}^{N} f(\xi_k)\,\bigl(x_k-x_{k-1}\bigr)} .
\]

(Equivalently, one may write the sum starting at \(k=0\) and using the same
interval lengths; the two notations are identical.)

---

**How it approximates the integral**

- Each term \(f(\xi_k)(x_k-x_{k-1})\) represents the area of a rectangle whose
  base is the sub‑interval \([x_{k-1},x_k]\) and whose height is the value of
  \(f\) at the chosen tag \(\xi_k\) inside that sub‑interval.

- Adding all these rectangle areas gives a single number that is an
  *approximate* area under the graph of \(f\) on \([a,b]\).

- As the partition is refined (the norm \(\|\underline{x}\|=\max_k(x_k-x_{k-1})\)
  is made smaller), the rectangles fit the curve more closely.  
  For a continuous function, the Riemann sums \(S_{F}(\underline{x},\underline{\xi})\)
  converge to a single limit as \(\|\underline{x}\|\to 0\).  
  This limit is defined to be the **Riemann integral** of \(f\) over \([a,b]\).

Thus the Riemann sum is a concrete, finite‑sum approximation of the
integral, and the integral is the limiting value of these approximations
when the partition becomes arbitrarily fine."
18100a-lecture-20-multicam_1_360p_16_9,degree of a polynomial,Full Lecture Transcript,"According to the discussion on Taylor polynomials, why cannot a function be represented solely by its Taylor polynomial near a point when all the derivatives of that function vanish at the point?","If all derivatives of the function at the expansion point are zero, the Taylor polynomial of any order is the zero polynomial. In this case the entire function is carried by the remainder term, so discarding the remainder would incorrectly conclude that \(f\equiv0\) near the point.","Because the Taylor polynomial only captures the *local* behavior of a function at the base point.  
If every derivative of \(f\) at that point is zero, the Taylor polynomial of any order is the zero polynomial.  
But the function itself can still be non‑zero in a neighborhood of the point—the entire “missing” part is carried by the remainder term.  

In other words, the remainder in Taylor’s theorem can be as large as the whole function, so discarding it (i.e., trying to represent \(f\) solely by its Taylor polynomial) would give the wrong function. The polynomial alone does not guarantee a good approximation when all derivatives vanish at the point."
18100a-lecture-20-multicam_1_360p_16_9,degree of a polynomial,Full Lecture Transcript,What property of a Taylor polynomial ensures it coincides with the function \(f\) up to \(n\)-th derivative at the expansion point \(x_{0}\)?,"A Taylor polynomial of degree \(n\) agrees with the function \(f\) at the point \(x_{0}\) in the sense that for each integer \(k\) with \(0\le k\le n\) we have \[
        p^{(k)}_{n}(x_{0})=f^{(k)}(x_{0}).
        \] This agreement of derivatives up to order \(n\) is what makes the polynomial a local approximation of \(f\).","The defining feature of a Taylor polynomial is that **its derivatives at the expansion point match those of the original function up to the chosen order**.  
In other words, for a Taylor polynomial \(P_n(x)\) expanded about \(x_0\),

\[
P_n^{(k)}(x_0)=f^{(k)}(x_0)\qquad\text{for all }k=0,1,\dots ,n .
\]

This matching of the function value and all derivatives up to order \(n\) at \(x_0\) guarantees that \(P_n(x)\) coincides with \(f(x)\) to \(n\)-th order at the expansion point."
18100a-lecture-20-multicam_1_360p_16_9,degree of a polynomial,Full Lecture Transcript,"In the proof that a Taylor remainder can be expressed via a higher derivative, what is the purpose of defining the auxiliary function \[
        g(s)=f(s)-p_{n}(s)-m\,(s-x_{0})^{\,n+1}
        \] \?-","The function \(g\) is constructed so that at the two points \(x_{0}\) and \(x\) it and all of its first \(n\) derivatives vanish: \(g(x_{0})=g(x)=g^{(1)}(x_{0})=\dots=g^{(n)}(x_{0})=0\). This allows the repeated application of Rolle’s theorem to \(g\) and to its successive derivatives, yielding a point \(c\) where \(g^{(n+1)}(c)=0\). Because \(g^{(n+1)}(s)=f^{(n+1)}(s)-(n+1)!\,m\), the existence of such a \(c\) furnishes the desired expression of the remainder in terms of a higher derivative of \(f\).","The function \(g\) is introduced as a *tool* for applying Rolle’s (or the mean‑value) theorem repeatedly.  
By choosing  

\[
m=\frac{f(x)-p_{n}(x)}{(x-x_{0})^{\,n+1}},
\]

we make sure that  

\[
g(x_{0})=f(x_{0})-p_{n}(x_{0})-m\,(x_{0}-x_{0})^{\,n+1}=0,
\qquad
g(x)=f(x)-p_{n}(x)-m\,(x-x_{0})^{\,n+1}=0 .
\]

Thus \(g\) has two zeros at the endpoints \(x_{0}\) and \(x\).  
Applying Rolle’s theorem to \(g\) gives a point \(x_{1}\) where \(g'(x_{1})=0\).  
Repeating this argument \(n+1\) times yields a point \(c\) in \((x_{0},x)\) with  

\[
g^{(n+1)}(c)=0 .
\]

Since the \((n+1)\)-st derivative of the polynomial \(p_{n}\) is zero and the derivative of \((s-x_{0})^{\,n+1}\) is \((n+1)!\), we obtain  

\[
0 = g^{(n+1)}(c)=f^{(n+1)}(c)-m\,(n+1)!,
\]

hence  

\[
m=\frac{f^{(n+1)}(c)}{(n+1)!}.
\]

So the purpose of defining \(g\) is to create a function that vanishes at the two endpoints, allowing the use of Rolle’s theorem (repeatedly) to relate the remainder constant \(m\) to a higher derivative of \(f\)."
18100a-lecture-20-multicam_1_360p_16_9,degree of a polynomial,Full Lecture Transcript,"In the context of the second derivative test, explain why the positivity of \(f''\) in a neighbourhood of a critical point \(x_{0}\) guarantees that \(f(x)>f(x_{0})\) for all \(x\) close to \(x_{0}\) but \(x\neq x_{0}\).","By Taylor’s theorem, for any \(x\) near \(x_{0}\) there exists \( \xi\) between \(x_{0}\) and \(x\) such that \[
        f(x)=f(x_{0})+\frac{f''(\xi)}{2}\,(x-x_{0})^{2},
        \] because the first derivative vanishes at the critical point. If \(f''(\xi)>0\) and \(x\neq x_{0}\), then \((x-x_{0})^{2}>0\) so the second term is strictly positive, forcing \(f(x)>f(x_{0})\). Thus the strict positivity of the second derivative in a neighbourhood guarantees a strict local minimum.","In the lecture the second‑derivative test is proved by a short application of Taylor’s theorem.  
Let  

\[
x_{0}\in(a,b),\qquad f'(x_{0})=0,\qquad f''(x_{0})>0,
\]

and suppose that \(f''\) is continuous on \((a,b)\).  
Because \(f''\) is continuous, the limit

\[
\lim_{x\to x_{0}}f''(x)=f''(x_{0})>0
\]

implies that there is a \(\delta_{0}>0\) such that

\[
f''(c)>0\qquad\text{for every }c\in(x_{0}-\delta_{0},\,x_{0}+\delta_{0}).
\]

Now take any \(x\) with \(0<|x-x_{0}|<\delta_{0}\).  
Taylor’s theorem (with remainder in the Lagrange form) gives a point \(c\) between \(x\) and \(x_{0}\) such that

\[
f(x)=f(x_{0})+f'(x_{0})(x-x_{0})+\frac{f''(c)}{2}(x-x_{0})^{2}.
\]

Because \(f'(x_{0})=0\), this simplifies to

\[
f(x)=f(x_{0})+\frac{f''(c)}{2}(x-x_{0})^{2}.
\]

The factor \((x-x_{0})^{2}\) is strictly positive whenever \(x\neq x_{0}\).  
Since \(c\) lies in the interval \((x_{0}-\delta_{0},\,x_{0}+\delta_{0})\), we have \(f''(c)>0\).  
Hence the whole second term is positive, and we obtain

\[
f(x) > f(x_{0})\qquad\text{for all }x\text{ with }0<|x-x_{0}|<\delta_{0}.
\]

Thus the positivity of \(f''\) in a neighbourhood of the critical point guarantees that \(x_{0}\) is a **strict relative minimum**: every nearby point other than \(x_{0}\) yields a larger function value."
18100a-lecture-20-multicam_1_360p_16_9,degree of a polynomial,Full Lecture Transcript,"What is a tagged partition, and how does the norm of a partition influence the behaviour of Riemann sums as the partition is refined?","A tagged partition of \([a,b]\) consists of an ordered set of partition points \(a=x_{0}<x_{1}<\dots <x_{n}=b\) together with a chosen tag \(\xi_{i}\in[x_{i-1},x_{i}]\) for each subinterval. The norm of a partition is the length of the longest subinterval, \(\|\Pi\|=\max_{1\le i\le n}(x_{i}-x_{i-1})\). As the norm goes to zero, the corresponding Riemann sums \[
        S_{f}(\Pi,\xi)=\sum_{i=1}^{n}f(\xi_{i})\,(x_{i}-x_{i-1})
        \] for a continuous function \(f\) converge to a single limit, which is defined to be the Riemann integral of \(f\) on \([a,b]\).","**Tagged partition**  
A *partition* of the interval \([a,b]\) is a finite ordered list of points  

\[
a=x_{0}<x_{1}<\dots <x_{n}=b .
\]

A *tagged partition* (or *tagged* or *sampled* partition) is a partition together with a choice of a point \(\xi_{i}\) in each sub‑interval \([x_{i-1},x_{i}]\).  
Thus a tagged partition is the pair  

\[
\bigl(\{x_{0},x_{1},\dots ,x_{n}\},\;\{\xi_{1},\dots ,\xi_{n}\}\bigr),
\]

where \(x_{i-1}\le \xi_{i}\le x_{i}\) for every \(i\).  
The \(\xi_{i}\) are called the *tags* (or sample points).

**Norm of a partition**  
The *norm* of a partition is the length of its largest sub‑interval:

\[
\|P\|=\max_{1\le i\le n}\,(x_{i}-x_{i-1}).
\]

**Influence on Riemann sums**  
For a continuous function \(f\) the Riemann sum associated to a tagged partition \((P,\Xi)\) is  

\[
S(f,P,\Xi)=\sum_{i=1}^{n} f(\xi_{i})\,(x_{i}-x_{i-1}).
\]

When the norm \(\|P\|\) is large, the sub‑intervals are wide and the Riemann sum can vary widely depending on the choice of tags.  
As the partition is refined—i.e., as we add more points so that \(\|P\|\) becomes smaller—the sub‑intervals shrink. Because \(f\) is continuous, its values vary little over a small interval, so the Riemann sums for different choices of tags become closer to each other. In the limit \(\|P\|\to 0\), all such Riemann sums converge to the same number, the **Riemann integral** of \(f\) over \([a,b]\). Thus the norm controls how “fine” the partition is, and a smaller norm guarantees that the Riemann sums approximate the true area (integral) more accurately."
18100a-lecture-20-multicam_1_360p_16_9,approximation,Full Lecture Transcript,What does the example of a function whose all derivatives at 0 vanish demonstrate about the remainder term in its Taylor expansion near 0?,"It shows that the remainder can be the entire function; the remainder need not be small, so the Taylor polynomial alone may not approximate the function well near 0.","The example shows that even though every derivative of the function at \(0\) is zero, the function itself is not identically zero near \(0\).  
Consequently, the Taylor polynomial at \(0\) is the zero polynomial, and **the entire value of the function is contained in the remainder term**.  
This demonstrates that the remainder term in a Taylor expansion can be as large as the whole function and need not be small; the Taylor polynomial alone may give no useful approximation near the point."
18100a-lecture-20-multicam_1_360p_16_9,approximation,Full Lecture Transcript,"In the proof, how is the quantity \(M\) defined and why is it crucial for expressing \(f(x)\) in terms of its Taylor polynomial?","M is defined as \(\displaystyle M = \frac{f(x)-p_{n}(x)}{(x-x_{0})^{\,n+1}}\); it becomes the coefficient of the remainder term, linking \(f(x)\) to its Taylor polynomial plus a factor involving the \((n+1)\)‑st derivative at some intermediate point.","**How \(M\) is defined**

In the proof we first write the difference between the function and its \(n\)-th Taylor polynomial at the base point \(x_{0}\) as

\[
f(x)-p_{n}(x)=\frac{f(x)-p_{n}(x)}{(x-x_{0})^{\,n+1}}\;(x-x_{0})^{\,n+1}.
\]

The factor

\[
\boxed{M \;=\; \frac{f(x)-p_{n}(x)}{(x-x_{0})^{\,n+1}}}
\]

is a single number that depends only on the chosen points \(x\) and \(x_{0}\) (and of course on the function \(f\)).  In other words, \(M\) is the coefficient that multiplies the \((x-x_{0})^{\,n+1}\) term in the remainder.

**Why \(M\) is crucial**

1. **Isolating the remainder** – By writing the remainder as \(M(x-x_{0})^{\,n+1}\), we separate the part of \(f(x)\) that is not captured by the Taylor polynomial.  This makes the remainder explicit and ready for analysis.

2. **Applying the Mean Value Theorem** – The proof constructs a new function (often denoted \(g\)) that involves \(M\).  By repeatedly applying the Mean Value Theorem to \(g\) and its derivatives, one shows that there exists a point \(c\) between \(x_{0}\) and \(x\) such that

   \[
   M = \frac{f^{(n+1)}(c)}{(n+1)!}.
   \]

   Thus \(M\) is not just an arbitrary constant; it is precisely the \((n+1)\)-st derivative of \(f\) at some intermediate point, scaled by \((n+1)!\).

3. **Obtaining the Lagrange form of the remainder** – Substituting the expression for \(M\) back into the remainder gives

   \[
   f(x)=p_{n}(x)+\frac{f^{(n+1)}(c)}{(n+1)!}\,(x-x_{0})^{\,n+1},
   \]

   which is the classic Lagrange (or Cauchy) form of Taylor’s theorem.

Hence, \(M\) is the pivotal quantity that bridges the algebraic difference \(f(x)-p_{n}(x)\) with the analytic information about the \((n+1)\)-st derivative of \(f\).  Without defining \(M\) in this way, we would not be able to express the remainder in the desired form."
18100a-lecture-20-multicam_1_360p_16_9,approximation,Full Lecture Transcript,"According to the lecture, what two conditions must a differentiable function satisfy at a point \(x_{0}\) to guarantee that \(x_{0}\) is a strict relative minimum?","The derivative must vanish at \(x_{0}\) (i.e., \(f'(x_{0})=0\)) and the second derivative must be positive at that point (i.e., \(f''(x_{0})>0\)).","According to the lecture, a point \(x_{0}\) is a strict relative minimum if the function satisfies  

1. **First‑derivative condition** – \(f'(x_{0}) = 0\) (the slope vanishes at \(x_{0}\)).  
2. **Second‑derivative condition** – \(f''(x_{0}) > 0\) (the curvature is positive at \(x_{0}\)).  

(These are stated under the assumption that \(f\) has two continuous derivatives on an open interval containing \(x_{0}\).)"
18100a-lecture-20-multicam_1_360p_16_9,approximation,Full Lecture Transcript,Define the norm of a partition and explain how it affects the convergence of Riemann sums.,"The norm of a partition \(\|\underline{x}\|\) is the largest length of the subintervals \((x_{k}-x_{k-1})\); as this norm tends to zero, the corresponding Riemann sums tend to the Riemann integral of the function.","**Norm of a partition**

For a partition  
\[
\mathcal{P}=\{x_0,x_1,\dots ,x_n\}\quad\text{with }x_0=a,\;x_n=b,
\]
the **norm** (often written \(\|\mathcal{P}\|\) or \(\lVert\mathcal{P}\rVert\)) is defined as the length of the largest subinterval:
\[
\|\mathcal{P}\| \;=\; \max_{1\le k\le n}\,(x_k-x_{k-1}).
\]

**How the norm influences convergence of Riemann sums**

A Riemann sum for a continuous function \(f\) on \([a,b]\) is built from a tagged partition \((\mathcal{P},\{c_k\})\) by
\[
S(f,\mathcal{P},\{c_k\})=\sum_{k=1}^{n} f(c_k)\,(x_k-x_{k-1}).
\]

The lecture explains that as we refine the partition—i.e., make the subintervals smaller—the Riemann sums should approach a single limiting value, which we interpret as the area under the curve (the Riemann integral). The key quantity controlling this refinement is the norm:

- **Large norm**: If \(\|\mathcal{P}\|\) is large, the partition contains at least one long subinterval, so the Riemann sum can differ significantly from the true area.
- **Small norm**: As \(\|\mathcal{P}\|\) decreases, every subinterval becomes shorter. For a continuous function, the variation of \(f\) over each tiny subinterval is small, so the product \(f(c_k)(x_k-x_{k-1})\) more accurately approximates the area of that slice.
- **Convergence**: The lecture states that we want the Riemann sums to converge to a single number as the partitions get “finer and finer” or equivalently as \(\|\mathcal{P}\|\to 0\). Thus, the norm is the parameter that we send to zero to guarantee convergence of the Riemann sums to the Riemann integral.

In short, the norm measures how fine a partition is; making the norm smaller forces the Riemann sums to get closer to the true integral, and the limit of these sums as the norm tends to zero is the Riemann integral."
18100a-lecture-20-multicam_1_360p_16_9,approximation,Full Lecture Transcript,"What is the key difference between a tagged partition and a simple partition, and why is the tagged partition used when forming Riemann sums?","A tagged partition contains, for each subinterval \([x_{k-1},x_{k}]\), a chosen tag point \(\xi_{k}\) inside that subinterval; these tags are used to evaluate the function in the Riemann sum, whereas a simple partition only records the subinterval endpoints.","A **simple partition** of an interval \([a,b]\) is just a finite list of points  

\[
\underline{X}= \{x_0=a,\;x_1,\;x_2,\dots ,x_n=b\},
\]

which cuts the interval into the subintervals \([x_{k-1},x_k]\).  
A **tagged partition** is a pair \((\underline{X},\underline{X}_c)\) where, in addition to the partition points, we also choose a **tag** \(x_{c,k}\) in each subinterval:

\[
x_{c,k}\in [x_{k-1},x_k]\qquad(k=1,\dots ,n).
\]

The tags are the points at which the function will be evaluated.

**Why the tags are needed for Riemann sums**

The Riemann sum for a function \(f\) with respect to a tagged partition is

\[
S(f,\underline{X},\underline{X}_c)=\sum_{k=1}^{n} f(x_{c,k})\,(x_k-x_{k-1}),
\]

which approximates the area under the curve.  
Without the tags we would have no specified points at which to evaluate \(f\); a simple partition alone only tells us how to split the interval. Thus the tagged partition is essential for forming the Riemann sum."
18100a-lecture-20-multicam_1_360p_16_9,continuous derivatives,Full Lecture Transcript,"When every derivative of a function \(f\) at the point \(x=0\) equals zero, what does the Taylor polynomial of any order \(n\) look like, and why does the function equal its remainder term near that point?","If all derivatives of \(f\) at \(0\) are zero, then the Taylor polynomial of any order \(n\) about \(x=0\) is identically the zero polynomial:\n\[
p_{n}(x)=\sum_{k=0}^{n}\frac{f^{(k)}(0)}{k!}\,x^{k}=0 .
\] Since the polynomial contributes nothing, the entire function \(f\) is represented by the remainder term alone near \(x=0\).","When every derivative of \(f\) at \(x=0\) is zero, the Taylor expansion of \(f\) about \(0\) collapses to the zero polynomial.  
For any order \(n\),

\[
P_n(x)=\sum_{k=0}^{n}\frac{f^{(k)}(0)}{k!}\,x^{\,k}=0,
\]

because each coefficient \(f^{(k)}(0)\) is zero.  

Since the Taylor polynomial is identically zero, the whole function is represented by the remainder term:

\[
f(x)=P_n(x)+R_n(x)=0+R_n(x)=R_n(x).
\]

Thus, near \(x=0\) the function equals its remainder term; the remainder carries all of \(f\)’s value because the polynomial part contributes nothing. This illustrates that a Taylor polynomial can agree with a function at the expansion point (here, all derivatives match) yet still give no useful approximation away from that point if the remainder is not small."
18100a-lecture-20-multicam_1_360p_16_9,continuous derivatives,Full Lecture Transcript,"In the argument where the remainder term of a Taylor series is expressed via an \((n+1)\)-st derivative, how does repeatedly applying the mean‑value (or Rolle’s) theorem lead to the existence of a point \(c\) between \(x_{0}\) and \(x\) such that \(f^{(n+1)}(c)=\dfrac{(n+1)!}{(x-x_{0})^{\,n+1}}\cdot M\), where \(M\) is the coefficient in the remainder?","Define \(g(s)=f(s)-p_{n}(s)-M(s-x_{0})^{n+1}\).  By construction \(g(x_{0})=g(x)=0\).  Applying Rolle’s theorem gives a point \(x_{1}\) with \(g'(x_{1})=0\); again \(g'(x_{0})=g'(x)=0\), so another application yields \(x_{2}\) with \(g''(x_{2})=0\).  Continuing this process \(n+1\) times produces a point \(c=x_{n+1}\) between \(x_{0}\) and \(x\) with \(g^{(n+1)}(c)=0\).  Since \(g^{(n+1)}(s)=(n+1)!\,M\), we deduce\n\[
M=\frac{f^{(n+1)}(c)}{(n+1)!},
\] 
so \(f(x)=p_{n}(x)+\dfrac{f^{(n+1)}(c)}{(n+1)!}(x-x_{0})^{\,n+1}\).","In the lecture the remainder of the Taylor expansion is written in the form  

\[
f(x)=P_{n}(x)+M\,(x-x_{0})^{\,n+1},
\]

where \(P_{n}\) is the \(n\)-th Taylor polynomial of \(f\) at \(x_{0}\) and \(M\) is the (unknown) coefficient that will turn out to be the \((n+1)\)-st derivative of \(f\) at some intermediate point.

To show that such a \(c\) exists we define the auxiliary function  

\[
g(s)=f(s)-P_{n}(s)-M\,(s-x_{0})^{\,n+1}.
\]

Notice that  

* \(g(x_{0})=0\) because \(P_{n}(x_{0})=f(x_{0})\) and the last term vanishes at \(s=x_{0}\);
* \(g(x)=0\) by the very definition of \(M\).

Thus \(g\) has two equal values at the endpoints \(x_{0}\) and \(x\).  
Applying **Rolle’s theorem** to \(g\) on \([x_{0},x]\) gives a point \(x_{1}\) with  

\[
g'(x_{1})=0 .
\]

Now differentiate \(g\) once more. Because \(g'(x_{0})=0\) (this follows from the fact that the first \(n\) derivatives of \(f\) and of \(P_{n}\) agree at \(x_{0}\)), we can apply Rolle’s theorem again to \(g'\) on \([x_{0},x_{1}]\) and obtain a point \(x_{2}\) with  

\[
g''(x_{2})=0 .
\]

Repeating this argument \(n+1\) times, each time applying Rolle’s theorem to the derivative that has just been shown to vanish at the left endpoint, we eventually reach a point \(c\) (which lies between \(x_{0}\) and \(x\)) such that  

\[
g^{(n+1)}(c)=0 .
\]

But the \((n+1)\)-st derivative of \(g\) is easy to compute:

\[
g^{(n+1)}(s)=f^{(n+1)}(s)- (n+1)!\,M .
\]

Setting this equal to zero at \(s=c\) gives  

\[
f^{(n+1)}(c)= (n+1)!\,M .
\]

Finally, recall that \(M\) was defined by  

\[
M=\frac{f(x)-P_{n}(x)}{(x-x_{0})^{\,n+1}},
\]

so we can rewrite the above equality as  

\[
f^{(n+1)}(c)=\frac{(n+1)!}{(x-x_{0})^{\,n+1}}\bigl(f(x)-P_{n}(x)\bigr).
\]

Thus, by repeatedly applying the mean‑value (or Rolle’s) theorem, we obtain a point \(c\) between \(x_{0}\) and \(x\) that satisfies the desired relation for the \((n+1)\)-st derivative."
18100a-lecture-20-multicam_1_360p_16_9,continuous derivatives,Full Lecture Transcript,"State, as described, the strict second‑derivative test for a local minimum and carefully define what is meant by a strict relative minimum.","The strict second‑derivative test states: if \(f\) is twice continuously differentiable on \((a,b)\) and at a point \(x_{0}\in(a,b)\) one has \(f'(x_{0})=0\) and \(f''(x_{0})>0\), then \(f\) has a strict relative minimum at \(x_{0}\).  A strict relative minimum means there exists \(\delta>0\) such that for every \(x\) with \(0<|x-x_{0}|<\delta\), one has \(f(x)>f(x_{0})\); the inequality is strict for all points other than \(x_{0}\) itself.","**Strict second‑derivative test for a local minimum**

Let  

* \(f:(a,b)\to\mathbb R\) be a function that has two continuous derivatives on the open interval \((a,b)\).  
* \(x_{0}\in(a,b)\) be a point where the first derivative vanishes: \(f'(x_{0})=0\).  
* The second derivative at that point be strictly positive: \(f''(x_{0})>0\).

Then **\(f\) has a strict relative minimum at \(x_{0}\)**.

---

**Strict relative minimum (definition)**  

A point \(x_{0}\) is a *strict relative minimum* of \(f\) if there exists a number \(\delta>0\) such that for every \(x\) satisfying  

\[
0<|x-x_{0}|<\delta ,
\]

we have  

\[
f(x) > f(x_{0}).
\]

In other words, in a small neighbourhood around \(x_{0}\) the value of the function at any point other than \(x_{0}\) is strictly larger than the value at \(x_{0}\).  

A strict relative minimum is a particular kind of relative minimum; the only difference is that a (non‑strict) relative minimum would allow \(f(x)\ge f(x_{0})\) for nearby points, whereas a strict relative minimum requires the inequality to be strict for all points other than \(x_{0}\)."
18100a-lecture-20-multicam_1_360p_16_9,continuous derivatives,Full Lecture Transcript,"Define a tagged partition of the interval \([a,b]\) and explain how its norm is computed.","A tagged partition of \([a,b]\) consists of a finite sequence \(a=x_{0}<x_{1}<\dots <x_{n}=b\) together with tags \(x_{k}^{c}\) satisfying \(x_{k-1}<x_{k}^{c}\le x_{k}\).  The norm of the partition is\n\[
\|\underline{X}\|=\max_{1\le k\le n}(x_{k}-x_{k-1}),
\] the length of the longest subinterval.","**Tagged partition of \([a,b]\)**  
A *partition* of the interval \([a,b]\) is a finite ordered list of points  

\[
a=x_{0}<x_{1}<x_{2}<\dots <x_{n}=b .
\]

A *tagged partition* (or *tagged* or *tagged* partition) is a pair \((\{x_k\}_{k=0}^{n},\{x_{c,k}\}_{k=1}^{n})\) where  

* \(\{x_k\}_{k=0}^{n}\) is a partition of \([a,b]\) as above, and  
* each *tag* \(x_{c,k}\) lies in the corresponding subinterval, i.e.  

\[
x_{k-1}\le x_{c,k}\le x_{k}\qquad(k=1,\dots ,n).
\]

The tags are simply points chosen inside each subinterval; they can be the left endpoint, the right endpoint, the midpoint, or any point in the interval.

---

**Norm of a partition**  
The *norm* of the partition \(\{x_k\}_{k=0}^{n}\) is the length of the largest subinterval:

\[
\|\,\{x_k\}\,\| \;=\; \max_{1\le k\le n}\bigl(x_{k}-x_{k-1}\bigr).
\]

Thus, to compute the norm you take all the differences \(x_{k}-x_{k-1}\) (the widths of the subintervals) and pick the maximum of these values. The norm measures how “fine” the partition is; a smaller norm means all subintervals are shorter."
18100a-lecture-20-multicam_1_360p_16_9,continuous derivatives,Full Lecture Transcript,"Provide the explicit formula for the Riemann sum \(S_{F}(\underline{X},\underline{X}^{c})\) associated to a tagged partition and describe what this sum represents in the context of integrating \(f\) over \([a,b]\).","Given a tagged partition \((\underline{X},\underline{X}^{c})\) of \([a,b]\), the associated Riemann sum is\n\[
S_{F}(\underline{X},\underline{X}^{c})=\sum_{k=1}^{n} f(\,x_{k}^{c}\,)(x_{k}-x_{k-1}).
\]  
This sum approximates the area under the graph of \(f\) over \([a,b]\); as the norm of the partition tends to zero, the sums converge (when they do) to the Riemann integral of \(f\) on \([a,b]\).","**Explicit formula**

For a tagged partition  
\[
\underline{X}=\{x_0,x_1,\dots ,x_N\}\quad (a=x_0<x_1<\dots <x_N=b)
\]
and a choice of tags \(x_k^{c}\in[x_{k-1},x_k]\) for each subinterval, the Riemann sum associated to the function \(f\) is  

\[
\boxed{S_{F}(\underline{X},\underline{X}^{c}) \;=\;
\sum_{k=1}^{N} f\!\bigl(x_k^{c}\bigr)\,\bigl(x_k-x_{k-1}\bigr)} .
\]

(Equivalently, one may write the sum from \(k=0\) to \(N-1\) with \(\Delta x_k=x_{k+1}-x_k\); the indexing is a matter of convention.)

**What the sum represents**

- Each term \(f(x_k^{c})\,(x_k-x_{k-1})\) is the area of a rectangle whose width is the length of the \(k\)-th subinterval \([x_{k-1},x_k]\) and whose height is the value of the function \(f\) at the chosen tag \(x_k^{c}\) inside that subinterval.
- The whole sum is therefore an *approximate area* under the graph of \(f\) over the interval \([a,b]\).  
- As the partition is refined (the norm \(\max_k (x_k-x_{k-1})\) tends to zero), these approximate areas are expected to converge to a single number, the **Riemann integral** of \(f\) over \([a,b]\). This limiting number is interpreted as the true area under the curve."
18100a-lecture-20-multicam_1_360p_16_9,L'Hôpital's rule,Full Lecture Transcript,"In the lecture, why does the Taylor polynomial at \(0\) turn out to be the zero polynomial even though the function itself is not identically zero?","Because all derivatives of the function at \(0\) vanish, every coefficient in the Taylor expansion is zero. Thus the Taylor polynomial of any order at \(0\) is identically zero, while the remainder term actually equals the whole function near the point.","In the lecture the function that is being discussed is one that is **“flat” at the origin** – that is, every derivative of the function at \(x=0\) is zero.  
Because the Taylor polynomial of order \(n\) about \(x_{0}\) is

\[
P_{n}(x)=\sum_{k=0}^{n}\frac{f^{(k)}(x_{0})}{k!}\,(x-x_{0})^{k},
\]

the coefficients of the polynomial are exactly the derivatives of the function at the expansion point.  
When we take \(x_{0}=0\) for this particular function, the lecture shows that

\[
f^{(k)}(0)=0 \qquad\text{for every }k\ge 0 .
\]

Hence every term in the sum above vanishes, and the Taylor polynomial reduces to

\[
P_{n}(x)=0 \quad\text{for all }n .
\]

So the Taylor polynomial at \(0\) is the zero polynomial, even though the function itself is not identically zero (it takes non‑zero values for \(x\neq 0\)). The lecture uses this example to illustrate that a function can have all derivatives zero at a point while still being non‑zero nearby, and that the remainder term in Taylor’s theorem can carry the entire function."
18100a-lecture-20-multicam_1_360p_16_9,L'Hôpital's rule,Full Lecture Transcript,"What is the purpose of the constant \(M_x=\dfrac{f(x)-p_n(x)}{(x-x_0)^{\,n+1}}\) that appears in the proof of Taylor’s theorem, and how is it eventually related to a higher derivative of \(f\)?","The constant \(M_x\) represents the average value of the remainder term per unit \((x-x_0)^{\,n+1}\). The proof shows that there exists a point \(c\) between \(x_0\) and \(x\) such that \(M_x=\dfrac{f^{(n+1)}(c)}{(n+1)!}\), thereby expressing the remainder in terms of a specific higher derivative of \(f\).","**Purpose of \(M_x\)**  
In the proof we write the difference between the function and its \(n\)-th Taylor polynomial as  

\[
f(x)-p_n(x)=M_x\,(x-x_0)^{\,n+1},
\qquad\text{where}\qquad 
M_x=\frac{f(x)-p_n(x)}{(x-x_0)^{\,n+1}} .
\]

The constant \(M_x\) is introduced for two reasons:

1. **It isolates the “remainder”** – the part of \(f\) that is not captured by the polynomial.  
   By factoring out \((x-x_0)^{n+1}\) we obtain a single number that depends on \(x\) (and on the fixed base point \(x_0\)) and that will later be shown to be small when \(x\) is close to \(x_0\).

2. **It allows the use of the Mean‑Value Theorem (MVT)** – we can now treat \(M_x\) as a constant when we apply the MVT to a suitably constructed auxiliary function \(g(s)\).  This turns the problem of estimating the remainder into a problem of finding a point where a higher derivative equals a given value.

**Relation to a higher derivative**

Define  

\[
g(s)=f(s)-p_n(s)-M_x\,(s-x_0)^{\,n+1}.
\]

Because \(g(x_0)=g(x)=0\), the MVT applied repeatedly to \(g\) (or to its successive derivatives) yields a point \(c\) between \(x_0\) and \(x\) such that  

\[
g^{(n+1)}(c)=0 .
\]

Computing \(g^{(n+1)}(s)\) gives  

\[
g^{(n+1)}(s)=f^{(n+1)}(s)-(n+1)!\,M_x .
\]

Setting this equal to zero at \(s=c\) gives  

\[
M_x=\frac{f^{(n+1)}(c)}{(n+1)!}.
\]

Thus the constant \(M_x\) is exactly the \((n+1)\)-st derivative of \(f\) at some intermediate point \(c\), divided by \((n+1)!\).  This is the remainder term in Taylor’s theorem."
18100a-lecture-20-multicam_1_360p_16_9,L'Hôpital's rule,Full Lecture Transcript,"According to the lecture, how does the mean value theorem apply to the function \(g(s)=f(s)-p_n(s)-M_x\,(s-x_0)^{\,n+1}\) at the endpoints \(x_0\) and \(x\), and what does this imply about the existence of a point \(c\) between them?","Because \(g(x_0)=g(x)=0\), Rolle’s theorem guarantees a point \(x_1\) between \(x_0\) and \(x\) with \(g'(x_1)=0\). Repeating this process \(n\) times yields a \(c\) such that \(g^{(n+1)}(c)=0\). Since the \((n+1)\)-th derivative of \(g\) is \(f^{(n+1)}(c)-(n+1)!M_x\), setting it to zero gives \(M_x=\dfrac{f^{(n+1)}(c)}{(n+1)!}\).","In the lecture the function  

\[
g(s)=f(s)-p_n(s)-M_x\,(s-x_0)^{\,n+1}
\]

is introduced.  By construction  

* at the left end‑point \(s=x_0\) we have  
  \[
  g(x_0)=f(x_0)-p_n(x_0)-M_x\,(x_0-x_0)^{\,n+1}=f(x_0)-p_n(x_0)=0,
  \]
  because \(p_n\) is the \(n\)-th degree Taylor polynomial of \(f\) at \(x_0\);

* at the right end‑point \(s=x\) we have  
  \[
  g(x)=f(x)-p_n(x)-M_x\,(x-x_0)^{\,n+1}=0,
  \]
  because \(M_x\) was chosen precisely so that \(f(x)-p_n(x)=M_x\,(x-x_0)^{\,n+1}\).

Thus \(g(x_0)=g(x)=0\).  Applying the Mean Value Theorem to the continuous function \(g\) on \([x_0,x]\) (and differentiable on \((x_0,x)\)) gives

\[
\exists\,c\in(x_0,x)\quad\text{such that}\quad g'(c)=0 .
\]

In other words, there is a point \(c\) strictly between \(x_0\) and \(x\) where the derivative of \(g\) vanishes.  This is the key step that leads to the remainder form in Taylor’s theorem."
18100a-lecture-20-multicam_1_360p_16_9,L'Hôpital's rule,Full Lecture Transcript,"Explain, as presented in the lecture, the difference between a relative minimum and a strict relative minimum for a function \(f\) at a point \(x_0\).",A relative minimum at \(x_0\) means that there exists a neighbourhood of \(x_0\) in which \(f(x)\ge f(x_0)\) for all \(x\). A strict relative minimum strengthens this by requiring \(f(x)>f(x_0)\) for every \(x\neq x_0\) sufficiently close to \(x_0\).,"In the lecture the two notions are distinguished by the inequality that holds for points near \(x_{0}\).

* **Relative minimum**  
  There is a neighbourhood of \(x_{0}\) (say \((x_{0}-\delta ,\,x_{0}+\delta)\)) such that for every \(x\) in that neighbourhood  
  \[
  f(x)\;\ge\;f(x_{0}).
  \]
  Equality is allowed at points other than \(x_{0}\); the function may stay flat or touch the same value at nearby points.

* **Strict relative minimum**  
  The same neighbourhood exists, but the inequality is strict for all points other than \(x_{0}\):  
  \[
  f(x)\;>\;f(x_{0})\quad\text{for all }x\neq x_{0}\text{ with }|x-x_{0}|<\delta .
  \]
  Thus the function is strictly larger than its value at \(x_{0}\) in a punctured neighbourhood.

So a strict relative minimum is a relative minimum with the additional requirement that the function’s value at \(x_{0}\) is strictly less than at any other nearby point. The lecture emphasises that the strict version is a stronger condition, but every strict relative minimum is automatically a (non‑strict) relative minimum."
18100a-lecture-20-multicam_1_360p_16_9,L'Hôpital's rule,Full Lecture Transcript,"What are the definitions of a partition and a tagged partition of an interval \([a,b]\) that were introduced in the lecture, and how is the norm of a partition defined?","A partition of \([a,b]\) is a finite ordered set \(x_0=a<x_1<\dots<x_n=b\). A tagged partition adds a tag \(\xi_k\) chosen in each subinterval \((x_{k-1},x_k)\). The norm of a partition is \(\max_{1\le k\le n}\{x_k-x_{k-1}\}\), i.e., the length of its largest subinterval.","**Partition of \([a,b]\)**  
A partition \(\underline{x}\) of the interval \([a,b]\) is a finite ordered set of points  

\[
\underline{x}= \{x_0,x_1,\dots ,x_n\}
\]

such that  

* \(x_0=a\) and \(x_n=b\),  
* \(x_0 < x_1 < \dots < x_n\).

The points \(x_{k-1}\) and \(x_k\) are the endpoints of the \(k\)-th subinterval \([x_{k-1},x_k]\).

---

**Tagged partition of \([a,b]\)**  
A tagged partition \((\underline{x},\underline{c})\) consists of a partition \(\underline{x}\) together with a choice of a *tag* \(c_k\) for each subinterval, i.e.

\[
\underline{c}= \{c_1,c_2,\dots ,c_n\},
\]

where each tag satisfies  

\[
x_{k-1} \le c_k \le x_k \qquad (k=1,\dots ,n).
\]

Thus a tagged partition is a partition plus a point chosen inside (or at an endpoint of) each subinterval.

---

**Norm of a partition**  
The norm of a partition \(\underline{x}\) is the length of the largest subinterval:

\[
\|\underline{x}\| \;=\; \max_{1\le k\le n}\,(x_k - x_{k-1}).
\]

It measures how fine the partition is; a smaller norm means the subintervals are all shorter."
18100a-lecture-20-multicam_1_360p_16_9,higher-order derivative,Full Lecture Transcript,Why does the Taylor polynomial of the example function at \(0\) equal the zero polynomial?,"All derivatives of the function at \(0\) are zero, so each coefficient in the Taylor series—being a derivative at \(0\)—vanishes, giving the zero polynomial.","Because every derivative of the example function vanishes at the expansion point.  
For a Taylor polynomial of order \(n\) about \(x_{0}=0\) we use

\[
T_{n}(x)=\sum_{k=0}^{n}\frac{f^{(k)}(0)}{k!}\,x^{k}.
\]

In the example the lecturer showed that for every \(k\ge 0\)

\[
f^{(k)}(0)=0 .
\]

Hence each coefficient \(\frac{f^{(k)}(0)}{k!}\) is zero, and every term in the sum is zero.  
Consequently the whole polynomial is identically zero:

\[
T_{n}(x)\equiv 0 .
\]

So the Taylor polynomial of the function at \(0\) equals the zero polynomial."
18100a-lecture-20-multicam_1_360p_16_9,higher-order derivative,Full Lecture Transcript,What is the purpose of the constant \(M\) introduced when expressing the remainder of the Taylor expansion?,"The constant \(M\) serves as the coefficient in the remainder term \(M\,(x-x_{0})^{n+1}\) and will later be shown to equal \(\dfrac{f^{(n+1)}(c)}{(n+1)!}\) for some \(c\) between \(x_{0}\) and \(x\).","The constant \(M\) is introduced as a **placeholder for the size of the remainder**.  
When we write

\[
f(x)=p_n(x)+M\,\frac{(x-x_0)^{\,n+1}}{(n+1)!},
\]

\(M\) is a number that depends on the function \(f\) and on the two points \(x_0\) and \(x\), but it is not yet specified.  
Its purpose is twofold:

1. **To isolate the remainder term** in a convenient algebraic form that looks like a constant times \((x-x_0)^{n+1}\).  
2. **To set up the application of the mean‑value theorem** (or its higher‑order versions).  By treating the remainder as \(M\,(x-x_0)^{n+1}/(n+1)!\), we can apply the mean‑value theorem to a suitable auxiliary function and show that there exists a point \(c\) between \(x_0\) and \(x\) such that  

   \[
   M = f^{(n+1)}(c).
   \]

Thus \(M\) is a temporary constant that will later be identified with the \((n+1)\)‑st derivative of \(f\) at some intermediate point, giving the Lagrange form of the remainder."
18100a-lecture-20-multicam_1_360p_16_9,higher-order derivative,Full Lecture Transcript,How does the argument guarantee the existence of a point \(c\) between \(x_{0}\) and \(x\) such that \(M=\dfrac{f^{(n+1)}(c)}{(n+1)!}\)?,"A function \(g\) is constructed whose successive derivatives vanish at \(x_{0}\); repeated applications of the mean–value theorem ultimately yield a point where \(g^{(n+1)}(c)=0\). Expanding \(g^{(n+1)}\) shows this value equals \(\dfrac{f^{(n+1)}(c)}{(n+1)!}-M\), forcing \(M=\dfrac{f^{(n+1)}(c)}{(n+1)!}\).","**Answer**

The existence of the point \(c\) is obtained by a *repeated application of Rolle’s theorem* to a carefully chosen auxiliary function.  
The argument goes as follows (all of it is contained in the lecture notes):

1. **Define the remainder function**  
   \[
   R(t)=f(t)-p_{n}(t)-M\,(t-x_{0})^{\,n+1},
   \]
   where \(p_{n}\) is the Taylor polynomial of degree \(n\) of \(f\) at \(x_{0}\) and \(M\) is the constant that appears in the remainder term
   \[
   f(x)=p_{n}(x)+M\,(x-x_{0})^{\,n+1}.
   \]

2. **Observe the boundary values**  
   By construction,
   \[
   R(x_{0})=f(x_{0})-p_{n}(x_{0})-M\cdot0=0,
   \qquad
   R(x)=f(x)-p_{n}(x)-M\,(x-x_{0})^{\,n+1}=0.
   \]
   Thus \(R\) has the same value (zero) at the two endpoints \(x_{0}\) and \(x\).

3. **Apply Rolle’s theorem once**  
   Since \(R\) is continuous on \([x_{0},x]\) and differentiable on \((x_{0},x)\), there exists a point \(c_{1}\in(x_{0},x)\) with  
   \[
   R'(c_{1})=0.
   \]

4. **Iterate the process**  
   Repeat the same reasoning on the interval \([x_{0},c_{1}]\) (or \([c_{1},x]\); the choice is irrelevant).  
   Each time we apply Rolle’s theorem we obtain a new point where the derivative of the previous function vanishes.  
   After applying it \(n+1\) times we arrive at a point \(c\in(x_{0},x)\) such that
   \[
   R^{(n+1)}(c)=0.
   \]

5. **Compute the \((n+1)\)-st derivative**  
   Differentiating \(R(t)\) \(n+1\) times gives
   \[
   R^{(n+1)}(t)=f^{(n+1)}(t)-(n+1)!\,M.
   \]
   Setting \(t=c\) and using \(R^{(n+1)}(c)=0\) yields
   \[
   f^{(n+1)}(c)-(n+1)!\,M=0
   \quad\Longrightarrow\quad
   M=\frac{f^{(n+1)}(c)}{(n+1)!}.
   \]

Thus the repeated application of Rolle’s theorem guarantees that there is a point \(c\) between \(x_{0}\) and \(x\) for which the remainder constant \(M\) equals the \((n+1)\)-st derivative of \(f\) at \(c\) divided by \((n+1)!\). This is precisely the statement that the remainder in Taylor’s theorem can be written in the Lagrange form."
18100a-lecture-20-multicam_1_360p_16_9,higher-order derivative,Full Lecture Transcript,"According to the second‑derivative test presented, which additional inequality ensures that \(x_{0}\) is a strict relative minimum of \(f\)?","The inequality \(f''(x_{0})>0\) (together with \(f'(x_{0})=0\)) guarantees a strictly positive second derivative at \(x_{0}\), which makes the point a strict relative minimum.","According to the second‑derivative test, the point \(x_{0}\) is a **strict** relative minimum of \(f\) provided that, in addition to  

\[
f'(x_{0})=0 \quad\text{and}\quad f''(x_{0})>0,
\]

the second derivative stays positive in a whole neighbourhood of \(x_{0}\).  In other words, there exists a \(\delta>0\) such that  

\[
\boxed{\,f''(c)>0\quad\text{for every }c\in(x_{0}-\delta,\;x_{0}+\delta)\,}.
\]

This extra inequality guarantees that \(f(x)>f(x_{0})\) for all \(x\neq x_{0}\) sufficiently close to \(x_{0}\), i.e. \(x_{0}\) is a strict relative minimum."
18100a-lecture-20-multicam_1_360p_16_9,higher-order derivative,Full Lecture Transcript,Why is the norm of a partition defined as the maximum length of its subintervals in the context of Riemann sums?,"Defining the norm as the largest subinterval length ensures that shrinking the norm forces all subintervals to become small; this uniform control is needed so that the Riemann sums converge to a single limiting value, the integral.","In the lecture the norm of a partition is introduced as a single number that tells us **how fine** the partition is.  
A partition of \([a,b]\) is a list of points  

\[
a=x_{0}<x_{1}<\dots <x_{n}=b ,
\]

and the partition breaks the interval into the subintervals  
\([x_{k-1},x_{k}]\).  
When we form a Riemann sum we pick a tag \(c_{k}\) in each subinterval and
compute

\[
S(f,\mathcal{P},\mathcal{C})=\sum_{k=1}^{n} f(c_{k})\,(x_{k}-x_{k-1}).
\]

The quality of this approximation depends on how small every subinterval
is.  If even one subinterval is long, the sum can be far from the true
area, no matter how the tags are chosen.  Therefore, to speak about
“making the partition finer” we need a single quantity that guarantees
that **all** subintervals are small.

The lecture defines the norm of a partition

\[
\|\mathcal{P}\|=\max_{1\le k\le n}(x_{k}-x_{k-1}),
\]

i.e. the length of the largest subinterval.  This choice has two
advantages:

1. **Uniform control** – If \(\|\mathcal{P}\|<\delta\), then every
   subinterval has length \(<\delta\).  Thus the partition is uniformly
   fine, and the Riemann sums based on it can be compared to the
   integral in a controlled way.

2. **Limit definition** – The definition of the Riemann integral
   requires that for every \(\varepsilon>0\) there exists a \(\delta>0\)
   such that whenever \(\|\mathcal{P}\|<\delta\) (regardless of how the
   tags are chosen), the corresponding Riemann sums lie within
   \(\varepsilon\) of the integral.  Using the maximum length gives a
   single, easily checkable condition for this.

Hence, in the context of Riemann sums, the norm is defined as the
maximum subinterval length so that it provides a convenient, uniform
measure of how fine a partition is, which is essential for proving the
existence of the limit that defines the Riemann integral."
18100a-lecture-21-multicam_360p_16_9,Riemann sum,Full Lecture Transcript,"In the lecture, the *modulus of continuity* of a continuous function \\(f\\colon [a,b]\\to\\mathbb{R}\\) is introduced.  Define this quantity precisely and describe the fundamental property of it that is repeatedly used later in the discussion.","For a continuous function \\(f:[a,b]\\to\\mathbb{R}\\) and a positive number \\(\\eta\\), the modulus of continuity is\n\n\\[\\omega_f(\\eta)=\\sup\\Bigl\\{\\,|f(x)-f(y)|:\\ x,y\\in[a,b],\\ |x-y|\\le\\eta\\Bigr\\}.\\]\n\nThe fundamental property used later is that \\(\\omega_f\\) is an upper bound on the oscillation of \\(f\\) over any subinterval of length at most \\(\\eta\\); in particular, if \\(\\eta\\) is small, then all values of \\(f\\) on any subinterval of length \\(\\le\\eta\\) are close to each other.","**Definition (modulus of continuity).**  
For a continuous function \(f:[a,b]\to\mathbb{R}\) and a positive number \(\eta>0\) the *modulus of continuity* of \(f\) is

\[
\boxed{\;\omega_f(\eta)\;=\;\sup\Bigl\{\,|f(x)-f(y)| \;:\; x,y\in[a,b],\;|x-y|\le \eta\,\Bigr\}\;}
\]

(If the supremum is taken over the empty set it is understood to be \(0\).)

**Fundamental property.**  
Because \(f\) is continuous on the closed, bounded interval \([a,b]\), the modulus of continuity satisfies

\[
\lim_{\eta\to 0^+}\omega_f(\eta)=0 .
\]

In other words, as the distance \(\eta\) between two points in \([a,b]\) shrinks to zero, the largest possible difference \(|f(x)-f(y)|\) also shrinks to zero.  
This fact is repeatedly used in the lecture to control how close the values of \(f\) are on fine partitions, to compare Riemann sums, and to prove the existence of the Riemann integral for continuous functions."
18100a-lecture-21-multicam_360p_16_9,Riemann sum,Full Lecture Transcript,"Why does the modulus of continuity \\(\\omega_f(\\eta)\\) tend to zero as \\(\\eta\\to 0^+\\) for every continuous function on a closed, bounded interval \\([a,b]\\)?  State the argument that leads to this result.","Because \\(f\\) is continuous on the compact interval \\([a,b]\\), it is uniformly continuous.  Thus for every \\(\\varepsilon>0\\) there exists \\(\\delta>0\\) such that \\(|x-y|<\\delta\\) implies \\(|f(x)-f(y)|<\\varepsilon\\).  By definition of \\(\\omega_f\\), this means \\(\\omega_f(\\eta)<\\varepsilon\\) whenever \\(\\eta<\\delta\\).  Hence \\(\\omega_f(\\eta)\\to0\\) as \\(\\eta\\to0^+\\).","**Why the modulus of continuity goes to zero**

Let  

\[
\omega_f(\eta)=\sup\{|f(x)-f(y)|:\;x,y\in[a,b],\;|x-y|\le \eta\},
\qquad \eta>0 .
\]

We want to show that  

\[
\lim_{\eta\to 0^+}\omega_f(\eta)=0
\]

for every continuous function \(f:[a,b]\to\mathbb{R}\).

---

### 1.  Uniform continuity on a closed, bounded interval  

Because \(f\) is continuous on the compact set \([a,b]\), it is **uniformly continuous**.  
Thus for every \(\varepsilon>0\) there exists a number \(\delta>0\) such that

\[
|x-y|<\delta \;\Longrightarrow\; |f(x)-f(y)|<\varepsilon
\qquad\text{for all }x,y\in[a,b].
\]

---

### 2.  Relating \(\delta\) to the modulus of continuity  

Fix \(\varepsilon>0\) and choose the corresponding \(\delta>0\) from uniform continuity.  
Take any \(\eta\) with \(0<\eta<\delta\).  
For any \(x,y\in[a,b]\) with \(|x-y|\le\eta\) we have \(|x-y|<\delta\), so

\[
|f(x)-f(y)|<\varepsilon .
\]

Hence every element of the set whose supremum defines \(\omega_f(\eta)\) is \(<\varepsilon\).  
Therefore

\[
\omega_f(\eta)\;=\;\sup\{|f(x)-f(y)|:\;|x-y|\le\eta\}\;\le\;\varepsilon .
\]

---

### 3.  Taking the limit  

The inequality \(\omega_f(\eta)\le\varepsilon\) holds for all \(\eta<\delta\).  
Since \(\varepsilon>0\) was arbitrary, this shows that for every \(\varepsilon>0\) there is a \(\delta>0\) such that

\[
0<\eta<\delta \;\Longrightarrow\; \omega_f(\eta)<\varepsilon .
\]

By definition of the limit of a function at \(0^+\), this is exactly

\[
\lim_{\eta\to 0^+}\omega_f(\eta)=0 .
\]

---

**Summary of the argument**

1. Continuous \(f\) on \([a,b]\) is uniformly continuous.  
2. Uniform continuity gives, for any \(\varepsilon>0\), a \(\delta>0\) with \(|x-y|<\delta\Rightarrow|f(x)-f(y)|<\varepsilon\).  
3. For any \(\eta<\delta\), the supremum defining \(\omega_f(\eta)\) is bounded by \(\varepsilon\).  
4. Hence \(\omega_f(\eta)\to0\) as \(\eta\to0^+\).

This completes the proof that the modulus of continuity of a continuous function on a closed, bounded interval tends to zero as the argument tends to zero."
18100a-lecture-21-multicam_360p_16_9,Riemann sum,Full Lecture Transcript,State the comparison theorem (referred to as Theorem 2 in the lecture) for Riemann sums when one partition \\(\\mathcal{P}'\\) is a refinement of another partition \\(\\mathcal{P}\\).  What explicit estimate does the theorem give for the difference of the two corresponding Riemann sums?,"Let \\(\\mathcal{P}\\) and \\(\\mathcal{P}'\\) be tagged partitions of \\([a,b]\\) with \\(\\mathcal{P}\\subseteq\\mathcal{P}'\\) (so \\(\\mathcal{P}'\\) is a refinement of \\(\\mathcal{P}\\)).  Then for any continuous function \\(f\\):\n\n\\[\\bigl|S(f,\\mathcal{P}',\\mathbf{c}')-S(f,\\mathcal{P},\\mathbf{c})\\bigr|\\le\\omega_f\\!\bigl(\\lVert\\mathcal{P}\\rVert\\bigr)\,(b-a),\\]\n\nwhere \\(\\lVert\\mathcal{P}\\rVert\\) is the norm (length of the longest subinterval) of \\(\\mathcal{P}\\).","**Theorem 2 (Comparison of Riemann sums for a refinement).**  
Let \(f:[a,b]\to\mathbb{R}\) be continuous and let  

\[
\mathcal{P}=\{a=x_{0}<x_{1}<\dots <x_{n}=b\},\qquad 
\mathcal{P}'=\{a=y_{0}<y_{1}<\dots <y_{m}=b\}
\]

be two tagged partitions of \([a,b]\) such that \(\mathcal{P}'\) is a *refinement* of \(\mathcal{P}\) (i.e. every point of \(\mathcal{P}\) is also a point of \(\mathcal{P}'\)).  
Let \(T=(t_{1},\dots ,t_{n})\) and \(T'=(s_{1},\dots ,s_{m})\) be arbitrary tags for \(\mathcal{P}\) and \(\mathcal{P}'\), respectively.  
Denote by  

\[
S(f,\mathcal{P},T)=\sum_{i=1}^{n} f(t_{i})\,(x_{i}-x_{i-1}),\qquad
S(f,\mathcal{P}',T')=\sum_{j=1}^{m} f(s_{j})\,(y_{j}-y_{j-1})
\]

the corresponding Riemann sums, and by  

\[
\omega_{f}(\delta)=\sup\{|f(x)-f(y)|:\;x,y\in[a,b],\,|x-y|\le\delta\}
\]

the modulus of continuity of \(f\).

Then

\[
\boxed{\;
\bigl|S(f,\mathcal{P}',T')-S(f,\mathcal{P},T)\bigr|
\;\le\;
\omega_{f}\!\bigl(\|\mathcal{P}\|\bigr)\,(b-a)
\;}
\]

where \(\|\mathcal{P}\|=\max_{1\le i\le n}(x_{i}-x_{i-1})\) is the norm of the coarser partition \(\mathcal{P}\).

Thus, the difference between the two Riemann sums is bounded by the modulus of continuity of \(f\) evaluated at the mesh of the coarser partition, multiplied by the length of the interval. This estimate shows that as the mesh of the coarser partition tends to zero, the two sums become arbitrarily close."
18100a-lecture-21-multicam_360p_16_9,Riemann sum,Full Lecture Transcript,Explain how Theorem 3 (the general comparison result for any two tagged partitions) is derived from Theorem 2.  What role does the construction of a common refinement play in obtaining the bound in Theorem 3?,"To compare arbitrary partitions \\(\\mathcal{P}\\) and \\(\\mathcal{P}'\\), one first builds their common refinement \\(\\mathcal{Q}=\\mathcal{P}\\cup\\mathcal{P}'\\).  Applying Theorem 2 twice gives\n\n\\[\\bigl|S(f,\\mathcal{P},\\mathbf{c})-S(f,\\mathcal{Q},\\mathbf{q})\\bigr|
  \\le\\omega_f\\!\bigl(\\lVert\\mathcal{P}\\rVert\\bigr)(b-a),\\]\n\nand a similar inequality for \\(\\mathcal{P}'\\).  By the triangle inequality\n\n\\[\\bigl|S(f,\\mathcal{P},\\mathbf{c})-S(f,\\mathcal{P}',\\mathbf{c}')\\bigr|
  \\le\\bigl|S(f,\\mathcal{P},\\mathbf{c})-S(f,\\mathcal{Q},\\mathbf{q})\\bigr|
      +\\bigl|S(f,\\mathcal{Q},\\mathbf{q})-S(f,\\mathcal{P}',\\mathbf{c}')\\bigr|,\n\nwhich yields the bound quoted in Theorem 3.","**How Theorem 3 follows from Theorem 2**

1. **Theorem 2** gives a bound for the difference of two Riemann sums when one tagged partition is a *refinement* of the other.  
   \[
   |S(f,\mathcal X,\tau)-S(f,\mathcal X',\tau')|
   \;\le\;
   \omega_f(\|\mathcal X\|)\,(b-a),
   \]
   whenever \(\mathcal X'\) is a refinement of \(\mathcal X\) (i.e. \(\mathcal X'\supseteq\mathcal X\)).

2. **Theorem 3** wants a bound for the difference of two Riemann sums that may come from *any* two tagged partitions \((\mathcal X,\tau)\) and \((\mathcal Y,\sigma)\).  
   The key idea is to bring both partitions into a common setting where Theorem 2 can be applied.

3. **Construction of a common refinement**  
   - Form the *union* of the two sets of partition points:
     \[
     \mathcal Z = \mathcal X \cup \mathcal Y .
     \]
   - Choose tags for \(\mathcal Z\) by taking, for each subinterval of \(\mathcal Z\), a tag that lies in that subinterval (for instance, the right‑hand endpoint).  
   - The resulting tagged partition \((\mathcal Z,\zeta)\) is a refinement of both \((\mathcal X,\tau)\) and \((\mathcal Y,\sigma)\); that is, \(\mathcal X\subseteq\mathcal Z\) and \(\mathcal Y\subseteq\mathcal Z\).

4. **Apply Theorem 2 twice**  
   - First, compare the sum for \((\mathcal X,\tau)\) with the sum for the common refinement:
     \[
     |S(f,\mathcal X,\tau)-S(f,\mathcal Z,\zeta)|
     \;\le\;
     \omega_f(\|\mathcal X\|)\,(b-a).
     \]
   - Second, compare the sum for \((\mathcal Y,\sigma)\) with the same common refinement:
     \[
     |S(f,\mathcal Y,\sigma)-S(f,\mathcal Z,\zeta)|
     \;\le\;
     \omega_f(\|\mathcal Y\|)\,(b-a).
     \]

5. **Triangle inequality**  
   \[
   \begin{aligned}
   |S(f,\mathcal X,\tau)-S(f,\mathcal Y,\sigma)|
   &\le |S(f,\mathcal X,\tau)-S(f,\mathcal Z,\zeta)|
        +|S(f,\mathcal Y,\sigma)-S(f,\mathcal Z,\zeta)| \\
   &\le \bigl(\omega_f(\|\mathcal X\|)+\omega_f(\|\mathcal Y\|)\bigr)(b-a).
   \end{aligned}
   \]
   This is exactly the bound stated in Theorem 3.

**Role of the common refinement**

The common refinement \(\mathcal Z\) is the bridge that lets us use Theorem 2, which only applies when one partition refines the other. By making both original partitions refinements of \(\mathcal Z\), we can apply Theorem 2 to each pair \((\mathcal X,\mathcal Z)\) and \((\mathcal Y,\mathcal Z)\). The triangle inequality then stitches the two estimates together, yielding the general comparison result of Theorem 3. Thus, the construction of the common refinement is essential for extending the refinement‑only estimate of Theorem 2 to an estimate that works for any two tagged partitions."
18100a-lecture-21-multicam_360p_16_9,absolute value,Full Lecture Transcript,"Define what a partition of the interval \([a,b]\) is and explain how its norm is calculated.","A partition \(X\) of \([a,b]\) is a finite increasing sequence of points \(a=x_{0}<x_{1}<\dots<x_{n}=b\). The norm of the partition, denoted \(\|X\|\), is the length of the longest subinterval \(\max_{1\leq i\leq n}(x_{i}-x_{i-1})\).","**Partition of \([a,b]\)**  
A partition \(P\) of the closed interval \([a,b]\) is a finite ordered list of points  

\[
P:\; a=x_{0}<x_{1}<x_{2}<\dots <x_{n}=b .
\]

These points cut \([a,b]\) into \(n\) subintervals  
\([x_{k-1},x_{k}]\) for \(k=1,\dots ,n\).

**Norm of a partition**  
The norm (or mesh) of the partition, denoted \(\|P\|\), is the length of the longest subinterval:

\[
\|P\| \;=\; \max_{1\le k\le n}\,(x_{k}-x_{k-1}).
\]

Thus \(\|P\|\) measures how fine the partition is; a smaller norm means the subintervals are shorter."
18100a-lecture-21-multicam_360p_16_9,absolute value,Full Lecture Transcript,"What is the modulus of continuity \(\omega_f(\eta)\) of a continuous function \(f\) on \([a,b]\), and why does \(\omega_f(\eta)\to 0\) as \(\eta\to 0\)?","The modulus of continuity of \(f\) is the function \(\omega_f:\mathbb{R}_{>0}\to\mathbb{R}_{\ge0}\) defined by\n\[
   \omega_f(\eta)=\sup_{\substack{x,y\in[a,b]\\ |x-y|\le\eta}}\bigl|f(x)-f(y)\bigr|.
   \]\nBecause \(f\) is uniformly continuous on the closed interval \([a,b]\), for every \(\varepsilon>0\) there exists \(\delta>0\) such that \(|x-y|<\delta\) implies \(|f(x)-f(y)|<\varepsilon\). Hence \(\omega_f(\eta)\le\varepsilon\) whenever \(\eta<\delta\), which shows \(\omega_f(\eta)\to0\) as \(\eta\to0\).","**Definition (modulus of continuity).**  
For a continuous function \(f:[a,b]\to\mathbb{R}\) and a positive number \(\eta>0\),

\[
\boxed{\;\omega_f(\eta)\;=\;\sup\Bigl\{|f(x)-f(y)|:\;x,y\in[a,b],\;|x-y|\le \eta\Bigr\}\;}
\]

In words, \(\omega_f(\eta)\) is the largest possible difference of the function values at two points that are at most \(\eta\) apart.

---

**Why \(\displaystyle\lim_{\eta\to 0}\omega_f(\eta)=0\).**  

1. **Uniform continuity on a closed, bounded interval.**  
   A continuous function on a compact interval \([a,b]\) is uniformly continuous.  
   Hence for every \(\varepsilon>0\) there exists a \(\delta>0\) such that

   \[
   |x-y|<\delta \;\Longrightarrow\; |f(x)-f(y)|<\varepsilon
   \qquad (x,y\in[a,b]).
   \]

2. **Relating \(\delta\) to the modulus.**  
   If \(\eta<\delta\), then for any \(x,y\) with \(|x-y|\le\eta\) we have \(|x-y|<\delta\), so  
   \(|f(x)-f(y)|<\varepsilon\).  
   Therefore every element of the set whose supremum defines \(\omega_f(\eta)\) is bounded by \(\varepsilon\), and consequently

   \[
   \omega_f(\eta)\le \varepsilon \quad\text{whenever}\quad \eta<\delta .
   \]

3. **Taking the limit.**  
   Given any \(\varepsilon>0\), choose \(\delta\) as above.  
   For all \(\eta<\delta\) we have \(\omega_f(\eta)\le\varepsilon\).  
   This is exactly the definition of \(\lim_{\eta\to 0}\omega_f(\eta)=0\).

Thus the modulus of continuity of any continuous function on a closed, bounded interval tends to zero as the distance parameter \(\eta\) shrinks to zero. (For the linear example \(f(x)=ax+b\), one can check that \(\omega_f(\eta)=|a|\,\eta\), which also goes to zero.)"
18100a-lecture-21-multicam_360p_16_9,absolute value,Full Lecture Transcript,"State Theorem 2, which compares Riemann sums for two partitions when one partition is a refinement of the other.","Theorem 2 states: if \((X,\mathcal{C})\) and \((X',\mathcal{C}')\) are tagged partitions of \([a,b]\) and \(X'\) is a refinement of \(X\) (i.e., every point of \(X\) is also in \(X'\)), then for any continuous function \(f\) one has\n\[
   \bigl| S(f,X',\mathcal{C}')-S(f,X,\mathcal{C})\bigr|
   \le \omega_f(\|X\|)\,(b-a).
\]","**Theorem 2 (Comparison of Riemann sums for a refinement).**  
Let \(f:[a,b]\to\mathbb R\) be continuous and let \((X,\mathbf c)\) and \((X',\mathbf c')\) be two tagged partitions of \([a,b]\) such that \(X'\) is a refinement of \(X\) (i.e. every point of \(X\) is also in \(X'\)).  
Denote by \(\|X\|\) the norm of the coarser partition \(X\) and by \(\omega_f(\delta)\) the modulus of continuity of \(f\).  
Then

\[
\bigl|S(f,X',\mathbf c')-S(f,X,\mathbf c)\bigr|
   \;\le\; \omega_f(\|X\|)\,(b-a).
\]

In words: the difference between the two Riemann sums is bounded by the modulus of continuity of \(f\) evaluated at the norm of the coarser partition, multiplied by the length of the interval."
18100a-lecture-21-multicam_360p_16_9,absolute value,Full Lecture Transcript,"In the existence proof for the Riemann integral, why do we first fix a particular sequence of tagged partitions with norm going to zero, and how do we show its Riemann sums form a Cauchy sequence?","We choose a sequence of tagged partitions \( (Y_r,\mathcal{Z}_r) \) with \(\|Y_r\|\to0\) because such a sequence exists for any interval and its Riemann sums will generate a candidate limit. To prove that these sums form a Cauchy sequence we use Theorem 3, which gives the estimate\n\[
   \bigl| S(f,Y_r,\mathcal{Z}_r)-S(f,Y_s,\mathcal{Z}_s)\bigr|
   \le \bigl(\omega_f(\|Y_r\|)+\omega_f(\|Y_s\|)\bigr)(b-a).
\]\nSince \(\|Y_r\|\to0\) and \(\omega_f(\eta)\to0\), the right–hand side can be made arbitrarily small by taking \(r,s\) large; this shows the sequence of sums is Cauchy. Completeness of \(\mathbb{R}\) then ensures convergence to some limit \(I\), which will be the value of the integral.","**Why fix one particular sequence of tagged partitions?**  
In the existence proof we want to *produce* a number that will later be called the Riemann integral of \(f\).  
To do that we first choose **any** sequence of tagged partitions  
\[
\mathcal{P}_1,\mathcal{P}_2,\dots ,\qquad \|\mathcal{P}_r\|\to 0 ,
\]
for example the one obtained by repeatedly inserting mid‑points.  
The Riemann sums of this fixed sequence,
\[
S_r=\sum_{k} f(t_{k}^{(r)})\,\Delta x_{k}^{(r)},
\]
are a concrete sequence of real numbers.  
If we can show that \((S_r)\) converges, we can define

\[
I:=\lim_{r\to\infty}S_r .
\]

This \(I\) will be the candidate for the integral.  
Later we prove that *every* other sequence of partitions with norm \(\to0\) has Riemann sums that also converge to the same \(I\).  
Thus the first step is simply to **produce a number** that will serve as the integral; we do this by fixing one convenient sequence.

---

**How do we show that the Riemann sums of this sequence form a Cauchy sequence?**

1. **Use the modulus of continuity.**  
   By Theorem 1 (continuity of \(f\) on \([a,b]\)), for every \(\varepsilon>0\) there exists \(\delta>0\) such that  
   \[
   |x-y|<\delta \;\Longrightarrow\; |f(x)-f(y)|<\frac{\varepsilon}{2(b-a)} .
   \]
   Equivalently, the modulus of continuity \(\omega_f(\eta)\) satisfies  
   \[
   \eta<\delta \;\Longrightarrow\; \omega_f(\eta)<\frac{\varepsilon}{2(b-a)} .
   \]

2. **Relate the modulus to the difference of two Riemann sums.**  
   Let \(\mathcal{P}_m,\mathcal{P}_n\) be two partitions from our fixed sequence with \(\|\mathcal{P}_m\|,\|\mathcal{P}_n\|<\delta\).  
   By the triangle inequality and the definition of the modulus of continuity,
   \[
   |S_m-S_n|
   \le \sum_{I\in\mathcal{P}_m\cup\mathcal{P}_n}\omega_f(\|I\|)\,|I|
   \le \omega_f(\delta)\,(b-a)
   < \frac{\varepsilon}{2(b-a)}\,(b-a)=\varepsilon .
   \]

3. **Choose \(M_0\).**  
   Because \(\|\mathcal{P}_r\|\to0\), there exists \(M_0\) such that for all \(r\ge M_0\) we have \(\|\mathcal{P}_r\|<\delta\).  
   Then for any \(m,n\ge M_0\) the estimate above gives \(|S_m-S_n|<\varepsilon\).

Thus the sequence \((S_r)\) is Cauchy.  
Since the real numbers are complete, a Cauchy sequence converges, so the limit \(I\) exists.

---

**Summary**

- We fix one sequence of tagged partitions with norm \(\to0\) to *define* a candidate integral \(I\).  
- We prove the Riemann sums of this sequence form a Cauchy sequence by using the modulus of continuity of \(f\) and the fact that the partition norms eventually become smaller than a chosen \(\delta\).  
- This guarantees the existence of the limit, which will later be shown to be independent of the chosen sequence."
18100a-lecture-21-multicam_360p_16_9,absolute value,Full Lecture Transcript,"Explain the linearity of the Riemann integral and outline the proof that \(\displaystyle\int_a^b(\alpha f+g)\,dx=\alpha\int_a^b f\,dx+\int_a^b g\,dx\) using properties of Riemann sums.","The Riemann integral is linear: for any continuous functions \(f,g\) on \([a,b]\) and any scalar \(\alpha\in\mathbb{R}\) we have\n\[
   \int_{a}^{b}(\alpha f+g)\,dx = \alpha\int_{a}^{b} f\,dx+\int_{a}^{b} g\,dx.
   \]\nThe proof uses Riemann sums: for any tagged partition \((X,\mathcal{C})\), the sum satisfies\n\[
   S(\alpha f+g,X,\mathcal{C})
   = \alpha S(f,X,\mathcal{C}) + S(g,X,\mathcal{C}),
   \]\nand all limits in the definition of the integral respect addition and scalar multiplication. Taking limits of the above identity as the norm of \(X\) tends to 0 yields the claimed linearity.","**Linearity of the Riemann integral**

For two continuous functions \(f,g:[a,b]\to\mathbb R\) and a real number \(\alpha\), the Riemann integral satisfies  

\[
\int_a^b(\alpha f+g)\,dx=\alpha\int_a^b f\,dx+\int_a^b g\,dx .
\]

In other words, the integral is a *linear operator* on the space of continuous functions on \([a,b]\).

---

### Outline of the proof (using Riemann sums)

1. **Choose a sequence of tagged partitions**  
   Let \(\{P_r,\tau_r\}_{r=1}^\infty\) be any sequence of tagged partitions of \([a,b]\) whose norms \(\|P_r\|\) tend to \(0\) as \(r\to\infty\).  
   (The lecture shows that for every such sequence the Riemann sums converge to the same limit, which is the integral.)

2. **Write the Riemann sum for \(\alpha f+g\)**  
   For each \(r\),

   \[
   S_r(\alpha f+g)=\sum_{k=1}^{n_r}(\alpha f+g)(x_k^*)\,\Delta x_k ,
   \]
   where \(x_k^*\) is the tag in the \(k\)-th subinterval and \(\Delta x_k\) its length.

3. **Use linearity of the *sum***  
   Because addition and scalar multiplication are linear operations on real numbers,

   \[
   S_r(\alpha f+g)
   =\sum_{k=1}^{n_r}\bigl(\alpha f(x_k^*)+g(x_k^*)\bigr)\Delta x_k
   =\alpha\sum_{k=1}^{n_r}f(x_k^*)\Delta x_k
     +\sum_{k=1}^{n_r}g(x_k^*)\Delta x_k
   =\alpha\,S_r(f)+S_r(g).
   \]

4. **Take limits**  
   By the definition of the Riemann integral, for each of the three functions the corresponding Riemann sums converge as \(r\to\infty\):

   \[
   \lim_{r\to\infty}S_r(f)=\int_a^b f\,dx,\qquad
   \lim_{r\to\infty}S_r(g)=\int_a^b g\,dx,\qquad
   \lim_{r\to\infty}S_r(\alpha f+g)=\int_a^b(\alpha f+g)\,dx .
   \]

   Limits respect linear combinations, so

   \[
   \lim_{r\to\infty}S_r(\alpha f+g)
   =\lim_{r\to\infty}\bigl(\alpha\,S_r(f)+S_r(g)\bigr)
   =\alpha\lim_{r\to\infty}S_r(f)+\lim_{r\to\infty}S_r(g).
   \]

5. **Conclude**  
   Substituting the limits gives

   \[
   \int_a^b(\alpha f+g)\,dx
   =\alpha\int_a^b f\,dx+\int_a^b g\,dx .
   \]

Thus the Riemann integral is linear, as claimed."
18100a-lecture-21-multicam_360p_16_9,modulus of continuity,Full Lecture Transcript,"In the lecture, how is the modulus of continuity \u03c9_f(\u03b7) defined for a continuous function f on a closed interval [a,b], and why does this quantity tend to 0 as \u03b7 approaches 0?","For a continuous f on [a,b] the modulus of continuity is defined by\\n\\n\\u03c9_f(\\u03b7) \\;=\\;\\sup\\{\\,|f(x)-f(y)|\\;:\\;x,y\\in[a,b],\\;|x-y|\\le\\u03b7\\}\\n\\nSince f is uniformly continuous on the closed interval, given any ε>0 there exists δ>0 such that |x-y|<δ implies |f(x)-f(y)|<ε.  Taking η<δ forces all pairs with |x-y|≤η to satisfy |f(x)-f(y)|<ε, so the supremum is <ε.  Hence ω_f(η)→0 as η→0.","**Definition (modulus of continuity).**  
For a continuous function \(f:[a,b]\to\mathbb{R}\) and a positive number \(\eta>0\),

\[
\boxed{\;\omega_f(\eta)\;=\;\sup\Bigl\{\;|f(x)-f(y)|\;:\;x,y\in[a,b],\;|x-y|\le \eta\Bigr\}\;}
\]

In words, \(\omega_f(\eta)\) is the largest possible difference of the function values at two points that are at most \(\eta\) apart.

---

**Why \(\omega_f(\eta)\to 0\) as \(\eta\to 0\).**  

Because \(f\) is continuous on the closed, bounded interval \([a,b]\), it is **uniformly continuous**.  
Uniform continuity means:

> For every \(\varepsilon>0\) there exists a \(\delta>0\) such that  
>  whenever \(x,y\in[a,b]\) and \(|x-y|<\delta\), we have \(|f(x)-f(y)|<\varepsilon\).

Now fix any \(\varepsilon>0\) and choose the corresponding \(\delta\).  
If \(0<\eta<\delta\), then for every pair \(x,y\) with \(|x-y|\le\eta\) we have \(|f(x)-f(y)|<\varepsilon\).  
Hence the supremum over all such pairs satisfies

\[
\omega_f(\eta)\;=\;\sup_{\substack{x,y\\|x-y|\le\eta}}|f(x)-f(y)|\;\le\;\varepsilon .
\]

Since this holds for every \(\varepsilon>0\) once \(\eta\) is small enough, we conclude

\[
\lim_{\eta\to 0^+}\omega_f(\eta)=0 .
\]

Thus the modulus of continuity measures how “tight” the function values are when the arguments are close, and for a uniformly continuous function on a closed interval it shrinks to zero as the distance between arguments shrinks to zero."
18100a-lecture-21-multicam_360p_16_9,modulus of continuity,Full Lecture Transcript,"According to the discussion on Riemann sums, what is the key theorem that guarantees the existence of a unique real number which all sufficiently fine Riemann sums converge to for a continuous function f on [a,b]?","The theorem states that for every continuous f:[a,b]→ℝ there exists a unique real number I, called the Riemann integral of f over [a,b], such that for **any** sequence of tagged partitions (X_r,C_r) with ||X_r||→0 the corresponding Riemann sums S(f,X_r,C_r) converge to I.","The key result is the **Theorem of the Riemann Integral**:  

*For a continuous function \(f:[a,b]\to\mathbb{R}\) there exists a unique real number, denoted \(\displaystyle \int_a^b f(x)\,dx\), such that for every sequence of partitions \(\{P_n\}\) of \([a,b]\) with \(\|P_n\|\to 0\), the corresponding Riemann sums \(S(f,P_n)\) converge to that same number.*"
18100a-lecture-21-multicam_360p_16_9,modulus of continuity,Full Lecture Transcript,"What estimate does the lecture give for the difference between two Riemann sums when one tagged partition is a refinement of the other, expressed in terms of the modulus of continuity and the length of the integration interval?","If (X,C) and (X',C') are tagged partitions of [a,b] with X′ a refinement of X, then\n\n|S(f,X',C')−S(f,X,C)|\\;\\le\\;\\omega_f(||X||)\\,(b−a).\n\nThus the difference between the two sums is bounded by the modulus of continuity evaluated at the norm of the coarser partition times the length of the interval.","The lecture states that if \(X'\) is a refinement of the tagged partition \(X\) (so \(X\subseteq X'\)), then the two Riemann sums differ by at most the modulus of continuity of \(f\) evaluated at the norm of the coarser partition, multiplied by the length of the interval:

\[
\bigl|\,S(f,X,\xi)-S(f,X',\xi')\,\bigr|
\;\le\;
\omega_f(\|X\|)\,(b-a),
\]

where \(\omega_f(\eta)=\sup\{|f(x)-f(y)|:|x-y|\le\eta\}\) is the modulus of continuity of \(f\)."
18100a-lecture-21-multicam_360p_16_9,modulus of continuity,Full Lecture Transcript,"How does the property of uniform continuity of a function on [a,b] contribute to proving that \u03c9_f(\u03b7) → 0 as \u03b7 → 0?","Uniform continuity gives, for every ε>0, a δ>0 such that |x−y|<δ ⇒ |f(x)-f(y)|<ε.  When η<δ, any pair (x,y) with |x−y|≤η also satisfies |f(x)-f(y)|<ε.  Therefore the supremum of |f(x)-f(y)| over |x−y|≤η is <ε, showing ω_f(η) can be made arbitrarily small; consequently ω_f(η)→0 as η→0.","Because the function is **uniformly continuous** on the closed interval \([a,b]\), we know that for every \(\varepsilon>0\) there is a single number \(\delta>0\) (independent of the particular points \(x,y\)) such that  

\[
|x-y|<\delta \;\Longrightarrow\; |f(x)-f(y)|<\varepsilon .
\]

Now consider the modulus of continuity  

\[
\omega_f(\eta)=\sup\{|f(x)-f(y)|:\;|x-y|\le \eta,\;x,y\in[a,b]\}.
\]

If we choose \(\eta<\delta\), then every pair \(x,y\) with \(|x-y|\le\eta\) also satisfies \(|x-y|<\delta\).  By the uniform‑continuity property, for each such pair \(|f(x)-f(y)|<\varepsilon\).  Hence the supremum over all those pairs is also less than \(\varepsilon\):

\[
\omega_f(\eta)\le \varepsilon \qquad\text{whenever }\eta<\delta .
\]

Since \(\varepsilon>0\) was arbitrary, this shows that for any \(\varepsilon\) we can make \(\omega_f(\eta)\) smaller than \(\varepsilon\) by taking \(\eta\) sufficiently small.  In other words,

\[
\lim_{\eta\to 0}\omega_f(\eta)=0 .
\]

Thus the uniform continuity of \(f\) on \([a,b]\) guarantees that the modulus of continuity tends to zero as \(\eta\) tends to zero."
18100a-lecture-21-multicam_360p_16_9,modulus of continuity,Full Lecture Transcript,"Explain, based on the lecture, why the limit defining the Riemann integral does not depend on the particular sequence of tagged partitions chosen, assuming each sequence has norms going to 0.","The lecture uses an estimate that the absolute difference of two Riemann sums with partitions X and Y satisfies\n\n|S(f,X,C)−S(f,Y,D)|\\le\\omega_f(||X||)(b−a)+\\omega_f(||Y||)(b−a).\n\nSince both ||X|| and ||Y|| tend to zero, the right–hand side tends to 0.  Hence any two sequences of partitions with norms going to zero produce sums whose limits differ by at most an arbitrarily small quantity, forcing all such limits to be the same number.  Therefore the Riemann integral defined as the limit of Riemann sums is independent of the chosen sequence of partitions.","**Why the limit is the same for every “fine enough’’ sequence of tagged partitions**

1. **Pick one reference sequence.**  
   In the lecture we first chose a particular sequence of tagged partitions  
   \(\{(P_r,\zeta_r)\}_{r=1}^{\infty}\) whose mesh (norm) tends to \(0\).  
   The Riemann sums of this sequence converge to a number \(i\); this number is
   what we call the integral \(\int_a^b f(x)\,dx\).

2. **Take an arbitrary sequence.**  
   Let \(\{(Q_r,\eta_r)\}_{r=1}^{\infty}\) be any other sequence of tagged
   partitions with \(\|Q_r\|\to 0\).  
   We want to show that the Riemann sums \(S(f,Q_r,\eta_r)\) also converge to
   the same \(i\).

3. **Compare the two sums by a common refinement.**  
   For each \(r\) form the common refinement \(R_r\) of \(P_r\) and \(Q_r\).
   Because \(R_r\) is finer than both, Theorem 2 (the comparison theorem)
   gives

   \[
   |S(f,Q_r,\eta_r)-S(f,P_r,\zeta_r)|
   \;\le\;
   \omega_f(\|R_r\|)\,(b-a),
   \]

   where \(\omega_f\) is the modulus of continuity of \(f\).

4. **Use the mesh going to zero.**  
   Since \(\|P_r\|\to 0\) and \(\|Q_r\|\to 0\), the mesh of the common
   refinement also satisfies \(\|R_r\|\to 0\).  
   By the definition of the modulus of continuity,  
   \(\omega_f(\|R_r\|)\to 0\) as \(r\to\infty\).

5. **Apply the squeeze theorem.**  
   The difference between the two Riemann sums is bounded by a quantity that
   tends to \(0\). Hence

   \[
   \lim_{r\to\infty} S(f,Q_r,\eta_r)
   = \lim_{r\to\infty} S(f,P_r,\zeta_r)
   = i .
   \]

6. **Conclusion.**  
   Because any two sequences of tagged partitions with mesh tending to zero
   can be compared in this way, the limit of the Riemann sums is the same
   for all such sequences. Therefore the value \(i\) is independent of the
   particular sequence chosen, and it is the unique number that satisfies
   the defining property of the Riemann integral."
