"lecture_name","entity_name","context","question","answer"
"18100a-lecture-1-multicammp4_360p_16_9","set theory","Full Lecture Transcript","In the lecture, what does the symbol \in represent?","x ∈ S means x is an element (member) of the set S."
"18100a-lecture-1-multicammp4_360p_16_9","set theory","Full Lecture Transcript","According to the lecture, how is the subset relation A⊆B defined?","A⊆B means: for every element x, if x∈A then x∈B."
"18100a-lecture-1-multicammp4_360p_16_9","set theory","Full Lecture Transcript","According to the lecture, what additional condition distinguishes a proper subset from a subset?","A⊂B means A⊆B and A≠B (A does not equal B)."
"18100a-lecture-1-multicammp4_360p_16_9","set theory","Full Lecture Transcript","In the lecture, how does one verify that two sets A and B are equal?","Show A⊆B and B⊆A (each set is a subset of the other)."
"18100a-lecture-1-multicammp4_360p_16_9","set theory","Full Lecture Transcript","According to the lecture, what are the two statements of De Morgan’s laws for sets B and C with respect to complements?","(B∪C)^c = B^c∩C^c \quad \text{and} \quad (B∩C)^c = B^c∪C^c."
"18100a-lecture-1-multicammp4_360p_16_9","axiom","Full Lecture Transcript","In the lecture, how is a *set* formally defined, and what is the notation used for the *empty set*?","A *set* – a collection of objects called *elements* or *members*. The empty set is denoted by \\(\\varnothing\\) (a circle with a dash)."
"18100a-lecture-1-multicammp4_360p_16_9","axiom","Full Lecture Transcript","According to the course material, what is the precise definition of *subset*, *proper subset*, and *equality* of two sets?","A set \(A\) is a *subset* of \(B\) (written \(A \\subseteq B\)) if every element of \(A\) is also an element of \(B\). \(A\) is a *proper subset* of \(B\) (written \(A \\subsetneq B\)) if \(A \\subseteq B\) and \(A \\neq B\). Two sets \(A\) and \(B\) are *equal* (written \(A = B\)) precisely when \(A \\subseteq B\) and \(B \\subseteq A\)."
"18100a-lecture-1-multicammp4_360p_16_9","axiom","Full Lecture Transcript","Which symbols and operations were introduced to express the *union*, *intersection*, *set difference*, and *complement* of sets, and how is the complement of a set defined relative to a universe?","Union: \(A \\cup B\) is the set of all elements in \(A\) or in \(B\).  
   Intersection: \(A \\cap B\) contains all elements that are in both \(A\) and \(B\).  
   Set difference: \(A \\setminus B\) consists of elements in \(A\) that are not in \(B\).  
   Complement: If \(U\) denotes the chosen universe, the complement of \(A\) (written \(A^{c}\) or \(U \\setminus A\)) is the set of all elements in \(U\) that are not in \(A\)."
"18100a-lecture-1-multicammp4_360p_16_9","axiom","Full Lecture Transcript","State De Morgan’s laws as presented in the lecture and explain the logical strategy used to prove the inclusion that \((B \cup C)^{c} \subseteq B^{c} \cap C^{c}\).","De Morgan’s laws:  
    \\((B \\cup C)^{c} = B^{c} \\cap C^{c}\\),  
    \\((B \\cap C)^{c} = B^{c} \\cup C^{c}\\).  
    To prove \((B \\cup C)^{c} \\subseteq B^{c} \\cap C^{c}\) the lecturer shows: let \(x \\in (B \\cup C)^{c}\). Then \(x \\notin B \\cup C\\), so \(x \\notin B\\) and \(x \\notin C\\). Thus \(x \\in B^{c}\\) and \(x \\in C^{c}\\), hence \(x \\in B^{c} \\cap C^{c}\\)."
"18100a-lecture-1-multicammp4_360p_16_9","axiom","Full Lecture Transcript","What are the two key assumptions required in a proof by induction according to the lecture, and how does the well‑ordering principle provide the argument that the induction hypothesis leads to a contradiction if the inductive set is non‑empty?","A proof by induction requires: 1) the *base case* – establishing the statement for \(n=1\); 2) the *inductive step* – proving that if the statement holds for an arbitrary \(n=m\), it holds for \(n=m+1\).  
    The well‑ordering principle is used contrapositive: Assume the set \(S\) of natural numbers for which the statement fails is non‑empty. By well‑ordering, \(S\) has a least element \(x\).  
    Since \(x>1\), \(x-1 \\notin S\), so the statement holds for \(x-1\). The inductive step then produces a contradiction, showing that \(x \\in S\) cannot occur. Therefore \(S\) is empty and the statement holds for all \(n\)."
"18100a-lecture-1-multicammp4_360p_16_9","logic","Full Lecture Transcript","According to the lecture, what does the notation \(A \subseteq B\) signify in terms of elements \(x\)? Provide the formal statement.","For all \(x\), if \(x \in A\) then \(x \in B\)."
"18100a-lecture-1-multicammp4_360p_16_9","logic","Full Lecture Transcript","In the lecture, how is a proper subset denoted and what additional condition distinguishes it from a general subset? Write the definition.","A proper subset is denoted by a notation such as \(A \subset B\) or \(A \subseteq B\) with a ‘not equal’ sign. It is defined by the condition \(A \subseteq B\) and \(A \neq B\)."
"18100a-lecture-1-multicammp4_360p_16_9","logic","Full Lecture Transcript","Which of the following is one of the De Morgan laws as stated in the lecture? Provide the set equality.","One De Morgan law is \((A \cup B)^{c} = A^{c} \cap B^{c}\)."
"18100a-lecture-1-multicammp4_360p_16_9","logic","Full Lecture Transcript","According to the lecture’s description of induction, what are the two properties that a statement \(P_n\) must satisfy for the theorem of induction to apply? Describe them in plain English.","The base case: \(P_1\) is true. The inductive step: for every \(m\), if \(P_m\) is true then \(P_{m+1}\) is true."
"18100a-lecture-1-multicammp4_360p_16_9","logic","Full Lecture Transcript","The lecturer proved by induction that for any \(c \neq 1\) and natural number \(n\), \[1 + c + c^2 + \dots + c^n = \frac{1 - c^{\,n+1}}{1 - c}.\] Which step of the induction proof corresponds to verifying the equality for \(n = 1\), and why is this step considered the base case?","The step where we substitute \(n = 1\) into the formula, checking that \(1 + c = \frac{1 - c^{2}}{1 - c}\). This verifies the statement for the smallest natural number, fulfilling the base case requirement."
"18100a-lecture-1-multicammp4_360p_16_9","principle of mathematical induction","Full Lecture Transcript","According to the discussion on the induction theorem, describe precisely the logical commitments one must make about a statement \\,P(n)\\, in order to apply induction. Provide the required two properties in mathematical notation.","The two properties are: 1. \\(P(1)\\) is true, 2. For all \\(m\\in\\mathbb N\\), \\(P(m)\\Rightarrow P(m+1)\\)."
"18100a-lecture-1-multicammp4_360p_16_9","principle of mathematical induction","Full Lecture Transcript","In the proof of the induction theorem given in the lecture, the set \\(S=\\{n\\in\\mathbb N:\\;P(n)\\text{ is false}\\}\\) is introduced. What role does the well‑ordering property of \\(\\mathbb N\\) play in the argument, and why does assuming \\(S\\neq\\varnothing\\) lead to a contradiction?","The well‑ordering property guarantees that a non‑empty subset of \\(\\mathbb N\\) has a least element. Assuming \\(S\\neq\\varnothing\\) yields a minimal \\(x\\in S\\). Because \\(x-1\\notin S\\), we have \\(P(x-1)\\) true, and by the inductive step \\(P(x)\\) must be true, contradicting \\(x\\in S\\)."
"18100a-lecture-1-multicammp4_360p_16_9","principle of mathematical induction","Full Lecture Transcript","The lecturer defines set equality via mutual inclusion. State this definition using set notation, and explain how this definition is used in proving an equality between two set expressions such as \\((B\\cup C)^c = B^c\\cap C^c\\).","Set equality is defined as \\(A=B\\iff (A\\subseteq B)\\wedge(B\\subseteq A)\\). To prove \\((B\\cup C)^c = B^c\\cap C^c\\), one shows each side is a subset of the other by unpacking the definitions of complement, union, and intersection, then applies the definition of equality."
"18100a-lecture-1-multicammp4_360p_16_9","principle of mathematical induction","Full Lecture Transcript","When applying induction to prove the formula \\(1+c+c^2+\\dots+c^n=\\frac{1-c^{\\,n+1}}{1-c}\\) with \\(c\\neq1\\), what is the inductive hypothesis and what is the inductive step? Express them in LaTeX.","Inductive hypothesis: \\(1+c+c^2+\\dots+c^m=\\frac{1-c^{\,m+1}}{1-c}\\). Inductive step: assuming the hypothesis for \\(m\\), prove \\(1+c+c^2+\\dots+c^{m+1}=\\frac{1-c^{\,m+2}}{1-c}\\)."
"18100a-lecture-1-multicammp4_360p_16_9","principle of mathematical induction","Full Lecture Transcript","The lecturer mentions that in a proof by contradiction one ""assumes the negation of the desired statement and derives a contradiction"". In the context of the induction theorem proof, what exact statement is assumed to be false, and what contradictory statement is eventually derived?","Assumed false statement: that there exists an \\(n\\) with \\(P(n)\\) false, i.e. \\(S\\neq\\varnothing\\). Derived contradiction: from this assumption one finds a minimal element \\(x\\in S\\) such that, using the inductive step, one also deduces \\(x\\notin S\\); thus \\(x\\in S\\) and \\(x\\notin S\\) simultaneously, a logical impossibility.\n"
"18100a-lecture-1-multicammp4_360p_16_9","set difference","Full Lecture Transcript","According to the lecture, what does the notation \(A \setminus B\) mean in set theory?","The notation \(A \setminus B\) denotes the set difference of \(A\) and \(B\), i.e. the set of all elements that belong to \(A\) but not to \(B\). Formally, \\[ A \\setminus B = \\{x \\mid x \\in A \\text{ and } x \\notin B\\}. \\]"
"18100a-lecture-1-multicammp4_360p_16_9","set difference","Full Lecture Transcript","How is the empty set written in the lecture, and what is its defining property?","The empty set is written as a circle with a dash through it, often represented by \\(\\varnothing\\). Its defining property is that it contains no elements; there is no \(x\\) such that \\(x\\in\\varnothing\\)."
"18100a-lecture-1-multicammp4_360p_16_9","set difference","Full Lecture Transcript","What condition, as stated in the lecture, guarantees that two sets \(A\) and \(B\) are equal, and how is a proper subset formally described?","Two sets \(A\) and \(B\) are equal if each is a subset of the other, i.e. \\(A \\subseteq B\\) and \\(B \\subseteq A\\). A proper subset is written \\(A \\subsetneq B\\) and means \\(A \\subseteq B\\) while \\(A \\neq B\\); equivalently, every member of \(A\) is in \(B\) but there exists at least one element of \(B\) not in \(A\\)."
"18100a-lecture-1-multicammp4_360p_16_9","set difference","Full Lecture Transcript","Write the first De Morgan law presented in the lecture and explain what it tells us about complements of unions.","The first De Morgan law as given is \\[ (B \\cup C)^{c} = B^{c} \\cap C^{c}. \\] In words, the complement of the union of \(B\) and \(C\) consists exactly of those elements that are not in \(B\) and also not in \(C\); it is the intersection of the complements."
"18100a-lecture-1-multicammp4_360p_16_9","set difference","Full Lecture Transcript","When the universe is \(\mathbb{R}\), how is the complement of a set \(A\) defined in the lecture, and how does it relate to the set difference notation?","When the ambient space is \\(\\mathbb{R}\\), the complement of \(A\\) is \\[ A^{c} = \\{x \\in \\mathbb{R} \\mid x \\notin A\\}. \\] This can also be expressed as the set difference from the universe: \\(A^{c}=\\mathbb{R}\\setminus A\\). Thus the complement is simply the set of all real numbers that are not in \(A\\)."
"18100a-lecture-1-multicammp4_360p_16_9","De Morgan's laws","Full Lecture Transcript","In the lecture, how is the equality of two sets formally defined?","Two sets \(A\) and \(B\) are equal if and only if \(A\subseteq B\) and \(B\subseteq A\); that is, every element of \(A\) is in \(B\) and every element of \(B\) is in \(A\)."
"18100a-lecture-1-multicammp4_360p_16_9","De Morgan's laws","Full Lecture Transcript","During the proof of De Morgan’s law for complements of unions, what logical reasoning is used after assuming an element \(x\) belongs to the left–hand side \((B\cup C)^c\) to conclude that \(x\) belongs to the right–hand side \(B^c\cap C^c\)?","Assuming \(x\in (B\cup C)^c\) means, by definition of complement, that \(x\notin B\cup C\). The definition of union then gives \(x\notin B\) and \(x\notin C\). By the definition of complement again, \(x\in B^c\) and \(x\in C^c\); hence \(x\in B^c\cap C^c\)."
"18100a-lecture-1-multicammp4_360p_16_9","De Morgan's laws","Full Lecture Transcript","The relative complement notation \(A\backslash B\) is introduced. According to the discussion, what is the precise set‑theoretic definition of \(A\backslash B\)?","The relative complement \(A\backslash B\) is defined as the set of all elements that belong to \(A\) but not to \(B\): \[
          A\backslash B=\{\,x\mid x\in A\text{ and }x\notin B\,\}.
          \]"
"18100a-lecture-1-multicammp4_360p_16_9","De Morgan's laws","Full Lecture Transcript","Why does proving both inclusions \(X\subseteq Y\) and \(Y\subseteq X\) suffice to prove that the two sets \(X\) and \(Y\) are equal, as described in the lecture?","According to the definition of set equality, two sets are equal precisely when each is a subset of the other. Therefore, proving the two inclusions \(X\subseteq Y\) and \(Y\subseteq X\) shows that every element of \(X\) lies in \(Y\) and every element of \(Y\) lies in \(X\), which by definition implies \(X=Y\)."
"18100a-lecture-1-multicammp4_360p_16_9","De Morgan's laws","Full Lecture Transcript","In the lecture’s proof that \((B\cup C)^c = B^c\cap C^c\), what is the significance of the step where we deduce \(x\notin B\) and \(x\notin C\), and how does this relate to the definition of complement?","The deduction that \(x\notin B\) and \(x\notin C\) shows that \(x\) fails membership in each of the sets \(B\) and \(C\). This is exactly the condition for \(x\) to belong to the complements \(B^c\) and \(C^c\). Establishing both conditions simultaneously allows us to conclude that \(x\in B^c\cap C^c\), linking the complement operation with set membership."
"18100a-lecture-1-multicammp4_360p_16_9","proper subset","Full Lecture Transcript","According to the lecture, what is the precise definition of a set being a proper subset of another set, and how is this relationship denoted in notation used in the text?","A set \(A\) is a proper subset of \(B\) if every element of \(A\) lies in \(B\) and \(A\) is not equal to \(B\).  In the notation used in the lecture this is written as \(A\\subset B\) with a dash under the \\(\\subset\\) symbol."
"18100a-lecture-1-multicammp4_360p_16_9","proper subset","Full Lecture Transcript","In the context of the lecture, if two sets \(A\) and \(B\) satisfy that every element of \(A\) is in \(B\) and every element of \(B\) is in \(A\), what conclusion can we draw about \(A\) and \(B\), and what rule from the lecture justifies this conclusion?","They are equal: \(A = B\).  This follows from the lecture’s definition that two sets are equal precisely when each is a subset of the other."
"18100a-lecture-1-multicammp4_360p_16_9","proper subset","Full Lecture Transcript","During the proof of De Morgan’s laws, the lecturer states that to show equality of two sets it suffices to prove two inclusions. Explain why showing \( (B\cup C)^{c}\subseteq B^{c}\cap C^{c}\) and the reverse inclusion together establish the equality.","Because by definition two sets are equal iff each is contained in the other.  Proving \( (B\cup C)^{c}\subseteq B^{c}\cap C^{c}\) establishes one direction of inclusion, and proving the reverse inclusion gives the other direction.  Together they yield the equality of the two sets."
"18100a-lecture-1-multicammp4_360p_16_9","proper subset","Full Lecture Transcript","Which logical connective is represented by the symbol ""\\leftrightarrow"" in the text, and when is this used in a proof according to the discussion?","""\\leftrightarrow"" denotes the logical connective ""if and only if"" (↔).  It is used in a proof to state that one statement implies another and vice versa, establishing the equivalence of two conditions."
"18100a-lecture-1-multicammp4_360p_16_9","proper subset","Full Lecture Transcript","In the proof sketch for proving a property for all natural numbers using induction, what role does the well‑ordering principle of \(\\mathbb{N}\) play, and how is it used to derive a contradiction?","The well‑ordering principle guarantees that any non‑empty set of natural numbers has a smallest element.  In a proof by contradiction, one assumes the existence of a counterexample set \(S\), takes its least element \(x\), and shows (using the base case and inductive step) that \(x\) cannot be in \(S\), yielding a contradiction.  Hence the original assumption was false."
"18100a-lecture-1-multicammp4_360p_16_9","not equal","Full Lecture Transcript","In the lecture, when are two sets considered equal? Provide the condition in symbolic form.","Two sets A and B are equal if \(A\\subseteq B\) and \(B\\subseteq A\)."
"18100a-lecture-1-multicammp4_360p_16_9","not equal","Full Lecture Transcript","The lecturer defined a proper subset. Write the condition that distinguishes a proper subset from a general subset, and give the common notation for a proper subset.","A is a proper subset of B if \(A\\subseteq B\) and \(A\\neq B\).  The usual notation is \(A\\subsetneq B\)."
"18100a-lecture-1-multicammp4_360p_16_9","not equal","Full Lecture Transcript","According to the lecture, the complement of a set A is defined relative to a universe U. State this definition using set membership notation.","The complement of A with respect to a universe U is defined as \\(A^{c}=\\{x\\in U : x\\notin A\\}\\)."
"18100a-lecture-1-multicammp4_360p_16_9","not equal","Full Lecture Transcript","State one of De Morgan's laws for sets as presented in the lecture, using symbols for complement, union, and intersection.","One De Morgan law states \\((B\\cup C)^{c}=B^{c}\\cap C^{c}\\)."
"18100a-lecture-1-multicammp4_360p_16_9","not equal","Full Lecture Transcript","When using induction, the lecturer described two critical components. What are they and what does each entail?","The two components are:\n1. Base case – prove the statement for \\(n=1\\).\n2. Inductive step – assume the statement holds for \\(n=m\\) and prove it for \\(n=m+1\\)."
"18100a-lecture-1-multicammp4_360p_16_9","complex number","Full Lecture Transcript","In the lecture, how is a set defined and how is the empty set denoted symbolically?","A set is a collection of objects called elements or members.  The empty set is denoted by a circle with a slash through it, often written \(\varnothing\)."
"18100a-lecture-1-multicammp4_360p_16_9","complex number","Full Lecture Transcript","According to the lecture, how is the statement ""\(A\) is a subset of \(B\)"" written, and what is the additional condition needed for two sets \(A\) and \(B\) to be considered equal?","""\(A\) is a subset of \(B\)"" is written as \(A \subseteq B\) (sometimes denoted \(A \, C \, B\) in the lecture).  Two sets are equal, \(A = B\), if \(A \subseteq B\) and \(B \subseteq A\); equivalently, every element of \(A\) is in \(B\) and every element of \(B\) is in \(A\)."
"18100a-lecture-1-multicammp4_360p_16_9","complex number","Full Lecture Transcript","The lecture presents De Morgan’s laws for set complements. State both identities that relate the complement of a union and the complement of an intersection with respect to a given universe.","The two De Morgan identities are:
        \[
        (A \cup B)^{c} \;=\; A^{c}\cap B^{c},
        \qquad
        (A \cap B)^{c} \;=\; A^{c}\cup B^{c},
        \]
        where \((\cdot)^{c}\) denotes the complement relative to the chosen universe."
"18100a-lecture-1-multicammp4_360p_16_9","complex number","Full Lecture Transcript","When using the principle of mathematical induction as described in the lecture, what are the two principal hypotheses that must be verified?","The principle of induction requires:
        1. **Base case** – the statement \(P_1\) is true.
        2. **Inductive step** – for every \(m\in\mathbb{N}\), if \(P_m\) is true then \(P_{m+1}\) is true."
"18100a-lecture-1-multicammp4_360p_16_9","complex number","Full Lecture Transcript","The lecture proves a formula for the sum of powers of a real number \(c\neq 1\) by induction. What is the statement \(P_n\) that is claimed to hold for every natural number \(n\)?","The statement proved by induction is:
        \[
        P_n:\quad 1 + c + c^2 + \dots + c^n \;=\; \frac{1 - c^{\,n+1}}{\,1 - c\,}\quad\text{for all }n\in\mathbb{N}\text{ and }c\neq 1.
        \]"
"18100a-lecture-1-multicammp4_360p_16_9","integers","Full Lecture Transcript","In the morning lecture, how is a set defined?","A set is a collection of objects called elements or members."
"18100a-lecture-1-multicammp4_360p_16_9","integers","Full Lecture Transcript","What set is represented by the symbol \\(\\varnothing\\) and how is it described?","The symbol \\(\\varnothing\\) denotes the empty set, i.e., a set that contains no elements."
"18100a-lecture-1-multicammp4_360p_16_9","integers","Full Lecture Transcript","According to the discussion, what is the condition that makes two sets, A and B, equal?","Two sets A and B are equal if and only if A is a subset of B and B is a subset of A."
"18100a-lecture-1-multicammp4_360p_16_9","integers","Full Lecture Transcript","State one of De Morgan's laws for sets as presented in the lecture.","One form of De Morgan's law is \\( (B\\cup C)^{c}=B^{c}\\cap C^{c} \\)."
"18100a-lecture-1-multicammp4_360p_16_9","integers","Full Lecture Transcript","What is the precise statement of the induction principle that was proven using the well‑ordering property?","If a property P(n) satisfies: (1) P(1) is true; (2) for every natural number m, P(m) ⇒ P(m+1), then P(n) is true for all n∈\\mathbb{N}."
"18100a-lecture-10-multicam_1_360p_16_9","absolute value","Full Lecture Transcript","According to the lecture, how is a Cauchy sequence defined using the \u03b5‑\u03c9 notation?","A sequence \((x_n)\) is Cauchy if for every \(\varepsilon>0\) there exists a natural number \(M\) such that for all integers \(m,n\ge M\) we have \(|x_m-x_n|<\varepsilon\)."
"18100a-lecture-10-multicam_1_360p_16_9","absolute value","Full Lecture Transcript","In the discussion, the sequence \(x_n=\frac{1}{n}\) is shown to be a Cauchy sequence. What choice of \(M\) is made and how does it ensure that \(|x_n-x_k|<\epsilon\) for all \(n,k\ge M\)?","For \(\varepsilon>0\) we choose \(M\) with \(M>2/\varepsilon\).  Then for any \(n,k\ge M\), \(\displaystyle|x_n-x_k|=\left|\frac{1}{n}-\frac{1}{k}\right|\le \frac{1}{n}+\frac{1}{k}\le \frac{1}{M}+\frac{1}{M}=\frac{2}{M}<\varepsilon\)."
"18100a-lecture-10-multicam_1_360p_16_9","absolute value","Full Lecture Transcript","What is the logical *negation* of the definition of a Cauchy sequence, and which simple example from the lecture illustrates that a sequence can fail to be Cauchy?","The negation is: there exists \(\varepsilon_0>0\) such that for every natural number \(M\) one can find integers \(m,n\ge M\) with \(|x_m-x_n|\ge\varepsilon_0\).  The lecture uses the sequence \(x_n=(-1)^n\); every tail contains two terms whose difference is \(2\), so the sequence is not Cauchy."
"18100a-lecture-10-multicam_1_360p_16_9","absolute value","Full Lecture Transcript","Why does the lecture say that convergence implies the Cauchy property? What intuitive picture is used to motivate this implication?","Convergent sequences eventually lie in a small \(\varepsilon\)-ball around the limit.  Hence, beyond some point, all terms are at most \(\varepsilon\) apart, giving the Cauchy condition.  The lecture visualises this as all points of the tail lying inside an interval of length \(\varepsilon\)."
"18100a-lecture-10-multicam_1_360p_16_9","absolute value","Full Lecture Transcript","The lecture states the theorem: *If a series converges, then \(\displaystyle\lim_{n\to\infty}x_n=0\).* How is this conclusion deduced from the definition of a Cauchy series?","A convergent series has a Cauchy sequence of partial sums.  For a Cauchy series, the tail sum \(\sum_{k=n+1}^{m}x_k\) can be made arbitrarily small.  Taking \(m=n+1\) shows \(|x_n|<\varepsilon\) for large \(n\), so \(\lim_{n\to\infty}x_n=0\)."
"18100a-lecture-10-multicam_1_360p_16_9","cauchy sequence","Full Lecture Transcript","According to the lecture, what is the formal definition of a Cauchy sequence?","A sequence \((x_n)\) of real numbers is Cauchy if for every \(\varepsilon>0\) there exists an integer \(M\) such that for all natural numbers \(n,k \ge M\) one has \(|x_n - x_k| < \varepsilon\)."
"18100a-lecture-10-multicam_1_360p_16_9","cauchy sequence","Full Lecture Transcript","In the lecture an example is given of a Cauchy sequence that converges. State this sequence and explain briefly why it satisfies the Cauchy definition.","The sequence \(x_n = 1/n\) is given. For a chosen \(\varepsilon>0\) choose \(M\) with \(M > 2/\varepsilon\). Then for all \(n,k \ge M\),
        \[
        |x_n - x_k| = \Bigl|\frac{1}{n} - \frac{1}{k}\Bigr|
        \le \frac{1}{n} + \frac{1}{k}
        \le \frac{2}{M}
        < \varepsilon,
        \]
        so the sequence is Cauchy. It also converges to \(0\)."
"18100a-lecture-10-multicam_1_360p_16_9","cauchy sequence","Full Lecture Transcript","Reformulate the definition of a Cauchy sequence by negating it. Then give an example of a sequence that is not Cauchy and justify your choice using the negated definition.","Negation: A sequence \((x_n)\) is **not** Cauchy if there exists a positive number \(\varepsilon_0\) such that for every integer \(M\) one can find natural numbers \(n,k \ge M\) with
        \[
        |x_n - x_k| \ge \varepsilon_0.
        \]
        Example: \(x_n = (-1)^n\). Take \(\varepsilon_0 = 1\). For any \(M\) choose \(n = M\) and \(k = M+1\); then \(|x_n - x_k| = 2 \ge \varepsilon_0\). Thus the sequence is not Cauchy."
"18100a-lecture-10-multicam_1_360p_16_9","cauchy sequence","Full Lecture Transcript","The lecture shows that every Cauchy sequence is bounded. Summarize the key argument that leads to this conclusion.","Because a Cauchy sequence has a point beyond which all terms stay within a fixed distance of each other. Choose \(M\) so that for all \(n,k \ge M\) we have \(|x_n-x_k|<1\). Fix \(m\ge M\); then for \(n\ge M\),
        \(|x_n| \le |x_n-x_m| + |x_m| < 1 + |x_m|\).
        The finitely many terms with indices below \(M\) are bounded by a constant \(B\). Taking the maximum of \(B\) and \(1+|x_m|\) gives a single \(C\) with \(|x_n| \le C\) for all \(n\), so the sequence is bounded."
"18100a-lecture-10-multicam_1_360p_16_9","cauchy sequence","Full Lecture Transcript","How does the lecture use the equivalence between Cauchy sequences and convergent sequences to determine whether a series converges? Describe the tail‑sum criterion that appears in the discussion.","The lecture states that a series \(\sum_{n=1}^{\infty}x_n\) converges exactly when its sequence of partial sums \(S_m = \sum_{n=1}^{m}x_n\) is Cauchy.  Equivalently,
        \[
        \forall \varepsilon>0\;\exists M\in\mathbb N\;\forall L\ge M:\;
        \Bigl|\sum_{n=M+1}^{L}x_n\Bigr|<\varepsilon,
        \]
        i.e. the tail of the series can be made arbitrarily small.  Checking this tail‑sum condition allows us to determine convergence without finding a specific limit of the series."
"18100a-lecture-10-multicam_1_360p_16_9","limit","Full Lecture Transcript","In the illustration of Cauchy sequences, how is a Cauchy sequence of real numbers defined in terms of \\\\varepsilon\\\\ and a natural number\\\\ M\\\\?","A sequence \\((x_n)\\) is Cauchy if for every \\(\\varepsilon > 0\\) there exists a natural number \\(M\\) such that for all \\(n, k \\ge M\\) one has \\(|x_n - x_k| < \\varepsilon\\)."
"18100a-lecture-10-multicam_1_360p_16_9","limit","Full Lecture Transcript","According to the lecture, what is the formal negation of the Cauchy property? In other words, state precisely what it means for a sequence to **not** be Cauchy.","A sequence fails to be Cauchy when there exists a positive number \\(\\varepsilon_0\\) such that for every natural number \\(M\\) we can find indices \\(n, k \\ge M\\) with \\(|x_n - x_k| \\ge \\varepsilon_0\\)."
"18100a-lecture-10-multicam_1_360p_16_9","limit","Full Lecture Transcript","During the proof that the sequence \(x_n = \\frac{1}{n}\\) is Cauchy, which inequality is chosen for \\(M\\) related to \\(\\varepsilon\\), and why is the value \\\\varepsilon\\\\ divided by 2 in the subsequent estimate?","The proof selects \\(M\\) so that \\(\\frac{1}{M} < \\frac{\\varepsilon}{2}\\). This choice ensures that for any \\(n, k \\ge M\\), both \\(\\frac{1}{n}\\) and \\(\\frac{1}{k}\\) are less than \\(\\frac{\\varepsilon}{2}\\), allowing the triangle inequality to give \\(|\\frac{1}{n} - \\frac{1}{k}| < \\varepsilon\\)."
"18100a-lecture-10-multicam_1_360p_16_9","limit","Full Lecture Transcript","The lecture gives a concrete example of a non‑Cauchy sequence. What property of the sequence \\\\(x_n = (-1)^n\\\\) demonstrates that it fails the Cauchy condition, and how is the offending \\(\\varepsilon\\) chosen?","Because the terms alternate between \\(+1\\) and \\(-1\\), for any large enough indices two consecutive terms differ by \\(2\\). Taking \\(\\varepsilon_0 = 1\\) (or any number in \\((0,2]\\)) shows that no single \\(M\\) can make all later differences smaller than \\(\\varepsilon_0\\)."
"18100a-lecture-10-multicam_1_360p_16_9","limit","Full Lecture Transcript","Why does the lecture say that for any convergent series the sequence of terms must tend to zero, and why does the converse fail? Provide the specific counter‑example mentioned in the lecture.","If a series \\(\\sum x_n\\) converges, the partial sums are Cauchy, so the tail \\(\\sum_{k=m+1}^l x_k\\) can be made arbitrarily small. From this the terms must satisfy \\(x_m \\to 0\\). The converse fails because there exist series whose terms go to zero yet the series diverges. The lecture cites the harmonic series (\\(\\sum 1/n\\)) as such an example."
"18100a-lecture-10-multicam_1_360p_16_9","Cauchy product","Full Lecture Transcript","In the lecture, how is a Cauchy sequence defined using the \u03b5–M language?","A sequence \((x_n)\) is called Cauchy if for every \(\varepsilon>0\) there exists an integer \(M\) such that for all integers \(n,k \geq M\) we have \(|x_n-x_k|<\varepsilon\)."
"18100a-lecture-10-multicam_1_360p_16_9","Cauchy product","Full Lecture Transcript","Show how the sequence \(x_n=\frac{1}{n}\) satisfies the Cauchy property by choosing an appropriate \(M\) for a given \(\varepsilon>0\).","Given \(\varepsilon>0\), choose \(M\in\mathbb{N}\) with \(M>\frac{2}{\varepsilon}\). Then for any \(n,k\ge M\) we have \(\displaystyle |x_n-x_k|=\Bigl|\frac{1}{n}-\frac{1}{k}\Bigr|\le \frac{1}{n}+\frac{1}{k}\le\frac{1}{M}+\frac{1}{M}<\varepsilon\), so the Cauchy condition holds."
"18100a-lecture-10-multicam_1_360p_16_9","Cauchy product","Full Lecture Transcript","Rewrite the definition of a Cauchy sequence in its negated form; that is, state precisely what it means for a sequence not to be Cauchy.","A sequence \((x_n)\) is **not** Cauchy if there exists an \(\varepsilon_0>0\) such that for every integer \(M\) one can find integers \(n,k\ge M\) with \(|x_n-x_k|\ge\varepsilon_0\)."
"18100a-lecture-10-multicam_1_360p_16_9","Cauchy product","Full Lecture Transcript","Identify an example of a real‑valued sequence that is **not** Cauchy and explain which part of the definition fails for this sequence.","The sequence \(x_n=(-1)^n\) is not Cauchy. For \(\varepsilon_0=1\), no matter how large \(M\) is chosen, we can pick \(n=M\) and \(k=M+1\); then \(x_n-x_k=(-1)^M-(-1)^{M+1}=2(-1)^M\) so \(|x_n-x_k|=2\ge\varepsilon_0\)."
"18100a-lecture-10-multicam_1_360p_16_9","Cauchy product","Full Lecture Transcript","According to the lecture, what does the equivalence theorem say about a Cauchy sequence that has a convergent subsequence?","The theorem states: if \((x_n)\) is a Cauchy sequence and some subsequence \((x_{n_j})\) converges to a limit \(L\), then the entire sequence \((x_n)\) also converges to \(L\)."
"18100a-lecture-10-multicam_1_360p_16_9","Banach space","Full Lecture Transcript","According to the lecture, what is the precise definition of a Cauchy sequence of real numbers?","A sequence \((x_n)\) of real numbers is Cauchy if for every \(\varepsilon>0\) there exists a natural number \(M\) such that for all natural numbers \(n\ge M\) and \(k\ge M\) one has \(|x_n - x_k| < \varepsilon\)."
"18100a-lecture-10-multicam_1_360p_16_9","Banach space","Full Lecture Transcript","How does the lecture obtain a formal negation of the Cauchy definition?","By replacing the universal quantifier in the definition with an existential one and keeping the negated condition on the distance, the lecture obtains: there exists an \(\varepsilon_0>0\) such that for every natural number \(M\) there are indices \(n\ge M\) and \(k\ge M\) with \(|x_n-x_k|\ge \varepsilon_0\)."
"18100a-lecture-10-multicam_1_360p_16_9","Banach space","Full Lecture Transcript","Explain the argument presented in the lecture for why the sequence \(x_n=\frac{1}{n}\) is Cauchy.","The lecture chooses an arbitrary \(\varepsilon>0\) and sets \(M>\frac{2}{\varepsilon}\). For any \(n,k\ge M\) we bound \(\bigl|\frac{1}{n}-\frac{1}{k}\bigr|\le\frac{1}{n}+\frac{1}{k}\le\frac{2}{M}<\varepsilon\). Thus the \(\varepsilon\)–\(M\) condition is satisfied, so \((1/n)\) is Cauchy."
"18100a-lecture-10-multicam_1_360p_16_9","Banach space","Full Lecture Transcript","Which sequence does the lecture cite as an example of a non‑Cauchy sequence and why does it fail the Cauchy condition?","The sequence \(x_n=(-1)^n\) is cited. For any choice of \(M\) we can take \(n=M\) (even) and \(k=M+1\) (odd); then \(|x_n-x_k|=|-1-1|=2\), so the distance never becomes arbitrarily small. Hence the definition of Cauchy fails."
"18100a-lecture-10-multicam_1_360p_16_9","Banach space","Full Lecture Transcript","What statement does the lecture make about the equivalence of convergence and the Cauchy property in \(\mathbb{R}\), and what role does completeness play in that statement?","The lecture states that a sequence of real numbers is Cauchy if and only if it is convergent. This equivalence relies on the completeness of \(\mathbb{R}\): every Cauchy sequence has a limit in \(\mathbb{R}\), whereas in \(\mathbb{Q}\) a Cauchy sequence need not converge (e.g., the rationals approximating \(\sqrt{2}\))."
"18100a-lecture-10-multicam_1_360p_16_9","metric space","Full Lecture Transcript","According to the lecture, what is the definition of a Cauchy sequence in \(\mathbb{R}\)?","A sequence \(\{x_{n}\}\) is Cauchy if for every \(\varepsilon>0\) there exists \(M\in\mathbb{N}\) such that for all \(n,k\ge M\) we have \(|x_{n}-x_{k}|<\varepsilon\)."
"18100a-lecture-10-multicam_1_360p_16_9","metric space","Full Lecture Transcript","What is the negation of the Cauchy sequence definition presented in the lecture?","The negation is: there exists \(\varepsilon_{0}>0\) such that for every \(M\in\mathbb{N}\) one can find \(n,k\ge M\) with \(|x_{n}-x_{k}|\ge\varepsilon_{0}\)."
"18100a-lecture-10-multicam_1_360p_16_9","metric space","Full Lecture Transcript","Why does the sequence \(x_{n} = \frac{1}{n}\) satisfy the Cauchy property, as shown in the lecture?","Choose \(M>\frac{2}{\varepsilon}\). Then for any \(n,k\ge M\), \(|\frac{1}{n}-\frac{1}{k}|\le\frac{1}{n}+\frac{1}{k}\le\frac{2}{M}<\varepsilon\); thus the sequence satisfies the Cauchy condition."
"18100a-lecture-10-multicam_1_360p_16_9","metric space","Full Lecture Transcript","How does the lecture define a Cauchy series, and how is this related to the size of the series' tails?","A series \(\sum_{n=1}^{\infty}x_{n}\) is Cauchy if for every \(\varepsilon>0\) there is \(M\in\mathbb{N}\) such that for all \(L\ge M\), \(\left|\sum_{n=M+1}^{L}x_{n}\right|<\varepsilon\).  This is equivalent to saying that the sequence of partial sums is a Cauchy sequence."
"18100a-lecture-10-multicam_1_360p_16_9","metric space","Full Lecture Transcript","Why does the series \(\sum_{n=1}^{\infty}(-1)^{n}\) fail to converge according to the lecture?","The partial sums alternate: \(S_{1}=-1,\ S_{2}=0,\ S_{3}=-1,\ S_{4}=0,\ \dots\).  Because the sequence of partial sums does not converge, the series \(\sum_{n=1}^{\infty}(-1)^{n}\) diverges."
"18100a-lecture-10-multicam_1_360p_16_9","equation","Full Lecture Transcript","According to this lecture, how is a Cauchy sequence formally defined in terms of \(\varepsilon>0\) and a natural number \(M\)?","A sequence \((x_n)\) is Cauchy if for every \(\varepsilon>0\) there exists a natural number \(M\) such that for all \(n,m \ge M\) one has \(|x_n-x_m|<\varepsilon\)."
"18100a-lecture-10-multicam_1_360p_16_9","equation","Full Lecture Transcript","Using the method outlined in the lecture, explain why the sequence \(x_n=\frac1n\) satisfies the Cauchy property.","Given \(\varepsilon>0\) the lecture sets \(M>\frac{2}{\varepsilon}\). For any \(n,m\ge M\) we have \(\bigl|\frac1n-\frac1m\bigr|\le\frac1n+\frac1m\le\frac2M<\varepsilon\), proving the Cauchy condition."
"18100a-lecture-10-multicam_1_360p_16_9","equation","Full Lecture Transcript","What is the precise logical negation of the statement ‘\(x_n\) is a Cauchy sequence’ as presented in the lecture?","Negation: There exists \(\varepsilon_0>0\) such that for every natural number \(M\) one can find integers \(n,m\ge M\) with \(|x_n-x_m|\ge\varepsilon_0\)."
"18100a-lecture-10-multicam_1_360p_16_9","equation","Full Lecture Transcript","State the equivalent ‘tail‑sum’ criterion for convergence of a series that is derived from the Cauchy idea in the lecture.","A series \(\sum_{n=1}^{\infty}x_n\) converges iff for every \(\varepsilon>0\) there is an \(M\) such that for all integers \(L>M\), \(\left|\sum_{n=M+1}^{L}x_n\right|<\varepsilon\)."
"18100a-lecture-10-multicam_1_360p_16_9","equation","Full Lecture Transcript","Why does the lecture conclude that a Cauchy sequence which has a convergent subsequence must itself converge?","Because a Cauchy sequence is bounded and every bounded sequence admits a convergent subsequence (Bolzano–Weierstrass). The lecture states that a Cauchy sequence having a convergent subsequence forces the whole sequence to converge to the same limit, by the theorem ‘Cauchy + convergent subsequence ⇒ convergence.’"
"18100a-lecture-10-multicam_1_360p_16_9","series expansion","Full Lecture Transcript","In the lecture, what is the formal definition of a Cauchy sequence in terms of ε and M?","A sequence (x_n) is Cauchy iff for every ε>0 there exists an M∈ℕ such that for all n,m≥M one has |x_n−x_m|<ε."
"18100a-lecture-10-multicam_1_360p_16_9","series expansion","Full Lecture Transcript","How does the lecturer describe the logical negation of the Cauchy condition, and what is the resulting statement?","The negation states: There exists an ε>0 such that for every M∈ℕ one can find n,m≥M with |x_n−x_m|≥ε."
"18100a-lecture-10-multicam_1_360p_16_9","series expansion","Full Lecture Transcript","Which specific sequence does the lecturer use to illustrate a non‑Cauchy example, and what value of ε is chosen to demonstrate failure of the Cauchy condition?","The lecturer uses x_n = (−1)^n; the bounding ε chosen is 2, showing that the distance between terms can stay at least 2."
"18100a-lecture-10-multicam_1_360p_16_9","series expansion","Full Lecture Transcript","What conclusion does the lecturer reach about the terms of a convergent series?","If a series ∑_{n=1}^∞ x_n converges, then its terms satisfy lim_{n→∞} x_n = 0."
"18100a-lecture-10-multicam_1_360p_16_9","series expansion","Full Lecture Transcript","According to the lecture, what criterion involving the tails of a series must be satisfied for the series to be Cauchy?","A series is Cauchy precisely when for every ε>0 there is an M∈ℕ such that for all L>M the absolute value of the partial sum from n=M+1 to L of the terms is less than ε."
"18100a-lecture-10-multicam_1_360p_16_9","mathematical physics","Full Lecture Transcript","According to the discussion on mathematical physics, what is the precise ε–M definition of a sequence being Cauchy?","For every \(\varepsilon>0\) there exists \(M\in\mathbb{N}\) such that for all \(n,k\geq M\) one has \(|x_n-x_k|<\varepsilon.\)"
"18100a-lecture-10-multicam_1_360p_16_9","mathematical physics","Full Lecture Transcript","As explained regarding Cauchy sequences, why does the proof that the sequence \(x_n = 1/n\) is Cauchy use the choice \(M> 2/\varepsilon\)?","Choosing \(M>2/\varepsilon\) ensures that \(1/M<\varepsilon/2\). Then for \(n,k\geq M\) we have \(|1/n-1/k|\leq 1/n+1/k\leq 1/M+1/M<\varepsilon,\) proving the \(\varepsilon\)-definition."
"18100a-lecture-10-multicam_1_360p_16_9","mathematical physics","Full Lecture Transcript","In the lecture, what is the negation of the definition of a Cauchy sequence?","There exists an \(\varepsilon>0\) such that for every \(M\in\mathbb{N}\) there exist \(n,k\geq M\) with \(|x_n-x_k|\geq\varepsilon.\)"
"18100a-lecture-10-multicam_1_360p_16_9","mathematical physics","Full Lecture Transcript","What key property of Cauchy sequences is shown by the argument that the tail of the sequence is within a fixed distance from a particular term using \(\varepsilon = 1\)?","It shows that every Cauchy sequence is bounded: the inequality \(|x_n-x_M|<1\) for \(n\geq M\) gives \(|x_n|\leq |x_M|+1\), and the finitely many terms before \(M\) can be bounded individually."
"18100a-lecture-10-multicam_1_360p_16_9","mathematical physics","Full Lecture Transcript","According to the discussion, what condition on the terms \(x_n\) of a series \(\sum_{n=1}^{\infty} x_n\) guarantees that the series cannot converge?","If \(\displaystyle\lim_{n\to\infty}x_n\neq0\) (or the limit does not exist), then the series \(\sum_{n=1}^{\infty}x_n\) cannot converge."
"18100a-lecture-10-multicam_1_360p_16_9","imfs","Full Lecture Transcript","In the lecture, how is the definition of a Cauchy sequence expressed in the form of an \u03B5–\u004D statement?","A sequence \((x_{n})_{n\ge1}\) is Cauchy if \(\forall\,\varepsilon>0\;\exists\,M\in\mathbb{N}\) such that \(\forall\,n,k\ge M\) one has \(|x_{n}-x_{k}|<\varepsilon\)."
"18100a-lecture-10-multicam_1_360p_16_9","imfs","Full Lecture Transcript","According to the discussion, what are the key steps used to prove that every Cauchy sequence is bounded?","The proof first fixes \(\varepsilon=1\) and obtains an index \(M\) so that \(|x_{n}-x_{k}|<1\) for all \(n,k\ge M\). Choosing \(k=M\) gives \(|x_{n}-x_{M}|<1\) for all \(n\ge M\), so \(|x_{n}|\le |x_{M}|+1\) for those \(n\). All earlier terms form a finite set, and taking the maximum of the absolute values of the first \(M-1\) terms together with the bound \(|x_{M}|+1\) yields a single number \(B\) such that \(|x_{n}|\le B\) for every \(n\). Thus the sequence is bounded."
"18100a-lecture-10-multicam_1_360p_16_9","imfs","Full Lecture Transcript","The lecturer shows a correspondence between a Cauchy sequence of partial sums and the convergence of a series. What condition on the *tails* of a series represents the Cauchy criterion?","For a series \(\sum x_{n}\) to be Cauchy, the lecturer states:  \(\forall\,\varepsilon>0\;\exists\,M\in\mathbb{N}\) such that \(\forall\,L\ge M\) the *tail* sum satisfies \(\Bigl|\sum_{n=M+1}^{L}x_{n}\Bigr|<\varepsilon\)."
"18100a-lecture-10-multicam_1_360p_16_9","imfs","Full Lecture Transcript","In the reflected discussion of a sequence that is *not* Cauchy, what does the negated definition assert about ε and indices, and which concrete example is used to illustrate this?","The negated definition says there exists a positive number \(\varepsilon_{0}\) such that \(\forall\,M\in\mathbb{N}\) one can find indices \(n,k\ge M\) with \(|x_{n}-x_{k}|\ge\varepsilon_{0}\). The example given is \(x_{n}=(-1)^{n}\); choosing \(\varepsilon_{0}=2\) shows that the distance between suitable terms can always be made at least \(2\), so the sequence is not Cauchy."
"18100a-lecture-10-multicam_1_360p_16_9","imfs","Full Lecture Transcript","Why does the lecture state that if a series converges, then the general term tends to zero? Which part of the justification is provided, and why does the converse not hold?","The lecture uses the Cauchy criterion for series: if \(\sum x_{n}\) converges, its partial–sum sequence is Cauchy, hence the tail sums \( \sum_{n=M+1}^{L}x_{n}\) tend to zero. Taking \(L\to\infty\) with fixed \(M\) shows \(\lim_{n\to\infty}x_{n}=0\). The converse fails because a sequence like \(x_{n}=1/n\) satisfies \(x_{n}\to0\) yet its series \(\sum 1/n\) diverges; the lecture explicitly notes that “the converse does not hold.”"
"18100a-lecture-11-multicam_360p_16_9","power of two","Full Lecture Transcript","According to the discussion on the subsequence \(S_{2^k}\) of partial sums for the harmonic series, which estimate is used to show that the sum of each block of terms from \(2^{\lambda-1}+1\) to \(2^{\lambda}\) is at least \(\dfrac12\)?","For each \( \lambda \), the block \( \sum_{n=2^{\lambda-1}+1}^{2^{\lambda}}\frac{1}{n} \) is bounded below by \( (2^{\lambda}-2^{\lambda-1})\cdot \frac{1}{2^{\lambda}} = \tfrac12 \)."
"18100a-lecture-11-multicam_360p_16_9","power of two","Full Lecture Transcript","Which series is cited as a counterexample showing that the implication ""terms tend to zero implies convergence"" does not hold for all series?","The harmonic series \(\displaystyle\sum_{n=1}^{\infty}\frac{1}{n}\) is presented as the counterexample."
"18100a-lecture-11-multicam_360p_16_9","power of two","Full Lecture Transcript","In the proof that absolute convergence implies ordinary convergence, which inequality is used to relate the partial sums of the original series to the partial sums of the series of absolute values?","The key inequality is \(\displaystyle\Bigl|\sum_{n=m+1}^{l}x_{n}\Bigr|\le \sum_{n=m+1}^{l}|x_{n}|\)."
"18100a-lecture-11-multicam_360p_16_9","power of two","Full Lecture Transcript","In the comparison test, if \(0 \le a_n \le b_n\) for all \(n\) and \(\sum_{n=1}^{\infty}b_n\) converges, what conclusion can be drawn about \(\sum_{n=1}^{\infty}a_n\)?","The series \(\displaystyle\sum_{n=1}^{\infty}a_{n}\) must also converge."
"18100a-lecture-11-multicam_360p_16_9","power of two","Full Lecture Transcript","What is the range of exponents \(p\) for which the p‑series \(\displaystyle\sum_{n=1}^{\infty}\frac{1}{n^{p}}\) converges?","The series converges whenever \(p>1\); it diverges for \(p\le 1\)."
"18100a-lecture-11-multicam_360p_16_9","convergence test","Full Lecture Transcript","In the lecture it was shown that the implication “if \(\sum_{n=1}^{\infty}x_{n}\) converges then \(\lim_{n\to\infty}x_{n}=0\)” does not have a converse.  What is the counter‑example presented, and why does its series fail to converge even though the terms approach \(0\)?","The counter‑example is the harmonic series \(\displaystyle \sum_{n=1}^{\infty}\frac{1}{n}\).  Each term satisfies \(\frac{1}{n}\to 0\) as \(n\to\infty\), but the series diverges because its partial sums grow without bound."
"18100a-lecture-11-multicam_360p_16_9","convergence test","Full Lecture Transcript","The proof of divergence of the harmonic series used a subsequence of partial sums \(S_{2^{k}}\).  Explain how this subsequence is constructed and show, step by step, how a lower bound of \(\frac{1}{2}\) for each block leads to the estimate \(S_{2^{k}}\ge \frac{k}{2}\), proving the subsequence is unbounded.","The subsequence is obtained by taking partial sums at indices that are powers of two: \(S_{2^{k}}=\sum_{n=1}^{2^{k}}\frac{1}{n}\).  The terms are grouped into blocks where \(n\) runs from \(2^{\lambda-1}+1\) to \(2^{\lambda}\).  In each block \(\frac{1}{n}\ge\frac{1}{2^{\lambda}}\) and there are \(2^{\lambda-1}\) terms, so the block contributes at least \(\frac{1}{2}\).  Summing over \(\lambda=1,\dots ,k\) gives \(\displaystyle S_{2^{k}}\ge\frac{1}{2}\,k\), which tends to infinity as \(k\to\infty\)."
"18100a-lecture-11-multicam_360p_16_9","convergence test","Full Lecture Transcript","To prove that absolute convergence implies ordinary convergence, a generalized triangle inequality was invoked.  State this inequality for a finite sum of real numbers and explain how it is used to show that a series with absolutely convergent terms is a Cauchy series.","The inequality is: for real numbers \(x_{1},\dots ,x_{m}\), \(\displaystyle \bigl|\sum_{n=1}^{m}x_{n}\bigr|\le \sum_{n=1}^{m}|x_{n}|\).  In the proof, given \(\varepsilon>0\) we find \(N\) so that \(\sum_{n=N+1}^{\infty}|x_{n}|<\varepsilon\).  For \(m>n\ge N\), the triangle inequality gives \(\bigl|\sum_{k=n+1}^{m}x_{k}\bigr|\le\sum_{k=n+1}^{m}|x_{k}|\le\varepsilon\), showing the series is Cauchy and hence convergent."
"18100a-lecture-11-multicam_360p_16_9","convergence test","Full Lecture Transcript","State the comparison test for two series \(\sum x_{n}\) and \(\sum y_{n}\) with non‑negative terms, including the two implications regarding convergence and divergence.  Briefly describe why monotonicity of partial sums plays a role in the proof.","If \(0\le x_{n}\le y_{n}\) for all \(n\), then (1) if \(\sum y_{n}\) converges then \(\sum x_{n}\) converges, and (2) if \(\sum x_{n}\) diverges then \(\sum y_{n}\) diverges.  The proof uses the fact that the partial sums of a non‑negative series are increasing: \(S_{m}^{x}\le S_{m}^{y}\), so boundedness (or lack of it) transfers from one series to the other."
"18100a-lecture-11-multicam_360p_16_9","convergence test","Full Lecture Transcript","For the \(p\)-series \(\sum_{n=1}^{\infty}\frac{1}{n^{p}}\) with \(p>1\), the lecture uses dyadic blocks to prove convergence.  Outline the grouping of terms, derive the upper bound for \(S_{2^{k}}\), and explain why this leads to a bound for all partial sums \(\{S_{m}\}\).","Set \(S_{2^{k}}=\sum_{n=1}^{2^{k}}\frac{1}{n^{p}}\) and write it as \(1+\sum_{\lambda=1}^{k}\sum_{n=2^{\lambda-1}+1}^{2^{\lambda}}\frac{1}{n^{p}}\).  In each block \(n\le2^{\lambda}\), so \(\frac{1}{n^{p}}\le\frac{1}{2^{(\lambda-1)p}}\) and there are \(2^{\lambda-1}\) terms.  Thus the block is at most \(\frac{2^{\lambda-1}}{2^{(\lambda-1)p}}=2^{-(\lambda-1)(p-1)}\).  Summing over \(\lambda\) gives \(S_{2^{k}}\le1+ \sum_{\lambda=1}^{k}2^{-(\lambda-1)(p-1)}\le1+\frac{1}{1-2^{-(p-1)}}\).  Any partial sum \(S_{m}\) satisfies \(S_{m}\le S_{2^{k}}\) where \(2^{k-1}<m\le2^{k}\), so all \(S_{m}\) are bounded by the same constant, proving convergence."
"18100a-lecture-11-multicam_360p_16_9","p-adic number","Full Lecture Transcript","What inequality is derived to show that the subsequence \(S_{2^k}\) of the partial sums of the harmonic series grows without bound?","By grouping the terms between successive powers of two and noting that each block has at least two terms each not smaller than \(\frac{1}{2^k}\), we obtain \(S_{2^k}\ge 1+\frac{k}{2}\). As \(k\to\infty\), this lower bound tends to infinity, proving the subsequence is unbounded."
"18100a-lecture-11-multicam_360p_16_9","p-adic number","Full Lecture Transcript","In proving that absolute convergence implies convergence, which inequality is used to relate the absolute value of a finite sum of terms to the sum of their absolute values?","The inequality used is \(\left|\sum_{n=m+1}^{l}x_n\right|\le \sum_{n=m+1}^{l}|x_n|\), which follows from the generalized triangle inequality for a finite sum of real numbers."
"18100a-lecture-11-multicam_360p_16_9","p-adic number","Full Lecture Transcript","For a series with non‑negative terms, what property of its partial sums is equivalent to convergence?","The series converges if and only if its sequence of partial sums \(\{S_n\}\) is bounded. Because all terms are non‑negative, the partial sums form a monotone increasing sequence, so boundedness forces convergence."
"18100a-lecture-11-multicam_360p_16_9","p-adic number","Full Lecture Transcript","How does the comparison theorem determine the convergence of the \(p\)-series \(\sum_{n=1}^{\infty}\frac1{n^p}\)? State the result for \(p>1\) and for \(p\le 1\).","The comparison theorem states that if \(0\le x_n\le y_n\) for all \(n\), then convergence of \(\sum y_n\) forces convergence of \(\sum x_n\), and divergence of \(\sum x_n\) forces divergence of \(\sum y_n\). Applying this with \(x_n=1/n^p\) and \(y_n=1/n\) yields: the \(p\)-series diverges when \(p\le 1\) and converges when \(p>1\)."
"18100a-lecture-11-multicam_360p_16_9","p-adic number","Full Lecture Transcript","During the proof that the \(p\)-series converges when \(p>1\), a subsequence \(S_{2^k}\) is bounded using a geometric series. What is the common ratio of that series and why does this boundedness lead to convergence of the entire series?","The bounding geometric series has ratio \(r=2^{\,1-p}\), which is less than one because \(p>1\). The subsequence \(S_{2^k}\) is bounded by \(1+\frac{1}{1-2^{\,1-p}}\). Since all partial sums are monotone increasing and each is bounded above by a constant that dominates this subsequence, the entire sequence of partial sums is bounded, which implies the \(p\)-series converges."
"18100a-lecture-11-multicam_360p_16_9","right-hand side","Full Lecture Transcript","Why does the existence of an unbounded subsequence of partial sums of the harmonic series imply that the series itself diverges?","If a series were convergent, its sequence of partial sums would converge, and every subsequence would also converge (hence be bounded). The existence of an unbounded subsequence contradicts this, forcing the whole sequence of partial sums—and therefore the series—to diverge."
"18100a-lecture-11-multicam_360p_16_9","right-hand side","Full Lecture Transcript","State the theorem that characterizes convergence of series whose terms are all non‑negative. Which property of the partial sums does the theorem rely on?","For a series \(\sum x_n\) with \(x_n\ge 0\) for all \(n\), the series converges if and only if the sequence of partial sums \(S_n=\sum_{k=1}^n x_k\) is bounded. The theorem relies on the monotonicity of the partial sums: since each \(x_n\ge0\), the sequence \((S_n)\) is non‑decreasing, so boundedness guarantees convergence."
"18100a-lecture-11-multicam_360p_16_9","right-hand side","Full Lecture Transcript","In proving that absolute convergence implies convergence, the lecturer uses a generalized triangle inequality. What does this inequality assert and why is it necessary in the argument?","The inequality says that for any finite \(m\),
        \[
        \left|\sum_{n=1}^{m}x_n\right|\le\sum_{n=1}^{m}|x_n|.
        \]
        It is necessary to bound the absolute value of a partial (or tail) sum of the original series by the corresponding sum of absolute values, which is a known Cauchy sequence because the series is absolutely convergent. This allows the conclusion that the original series is also Cauchy and thus convergent."
"18100a-lecture-11-multicam_360p_16_9","right-hand side","Full Lecture Transcript","According to the comparison test described, if \(0\le a_n\le b_n\) for all \(n\) and the series \(\sum b_n\) converges, what conclusion can be drawn about \(\sum a_n\), and what key idea from the lecture underlies this conclusion?","One concludes that \(\sum a_n\) converges. The key idea is that convergence of \(\sum b_n\) provides a bound \(B\) such that all partial sums \(B_n=\sum_{k=1}^n b_k\) satisfy \(B_n\le B\). Since each \(A_n=\sum_{k=1}^n a_k\) is bounded above by the corresponding \(B_n\), the sequence \((A_n)\) is bounded. Because the terms are non‑negative, the partial sums are monotone increasing, hence \(\sum a_n\) converges."
"18100a-lecture-11-multicam_360p_16_9","right-hand side","Full Lecture Transcript","Explain the dyadic‑block strategy used to bound the partial sums \(S_{2^k}\) of the \(p\)-series \(\sum_{n=1}^{\infty}\frac{1}{n^p}\) when \(p>1\). What is the resulting upper bound in terms of \(p\)?","The terms are grouped into blocks where the denominators lie between successive powers of two: for \(\lambda\ge1\) consider the block
        \[
        2^{\lambda-1}<n\le 2^\lambda .
        \]
        Each block contains \(2^{\lambda-1}\) terms, and every \(1/n^p\) in that block is at most \(1/(2^\lambda)^p\).  Thus the contribution of block \(\lambda\) is bounded by
        \[
        2^{\lambda-1}\cdot\frac{1}{(2^\lambda)^p}
        =\frac{1}{2}\left(\frac{1}{2^{p-1}}\right)^{\lambda-1}.
        \]
        Summing over \(\lambda=1,\dots,k\) gives a geometric series with ratio \(r=1/2^{\,p-1}<1\).  Its sum is
        \[
        S_{2^k}\le 1+\sum_{\lambda=1}^{k}\frac{1}{2}\left(\frac{1}{2^{p-1}}\right)^{\lambda-1}
        \le 1+\frac{1}{1-2^{1-p}}.
        \]
        Hence for all \(k\),
        \[
        S_{2^k}\le 1+\frac{1}{1-2^{1-p}},
        \]
        a bound that depends only on \(p\)."
"18100a-lecture-11-multicam_360p_16_9","sum from n equals 1 to m of the absolute value","Full Lecture Transcript","According to the lecture, why does showing that a subsequence of the partial sums \((S_{2^k})_{k\ge1}\) of the harmonic series is unbounded prove that the whole series diverges?","If the subsequence \(S_{2^k}\) is unbounded, then the full sequence \((S_n)\) is unbounded because convergence of the full sequence would imply convergence of every subsequence. An unbounded subsequence shows the full sequence cannot converge, hence the series diverges."
"18100a-lecture-11-multicam_360p_16_9","sum from n equals 1 to m of the absolute value","Full Lecture Transcript","The lecture presents a proof that a series of non‑negative terms converges if and only if its sequence of partial sums is bounded. What key property of the partial sums is used to establish monotonicity in this argument?","The partial sums are shown to satisfy \(S_{m+1}=S_m+x_{m+1}\) with \(x_{m+1}\ge0\). Since each added term is non‑negative, \(S_{m+1}\ge S_m\), establishing monotonicity."
"18100a-lecture-11-multicam_360p_16_9","sum from n equals 1 to m of the absolute value","Full Lecture Transcript","In the discussion of absolute convergence, a generalized triangle inequality for an arbitrary finite number of terms is proved by induction. What is the base case for this induction and why is it valid?","The base case is \(m=2\). For two terms the inequality \(|x_1+x_2|\le |x_1|+|x_2|\) holds by the standard triangle inequality for real numbers, providing the starting point for the induction."
"18100a-lecture-11-multicam_360p_16_9","sum from n equals 1 to m of the absolute value","Full Lecture Transcript","During the proof that an absolutely convergent series is convergent, the lecture uses the fact that a Cauchy series converges. State the condition that must be verified for the partial sums of the series \( \sum_{n=1}^{\infty}x_n \) to be Cauchy.","For every \(\varepsilon>0\) there must exist an integer \(N\) such that for all \(m,n\ge N\), \(\Bigl|\sum_{k=m+1}^{n}x_k\Bigr|<\varepsilon\). This guarantees that the tail sums of the series can be made arbitrarily small, which is the Cauchy condition."
"18100a-lecture-11-multicam_360p_16_9","sum from n equals 1 to m of the absolute value","Full Lecture Transcript","The comparison test is introduced for non‑negative series. According to the lecture, if \(0\le a_n\le b_n\) for all \(n\) and \( \sum b_n \) converges, what conclusion can be drawn about \( \sum a_n \) and why?","The series \( \sum a_n \) must also converge. This follows because the partial sums \(A_m=\sum_{n=1}^m a_n\) are bounded above by \(B_m=\sum_{n=1}^m b_n\); since \((B_m)\) converges, it is bounded, so \((A_m)\) is bounded and, being increasing, converges by the monotone convergence theorem for series."
"18100a-lecture-11-multicam_360p_16_9","next power of 2","Full Lecture Transcript","According to the discussion on the necessary condition for series convergence, does the fact that the terms of a series $x_{n}$ tend to $0$ guarantee that the series $\sum_{n=1}^{\infty}x_{n}$ converges? If not, what example from the lecture illustrates the failure of this implication?","No; the harmonic series $\displaystyle\sum_{n=1}^{\infty}\frac1n$ is the counter‑example – its terms tend to $0$ but the series diverges."
"18100a-lecture-11-multicam_360p_16_9","next power of 2","Full Lecture Transcript","In the proof that the harmonic series diverges, a particular subsequence of partial sums is chosen. Identify this subsequence and explain the key estimate that shows it is unbounded.","The subsequence used is $S_{2^{k}}=\sum_{n=1}^{2^{k}}\frac1n$.  The estimate is $S_{2^{k}}\ge\frac{k}{2}$, which grows without bound as $k\to\infty$, so the partial sums are unbounded."
"18100a-lecture-11-multicam_360p_16_9","next power of 2","Full Lecture Transcript","When showing that absolute convergence implies ordinary convergence, a specific inequality is used to compare partial sums of the series and of its absolute‐value series. Write this inequality explicitly.","For all $m<l$,
        \[
        \left|\sum_{n=m+1}^{l}x_{n}\right|\le\sum_{n=m+1}^{l}|x_{n}|.
        \]"
"18100a-lecture-11-multicam_360p_16_9","next power of 2","Full Lecture Transcript","The comparison test states: given non‑negative sequences $(x_n)$ and $(y_n)$ with $0\le x_n\le y_n$ for all $n$, the convergence of $\sum y_n$ forces convergence of $\sum x_n$. Outline the logical steps from the boundedness of the partial sums of $y_n$ to the boundedness of those of $x_n$ that lead to this conclusion.","Since $\sum y_n$ converges, its partial sums $T_m=\sum_{n=1}^{m}y_{n}$ are bounded: there exists $M$ with $T_m\le M$ for all $m$.  Because $0\le x_n\le y_n$, we have for each $m$,
        \[
        S_m=\sum_{n=1}^{m}x_{n}\le\sum_{n=1}^{m}y_{n}=T_m\le M .
        \]
        Thus the partial sums $S_m$ are bounded, so $\sum x_n$ converges."
"18100a-lecture-11-multicam_360p_16_9","next power of 2","Full Lecture Transcript","To prove that the $p$‑series $\sum_{n=1}^{\infty}\frac{1}{n^{p}}$ diverges when $p\le1$, the lecture compares it to the harmonic series. State this comparison argument explicitly.","Assume $p\le1$.  Then for every $n$, $1/n^{p}\ge1/n$.  Since $\displaystyle\sum_{n=1}^{\infty}\frac1n$ diverges, the comparison test tells us $\displaystyle\sum_{n=1}^{\infty}\frac1{n^{p}}$ also diverges.  This contradicts the assumption that the $p$‑series converges, so convergence requires $p>1$."
"18100a-lecture-11-multicam_360p_16_9","fields of numbers","Full Lecture Transcript","According to the lecture, which series provides a counterexample to the claim that every sequence whose terms tend to zero yields a convergent series?","The harmonic series \(\displaystyle\sum_{n=1}^{\infty}\frac{1}{n}\)."
"18100a-lecture-11-multicam_360p_16_9","fields of numbers","Full Lecture Transcript","In the proof that the harmonic series diverges, what subsequence of partial sums is examined, and what inequality bounds each term of this subsequence from below?","The subsequence \(S_{2^{k}}\) of partial sums is used, and each term satisfies \(S_{2^{k}}\;\ge\;1+\frac{k}{2}\), which grows without bound as \(k\to\infty\)."
"18100a-lecture-11-multicam_360p_16_9","fields of numbers","Full Lecture Transcript","If every term of a series is non‑negative, what condition on its partial sums ensures convergence of the series?","The partial sums must be bounded.  Since they are monotone increasing, boundedness is equivalent to convergence of the series."
"18100a-lecture-11-multicam_360p_16_9","fields of numbers","Full Lecture Transcript","What key result is invoked in the lecture to deduce that an absolutely convergent series must be convergent, and which inequality is central to that argument?","The argument shows that an absolutely convergent series is Cauchy; the crucial inequality is \(\bigl|\sum_{n=m+1}^{l}x_{n}\bigr|\le\sum_{n=m+1}^{l}|x_{n}|\)."
"18100a-lecture-11-multicam_360p_16_9","fields of numbers","Full Lecture Transcript","According to the lecture, for which values of the parameter \(p\) does the \(p\)-series \(\displaystyle\sum_{n=1}^{\infty}\frac{1}{n^{p}}\) converge, and which test is employed to establish that \(p\) must exceed 1?","The series converges if and only if \(p>1\).  The necessity \(p>1\) is proved by the comparison test, observing that for \(p\le1\) we have \(\frac{1}{n^{p}}\ge\frac{1}{n}\) and the harmonic series diverges."
"18100a-lecture-11-multicam_360p_16_9","unbounded","Full Lecture Transcript","In the proof that the harmonic series diverges, we considered the subsequence of partial sums $S_{2^k}$. What explicit lower bound did we obtain for $S_{2^k}$ in terms of $k$, and how does this demonstrate that the series diverges?","We proved that $S_{2^k} \ge 1 + \frac{k}{2}$.  Since $k$ can be taken arbitrarily large, this subsequence of partial sums is unbounded; a divergent partial–sum subsequence forces the whole series to diverge."
"18100a-lecture-11-multicam_360p_16_9","unbounded","Full Lecture Transcript","Define absolute convergence for a real series and explain succinctly why absolute convergence implies convergence of the series itself.","A real series $\sum x_n$ is absolutely convergent if $\sum |x_n|$ converges.  Because the series of absolute values converges, its partial sums form a bounded Cauchy sequence; by the triangle inequality the partial sums of $\sum x_n$ are also Cauchy, so $\sum x_n$ converges."
"18100a-lecture-11-multicam_360p_16_9","unbounded","Full Lecture Transcript","For two sequences of non‑negative terms $\{a_n\}$ and $\{b_n\}$ with $a_n \le b_n$ for every $n$, state and justify the comparison test conclusion regarding convergence.","If $\sum b_n$ converges and $a_n \le b_n$ for all $n$, then each partial sum $A_m=\sum_{n=1}^m a_n$ is bounded above by the corresponding partial sum $B_m=\sum_{n=1}^m b_n$.  Since $\{B_m\}$ converges, it is bounded; thus $\{A_m\}$ is a bounded monotone increasing sequence, hence convergent."
"18100a-lecture-11-multicam_360p_16_9","unbounded","Full Lecture Transcript","Using the argument presented, why does the condition $p > 1$ guarantee the convergence of the $p$‑series $\displaystyle \sum_{n=1}^{\infty}\frac{1}{n^p}$? Outline the key steps involving dyadic blocks and a geometric series.","The terms are grouped in blocks between consecutive powers of two: for each $k$ the block $n=2^k+1,\dots,2^{k+1}$ satisfies\n\\[
\\sum_{n=2^k+1}^{2^{k+1}}\\frac{1}{n^p}\\le 2^k\\cdot\\frac{1}{(2^k)^p}=2^{-k(p-1)}.
\\]  The partial sum $S_{2^m}$ is therefore bounded by\n\\[
S_{2^m}\\le 1+\\sum_{k=0}^{m-1}2^{-k(p-1)},
\\] which is a finite geometric series because $2^{-(p-1)}<1$ when $p>1$.  The whole sequence of partial sums is bounded by the limit of this geometric series, so the $p$‑series converges."
"18100a-lecture-11-multicam_360p_16_9","unbounded","Full Lecture Transcript","Identify an example that converges but does not converge absolutely, and explain why it converges conditionally.","The alternating harmonic series $\\displaystyle \\sum_{n=1}^{\\infty}(-1)^{n+1}\\frac{1}{n}$ converges by the alternating series test (terms decrease to zero).  Its absolute series $\\sum_{n=1}^{\\infty}\\frac{1}{n}$ diverges (the harmonic series), so the convergence of the alternating series is only conditional."
"18100a-lecture-12-multicam_360p_16_9","ratio test","Full Lecture Transcript","According to the comparison test, what are the two implications that follow when comparing two series with non‑negative terms \(x_n\) and \(y_n\) such that \(y_n \ge x_n\) for all \(n\)? Why is the direction of the inequality essential in each implication?","The comparison test yields two logical statements:\n1. If the larger series \(\sum y_n\) converges then the smaller series \(\sum x_n\) also converges.\n2. If the smaller series \(\sum x_n\) diverges then the larger series \(\sum y_n\) also diverges.\nThese conclusions rely on the fact that \(y_n \ge x_n\). If the inequality were reversed the implications would be reversed or would no longer hold; the direction ensures that convergence of the larger series bounds the growth of the smaller series and divergence of the smaller series forces the larger to fail to converge."
"18100a-lecture-12-multicam_360p_16_9","ratio test","Full Lecture Transcript","For a \(p\)-series \(\displaystyle \sum_{n=1}^{\infty}\frac{1}{n^{\,p}}\), which value of the exponent \(p\) guarantees convergence? How does the comparison with the harmonic series clarify why the series diverges when \(p\le 1\) and converges when \(p>1\)?","A \(p\)-series converges precisely when \(p>1\). The comparison with the harmonic series \(\sum 1/n\) shows that for \(p\le 1\) we have \(\frac{1}{n^p}\ge \frac{1}{n}\) for large \(n\), so by the comparison test the series diverges because the harmonic series diverges. Conversely, when \(p>1\), \(\frac{1}{n^p}\le \frac{1}{n^2}\) for large \(n\) (or any fixed \(p>1\) using \(n^2\) as a comparison), and since \(\sum 1/n^2\) converges, the \(p\)-series converges by comparison."
"18100a-lecture-12-multicam_360p_16_9","ratio test","Full Lecture Transcript","State the full ratio test as discussed in the lecture, including the conclusions for the cases \(L<1\), \(L>1\), and \(L=1\). Why does the test provide no information when \(L=1\)?","The ratio test states:\nLet \(x_n\neq 0\) for all \(n\) and let \(L=\displaystyle\lim_{n\to\infty}\left|\frac{x_{n+1}}{x_n}\right|\) exist. Then\n- If \(L<1\) the series \(\sum x_n\) converges absolutely;\n- If \(L>1\) the series diverges;\n- If \(L=1\) the test gives no conclusion – the series might converge or diverge. The lack of information occurs because a limit equal to 1 is consistent with both a geometric‑type decay (convergent) and a harmonic‑type behavior (divergent), so the test cannot distinguish between them."
"18100a-lecture-12-multicam_360p_16_9","ratio test","Full Lecture Transcript","Explain how the root test is analogous to the ratio test based on the lecture. What is the limit \(L\) considered in the root test, and what are the corresponding conclusions for \(L<1\), \(L>1\), and \(L=1\)?","The root test mirrors the ratio test but uses the \(n\)th root. Define \(L=\displaystyle\lim_{n\to\infty}|x_n|^{1/n}\). Then\n- If \(L<1\) the series \(\sum x_n\) converges absolutely;\n- If \(L>1\) the series diverges;\n- If \(L=1\) the test is inconclusive. Like the ratio test, the case \(L=1\) can correspond to either a convergent or a divergent series, so no definitive conclusion can be drawn."
"18100a-lecture-12-multicam_360p_16_9","ratio test","Full Lecture Transcript","What are the precise hypotheses of the alternating series test presented in the lecture, and how do they guarantee convergence of the series \(\displaystyle \sum_{n=1}^{\infty}(-1)^n x_n\)? Why is the condition that \(x_n\) is monotone decreasing and converges to zero critical?","The alternating series test requires that the sequence \(\{x_n\}\) satisfies:\n1. \(x_n\ge0\) for all \(n\);\n2. \(\{x_n\}\) is monotone decreasing; and\n3. \(\displaystyle\lim_{n\to\infty}x_n=0\).\nUnder these conditions the series \(\displaystyle\sum_{n=1}^{\infty}(-1)^n x_n\) converges (though not necessarily absolutely). The monotone decrease ensures successive partial sums oscillate with diminishing amplitude, and the limit-to‑zero condition guarantees that the terms become arbitrarily small, preventing the partial sums from drifting away. If any of these hypotheses fails, the oscillatory cancellation needed for convergence breaks down."
"18100a-lecture-12-multicam_360p_16_9","alternating series","Full Lecture Transcript","In the lecture, the comparison test is described for series of non‑negative terms.  Suppose \((x_n)\) and \((y_n)\) satisfy \(0\le x_n\le y_n\) for all \(n\).  What can you deduce about the convergence of \(\sum x_n\) if \(\sum y_n\) converges, and what can you deduce about \(\sum y_n\) if \(\sum x_n\) diverges?","If \(\sum y_n\) converges, then \(\sum x_n\) also converges because each term of \(\sum x_n\) is bounded above by the corresponding term of a convergent non‑negative series.  Conversely, if \(\sum x_n\) diverges, then \(\sum y_n\) must diverge since each term of \(\sum y_n\) is at least as large as the diverging terms of \(\sum x_n\)."
"18100a-lecture-12-multicam_360p_16_9","alternating series","Full Lecture Transcript","The lecture explains the behaviour of the p‑series \(\displaystyle \sum_{n=1}^{\infty}\frac{1}{n^p}\).  State the necessary and sufficient condition on the exponent \(p\) for this series to converge.","The series \(\displaystyle \sum_{n=1}^{\infty}\frac{1}{n^p}\) converges if and only if \(p>1\).  For \(p\le 1\) it diverges."
"18100a-lecture-12-multicam_360p_16_9","alternating series","Full Lecture Transcript","According to the lecture, the ratio test involves the limit \(L=\lim_{n\to\infty}\left|\frac{a_{n+1}}{a_n}\right|\).  Summarize the conclusions for the cases \(L<1\), \(L>1\), and \(L=1\).","For the ratio test: \n• If \(L<1\) then \(\sum a_n\) converges absolutely. \n• If \(L>1\) then \(\sum a_n\) diverges. \n• If \(L=1\) the test is inconclusive; the series may converge or diverge."
"18100a-lecture-12-multicam_360p_16_9","alternating series","Full Lecture Transcript","The lecture presents a theorem concerning alternating series.  What are the two hypotheses on the sequence \((b_n)\) and what is the conclusion about \(\sum_{n=1}^{\infty}(-1)^n b_n\)?  Does the theorem guarantee absolute convergence?","The theorem states that if \((b_n)\) is a monotone decreasing sequence of non‑negative numbers with \(\lim_{n\to\infty}b_n=0\), then the alternating series \(\sum_{n=1}^{\infty}(-1)^n b_n\) converges.  The theorem does **not** guarantee absolute convergence; for example \(b_n=1/n\) yields a conditionally convergent alternating harmonic series."
"18100a-lecture-12-multicam_360p_16_9","alternating series","Full Lecture Transcript","Using the comparison test as discussed, determine whether the series \(\displaystyle \sum_{n=1}^{\infty}\frac{1}{n^2+20n}\) converges or diverges.  Provide the inequalities that justify your conclusion.","Because \(n^2+20n \ge n^2\) for all \(n\ge1\), we have \(\displaystyle \frac{1}{n^2+20n}\le\frac{1}{n^2}\).  The p‑series \(\sum \frac{1}{n^2}\) converges (since \(p=2>1\)), so by the comparison test the series \(\sum \frac{1}{n^2+20n}\) also converges."
"18100a-lecture-12-multicam_360p_16_9","ratio","Full Lecture Transcript","According to the discussion on the comparison test, if two sequences of non‑negative terms satisfy \(0 \le a_n \le b_n\) for every \(n\) and the series \(\sum b_n\) converges, what conclusion can be drawn about \(\sum a_n\)?","The series \(\sum a_n\) also converges."
"18100a-lecture-12-multicam_360p_16_9","ratio","Full Lecture Transcript","In the lecture on the ratio test, what happens when the limit \(L=\lim_{n\to\infty}\bigl|\frac{x_{n+1}}{x_n}\bigr|\) is found to be greater than one?","The series \(\sum x_n\) diverges."
"18100a-lecture-12-multicam_360p_16_9","ratio","Full Lecture Transcript","The lecturer gave two classical series as examples where the ratio test yields the limit \(L=1\). What are these two series, and what does the test say about each of them?","The harmonic series \(\sum \frac{1}{n}\) and the p‑series \(\sum \frac{1}{n^2}\); the test gives no information for either, and indeed the harmonic series diverges while the second converges."
"18100a-lecture-12-multicam_360p_16_9","ratio","Full Lecture Transcript","Stated in the lesson, what are the two necessary properties of the sequence \((x_n)\) for the alternating series \(\sum_{n=1}^{\infty}(-1)^n x_n\) to converge?","The sequence \((x_n)\) must be monotone decreasing, consist of non‑negative terms, and satisfy \(\lim_{n\to\infty}x_n=0\)."
"18100a-lecture-12-multicam_360p_16_9","ratio","Full Lecture Transcript","During the proof of the ratio test when \(L<1\), a number \(\alpha\) satisfying \(L<\alpha<1\) is chosen. What purpose does this \(\alpha\) serve in the argument?","It provides an upper bound on the ratio \(|x_{n+1}|/|x_n|\) for all sufficiently large \(n\); this allows comparison with a geometric series having ratio \(\alpha<1\), which in turn shows that the series of absolute values converges."
"18100a-lecture-12-multicam_360p_16_9","comparison test","Full Lecture Transcript","In the comparison test for series with non‑negative terms, what conclusions can be drawn when the larger series converges and when the smaller series diverges?","If \(y_n \ge x_n \ge 0\) and \(\sum y_n\) converges, then \(\sum x_n\) also converges.  Conversely, if \(\sum x_n\) diverges, then \(\sum y_n\) also diverges."
"18100a-lecture-12-multicam_360p_16_9","comparison test","Full Lecture Transcript","How did the instructor determine whether the series \(\displaystyle\sum_{n=1}^{\infty}\frac{1}{n^{p}}\) converges, and which theorem was used to establish this?","The series \(\displaystyle\sum_{n=1}^{\infty}\frac{1}{n^{p}}\) was shown to converge if and only if \(p>1\).  This conclusion relied on the comparison test together with the known divergence of the harmonic series \(\sum \frac{1}{n}\)."
"18100a-lecture-12-multicam_360p_16_9","comparison test","Full Lecture Transcript","Why is the direction of inequality important in the comparison test, as illustrated by the example \(\displaystyle \frac{1}{n^{2}+20n}\) and the misleading comparison to \(\displaystyle \frac{1}{20n}\)?","The comparison test requires that the ‘bigger’ series actually be an upper bound for the terms of the series being tested.  In the example, \(\frac{1}{n^{2}+20n}\le \frac{1}{n^{2}}\) (a legitimate comparison leading to convergence), but the attempted comparison \(\frac{1}{n^{2}+20n}\le \frac{1}{20n}\) is false; using it would give incorrect information because the inequality is reversed."
"18100a-lecture-12-multicam_360p_16_9","comparison test","Full Lecture Transcript","State the two possible conclusions of the ratio test when the limiting ratio \(L\) is less than one, greater than one, or equal to one, and give the example series that exhibit each case.","If \(\displaystyle L=\lim_{n\to\infty}\left|\frac{x_{n+1}}{x_n}\right|\) exists, then:\n • \(L<1\) ⇒ \(\sum x_n\) converges absolutely;\n • \(L>1\) ⇒ \(\sum x_n\) diverges;\n • \(L=1\) ⇒ the test gives no conclusion.  The lecture cited \(\displaystyle x_n=\frac{1}{n}\) (diverges) and \(\displaystyle x_n=\frac{1}{n^{2}}\) (converges) as two series for which \(L=1\) but with different outcomes."
"18100a-lecture-12-multicam_360p_16_9","comparison test","Full Lecture Transcript","What are the exact hypotheses and conclusion of the alternating series theorem mentioned, and why does the theorem not assert absolute convergence?","The alternating series theorem states: if \((x_n)\) is a monotone decreasing sequence of non‑negative terms with \(\lim_{n\to\infty}x_n=0\), then \(\displaystyle\sum_{n=1}^{\infty}(-1)^{n}x_n\) converges.  Absolute convergence is not required because the proof only uses the monotonicity and the fact that each term tends to zero, not the absolute size of the terms."
"18100a-lecture-12-multicam_360p_16_9","absolute value","Full Lecture Transcript","In the discussion of the comparison test, if one has series with non‑negative terms \(x_n\) and \(y_n\) such that \(0\le x_n\le y_n\) for all \(n\) and \(\sum_{n=1}^{\infty}y_n\) converges, what conclusion can be drawn about \(\sum_{n=1}^{\infty}x_n\)?  What is the corresponding statement when \(\sum_{n=1}^{\infty}x_n\) diverges?","If \(\sum y_n\) converges and \(0\le x_n\le y_n\) for all \(n\), then \(\sum x_n\) also converges.  Conversely, if \(\sum x_n\) diverges and \(0\le x_n\le y_n\), then \(\sum y_n\) also diverges."
"18100a-lecture-12-multicam_360p_16_9","absolute value","Full Lecture Transcript","According to the lecture, for which values of the exponent \(p\) does the \(p\)–series \(\displaystyle\sum_{n=1}^{\infty}\frac{1}{n^p}\) converge?  Briefly explain the role of the comparison with the harmonic series in determining this.","The series \(\sum_{n=1}^{\infty}1/n^p\) converges precisely when \(p>1\).  This is shown by comparing \(1/n^p\) to \(1/n\) (the harmonic series, which diverges) for \(p\le1\), and by showing that for \(p>1\) the terms are eventually smaller than those of the convergent \(p\)-series with a larger exponent."
"18100a-lecture-12-multicam_360p_16_9","absolute value","Full Lecture Transcript","In the example \(\displaystyle\sum_{n=1}^{\infty}\frac{1}{\,n^2+20\cdot20n\,}\), explain why the series converges by comparing it to the convergent series \(\sum_{n=1}^{\infty}\frac{1}{n^2}\).  Why would a comparison with \(\displaystyle\frac{1}{n}\) lead to an incorrect conclusion?","Because \(\displaystyle\frac{1}{n^2+20\cdot20n}\le \frac{1}{n^2}\) for all \(n\), and \(\sum 1/n^2\) converges, the comparison test guarantees convergence of the given series.  A comparison with \(\frac{1}{n}\) would provide an incorrect inequality: \(\frac{1}{n^2+20\cdot20n}\le \frac{1}{n}\) is true, but the larger series \(\sum 1/n\) diverges, giving no information about convergence of the smaller series."
"18100a-lecture-12-multicam_360p_16_9","absolute value","Full Lecture Transcript","State the ratio test as given in the lecture, including the conclusions for the cases \(L<1\), \(L>1\), and \(L=1\).  Provide one example mentioned in the discussion where \(L=1\) corresponds to a convergent series and another where \(L=1\) corresponds to a divergent series.","The ratio test states: let \(L=\displaystyle\lim_{n\to\infty}\Bigl|\frac{x_{n+1}}{x_n}\Bigr|\).  If \(L<1\), then \(\sum x_n\) converges absolutely; if \(L>1\), the series diverges; if \(L=1\), the test gives no conclusion.  When \(x_n=1/n\) we have \(L=1\) and the series diverges, whereas for \(x_n=1/n^2\) we also have \(L=1\) but the series converges."
"18100a-lecture-12-multicam_360p_16_9","absolute value","Full Lecture Transcript","List the hypotheses required on a sequence \((x_n)\) for the alternating series test as presented.  What conclusion does the test give about the series \(\displaystyle\sum_{n=1}^{\infty}(-1)^n x_n\)?","The sequence \((x_n)\) must be monotone decreasing, non‑negative, and converge to zero.  Under these hypotheses, the alternating series \(\displaystyle\sum_{n=1}^{\infty}(-1)^n x_n\) converges (not necessarily absolutely)."
"18100a-lecture-12-multicam_360p_16_9","geometric series","Full Lecture Transcript","According to the lecture, if a series of non‑negative terms \(a_n\) satisfies \(a_n\le b_n\) for every \(n\) and the series \(\sum b_n\) converges, what conclusion can be drawn about \(\sum a_n\)?","The series \(\sum a_n\) converges."
"18100a-lecture-12-multicam_360p_16_9","geometric series","Full Lecture Transcript","In the example analyzing the series \(\frac1{n^2+20n}\), the lecturer uses the inequality \(\frac1{n^2+20n}\le \frac1{n^2}\). Does this inequality allow the use of the comparison test to deduce convergence of \(\sum \frac1{n^2+20n}\)? Explain why or why not.","Yes. The inequality shows that each term of \(\frac1{n^2+20n}\) is at most the corresponding term of \(\frac1{n^2}\). Since \(\sum \frac1{n^2}\) converges, the comparison test guarantees that \(\sum \frac1{n^2+20n}\) also converges."
"18100a-lecture-12-multicam_360p_16_9","geometric series","Full Lecture Transcript","What is the precise statement of the ratio test as given in the lecture, and what conclusion does the test provide when the limit \(L=\lim_{n\to\infty}\left|\frac{x_{n+1}}{x_n}\right|\) equals 1?","The ratio test states: For a sequence \((x_n)\) with \(x_n\neq0\) for all \(n\), let \(L=\lim_{n\to\infty}\left|\frac{x_{n+1}}{x_n}\right|\).  If \(L<1\), the series \(\sum x_n\) converges absolutely; if \(L>1\), the series diverges.  When \(L=1\), the test gives no information about convergence or divergence."
"18100a-lecture-12-multicam_360p_16_9","geometric series","Full Lecture Transcript","Based on the lecture, under what conditions does the alternating series test guarantee convergence of a series \(\sum_{n=1}^{\infty}(-1)^n X_n\)? Does this test ensure absolute convergence of the series?","The test requires that \((X_n)\) is a non‑negative, monotonically decreasing sequence that tends to zero.  Under these conditions the alternating series \(\sum(-1)^n X_n\) converges, but the test does not guarantee that the series converges absolutely."
"18100a-lecture-12-multicam_360p_16_9","geometric series","Full Lecture Transcript","In the proof of the ratio test, the lecturer introduces a number \(\alpha\) with \(L<\alpha<1\). Why is choosing such an \(\alpha\) helpful, and how does it lead to bounding the terms of the series by a convergent geometric series?","Choosing \(\alpha\) with \(L<\alpha<1\) ensures that, eventually, \(\left|\frac{x_{n+1}}{x_n}\right|\le\alpha\).  From this inequality one obtains \(|x_n|\le |x_{m_0}|\alpha^{\,n-m_0}\) for all \(n\ge m_0\), so the tail of the series is bounded by a convergent geometric series \(\sum\alpha^k\).  Hence the series \(\sum x_n\) converges absolutely."
"18100a-lecture-12-multicam_360p_16_9","alternating series test","Full Lecture Transcript","In the comparison test examined in the lecture, what must be true about the terms \(x_n\) and \(y_n\) in order to conclude that a convergent larger series guarantees convergence of a smaller one, and similarly for divergence?","We must have \(0 \le x_n \le y_n\) for all \(n\). If \(\sum y_n\) converges then \(\sum x_n\) converges; if \(\sum x_n\) diverges then \(\sum y_n\) diverges."
"18100a-lecture-12-multicam_360p_16_9","alternating series test","Full Lecture Transcript","According to the lecture, under what condition on the exponent \(p\) does the p‑series \(\displaystyle\sum_{n=1}^{\infty}\frac{1}{n^{p}}\) converge?","The p‑series converges if and only if \(p>1\). For \(p\le 1\) it diverges."
"18100a-lecture-12-multicam_360p_16_9","alternating series test","Full Lecture Transcript","When applying the ratio test as described, what can we say about a series whose ratio limit \(L\) satisfies \(L=1\)?","The ratio test is inconclusive: a limit \(L=1\) gives no information about convergence or divergence."
"18100a-lecture-12-multicam_360p_16_9","alternating series test","Full Lecture Transcript","In the proof of the ratio test, why do we introduce a number \(\alpha\) with \(L<\alpha<1\) and what advantage does this provide?","Choosing \(\alpha\) with \(L<\alpha<1\) allows us to find an index \(N\) such that for all \(n\ge N\), \(\bigl|\frac{x_{n+1}}{x_n}\bigr|\le \alpha<1\). This turns the tail of the series into one that is bounded above by a convergent geometric series, completing the proof."
"18100a-lecture-12-multicam_360p_16_9","alternating series test","Full Lecture Transcript","State the hypotheses of the alternating series test discussed in the lecture. Why is the requirement that the sequence of terms be monotone decreasing and converge to zero critical for the test to hold?","The test requires a sequence \((a_n)\) of non‑negative terms that is monotone decreasing and tends to 0. This ensures that the partial sums of even and odd indices form monotone bounded sequences that approach the same limit, guaranteeing convergence; without monotonic decrease or the limit‑to‑zero condition the alternating series may fail to converge."
"18100a-lecture-12-multicam_360p_16_9","limit","Full Lecture Transcript","According to the comparison test discussed, if two sequences of non‑negative terms satisfy \(0\le a_{n}\le b_{n}\) for all \(n\), what can be concluded about the series \(\sum a_{n}\) when \(\sum b_{n}\) converges, and what about \(\sum b_{n}\) when \(\sum a_{n}\) diverges?","If \(\sum b_{n}\) converges, then \(\sum a_{n}\) also converges. Conversely, if \(\sum a_{n}\) diverges, then \(\sum b_{n}\) must diverge."
"18100a-lecture-12-multicam_360p_16_9","limit","Full Lecture Transcript","The lecture notes state a criterion for the convergence of the \(p\)-series \(\displaystyle\sum_{n=1}^{\infty}\frac{1}{n^{p}}\). For which values of \(p\) does this series converge?","The \(p\)-series converges precisely when \(p>1\); it diverges for \(p\le 1\)."
"18100a-lecture-12-multicam_360p_16_9","limit","Full Lecture Transcript","In the ratio test, we compute \(L=\lim_{n\to\infty}\left|\frac{x_{n+1}}{x_{n}}\right|\). What conclusions are drawn when \(L<1\), when \(L>1\), and when \(L=1\)?","If \(L<1\), the series \(\sum x_{n}\) converges absolutely. If \(L>1\), the series diverges. If \(L=1\), the test gives no information (the series may converge or diverge)."
"18100a-lecture-12-multicam_360p_16_9","limit","Full Lecture Transcript","The alternating‑series discussion introduces a theorem for series of the form \(\displaystyle\sum_{n=1}^{\infty}(-1)^{n}a_{n}\). What are the required hypotheses on the sequence \(a_{n}\), and what conclusion does the theorem provide?","The theorem requires that \(a_{n}\) be a monotone decreasing sequence of non‑negative terms that tends to \(0\). Under these conditions, \(\displaystyle\sum_{n=1}^{\infty}(-1)^{n}a_{n}\) converges (but not necessarily absolutely)."
"18100a-lecture-12-multicam_360p_16_9","limit","Full Lecture Transcript","During the lecture a common mistake was noted when applying the comparison test to the series \(\displaystyle\sum_{n=1}^{\infty}\frac{1}{n^{2}+20n}\). Which inequality was incorrectly used, and what is the correct inequality that justifies convergence of this series?","The incorrect inequality was \(\displaystyle\frac{1}{n^{2}+20n}\le\frac{1}{n}\), which would suggest divergence by comparison with a divergent series. The correct inequality is \(\displaystyle\frac{1}{n^{2}+20n}\le\frac{1}{n^{2}}\), which allows a comparison with the convergent \(p\)-series \(\sum 1/n^{2}\)."
"18100a-lecture-12-multicam_360p_16_9","hypothesis","Full Lecture Transcript","In the lecture, the series \\(\\displaystyle\\sum_{n=1}^{\\infty}\\frac{1}{n^{2}+20n}\\) was compared to the \(p\)-series \\(\\displaystyle\\sum_{n=1}^{\\infty}\\frac{1}{n^{2}}\\).  Explain in detail why the comparison test guarantees that the first series converges.","The hypothesis requires two non‑negative term series with \(y_{n}\\ge x_{n}\).  Here \(x_{n} = \\frac{1}{n^{2}+20n}\\) and \(y_{n} = \\frac{1}{n^{2}}\) satisfy \(x_{n} \\le y_{n}\) for all \(n\\ge1\).  Since \\(\\sum y_{n}\\) is a known \(p\)-series with \(p=2>1\\), it converges.  By the first part of the comparison test, convergence of the larger series \(\\sum y_{n}\\) implies convergence of the smaller series \\(\\sum x_{n}\\)."
"18100a-lecture-12-multicam_360p_16_9","hypothesis","Full Lecture Transcript","The lecture mentioned a common mistake involving the inequality \\(\\displaystyle\\frac{1}{n^{2}+20n} \\le \\frac{1}{20n}\\).  Identify what logical error is made when one concludes that, because \\(\\displaystyle\\sum_{n=1}^{\\infty}\\frac{1}{20n}\\) diverges, the given series must also diverge.","The mistake is applying the comparison test in the wrong direction.  The test states: if the *larger* non‑negative series converges, then the *smaller* series converges; and if the *smaller* series diverges, then the *larger* series diverges.  Using the inequality \(\\frac{1}{n^{2}+20n}\\le \\frac{1}{20n}\\) with the known divergent series \\(\\sum \\frac{1}{20n}\\) does not give any conclusion, because the test does not provide information when the diverging series is larger than the series in question."
"18100a-lecture-12-multicam_360p_16_9","hypothesis","Full Lecture Transcript","State the ratio test as presented in the lecture, and describe exactly what can be inferred when the computed limit \(L\) is equal to 1.","The ratio test considers a series \\(\\sum X_{n}\\) with \(X_{n}\\neq 0\\).  Let \\(L = \\lim_{n\\to\\infty}\\left|\\frac{X_{n+1}}{X_{n}}\\right|\\).  The conclusions are:\n\n• If \\(L<1\\), the series converges absolutely;\n• If \\(L>1\\), the series diverges;\n• If \\(L=1\\), the test provides no information—neither convergence nor divergence can be deduced from it."
"18100a-lecture-12-multicam_360p_16_9","hypothesis","Full Lecture Transcript","Apply the ratio test to the power series \\(\\displaystyle\\sum_{n=0}^{\\infty}\\frac{x^{n}}{n!}\\) and determine for which real numbers \(x\) the series converges absolutely, citing the relevant computations from the lecture.","For the series \\(\\displaystyle\\sum_{n=0}^{\\infty}\\frac{x^{n}}{n!}\\) we compute the ratio:\n\\[\\left|\\frac{X_{n+1}}{X_{n}}\\right| = \\left|\\frac{x^{n+1}}{(n+1)!}\\frac{n!}{x^{n}}\\right| = \\frac{|x|}{n+1}.\\]\nTaking the limit as \(n\\to\\infty\) gives \\(L = \\lim_{n\\to\\infty}\\frac{|x|}{n+1}=0\\).  Since \(0<1\), the ratio test guarantees absolute convergence for every real number \(x\\)."
"18100a-lecture-12-multicam_360p_16_9","hypothesis","Full Lecture Transcript","According to the lecture, what are the assumptions and conclusion of the alternating series test, and why does this test not guarantee absolute convergence of the series it applies to?","The alternating series test states: let \\(a_{n}\\) be a sequence of positive numbers that decreases monotonically to \(0\\).  Then the alternating series\n\\(\\displaystyle\\sum_{n=1}^{\\infty}(-1)^{\,n}a_{n}\\) converges.  The test does not assert absolute convergence because the series of absolute values \\(\\sum a_{n}\\) might diverge (for example, taking \(a_{n}=1/n\\) yields the conditionally convergent alternating harmonic series)."
"18100a-lecture-12-multicam_360p_16_9","root test","Full Lecture Transcript","According to the comparison test discussion, if a series $\displaystyle\sum_{n=1}^{\infty} y_n$ of non‑negative terms converges and $0\leq x_n\leq y_n$ for all $n$, what can we conclude about the series $\displaystyle\sum_{n=1}^{\infty} x_n$?","The series $\displaystyle\sum_{n=1}^{\infty}x_n$ converges."
"18100a-lecture-12-multicam_360p_16_9","root test","Full Lecture Transcript","In the example with $\displaystyle\sum_{n=1}^{\infty}\frac{1}{\,n^{2}+20n\,}$, which inequality correctly justifies convergence by the comparison test and why?","We have $0\le \frac{1}{n^{2}+20n}\le \frac{1}{n^{2}}$ because the denominator $n^{2}+20n$ is larger than $n^{2}$, making each term smaller. Since $\displaystyle\sum 1/n^{2}$ converges, the comparison test gives convergence of $\displaystyle\sum 1/(n^{2}+20n)$."
"18100a-lecture-12-multicam_360p_16_9","root test","Full Lecture Transcript","What does the ratio test conclude if the limit $L=\displaystyle\lim_{n\to\infty}\left|\frac{X_{n+1}}{X_n}\right|$ is strictly less than $1$?","The series $\displaystyle\sum X_n$ converges absolutely."
"18100a-lecture-12-multicam_360p_16_9","root test","Full Lecture Transcript","For the series $\displaystyle\sum_{n=0}^{\infty}\frac{x^{n}}{n!}$, compute the limit $L=\displaystyle\lim_{n\to\infty}\bigl|X_n\bigr|^{1/n}$ as presented in the lecture, and state the resulting convergence conclusion for all real $x$.","$L=\displaystyle\lim_{n\to\infty}\left|\frac{x^{n}}{n!}\right|^{1/n}= \lim_{n\to\infty}\frac{|x|}{n+1}=0$, which is less than 1. Hence $\displaystyle\sum_{n=0}^{\infty}\frac{x^{n}}{n!}$ converges absolutely for every real number $x$."
"18100a-lecture-12-multicam_360p_16_9","root test","Full Lecture Transcript","According to the alternating series test outlined in the lecture, what are the two hypotheses that must be satisfied by the sequence $(X_n)$ for the series $\displaystyle\sum_{n=1}^{\infty}(-1)^{n}X_n$ to converge?","1) $X_n\ge 0$ for all $n$ and $X_n$ is monotone decreasing.\n2) $\displaystyle\lim_{n\to\infty}X_n=0$."
"18100a-lecture-13-zoom-subtitled-version-4_360p_16_9","singleton","Full Lecture Transcript","What is the negation of the definition of a cluster point for a set $S$ at a point $x$?","The negation states: There exists a positive \(\delta\) such that the punctured interval \((x-\delta,\;x+\delta)\setminus\{x\}\) contains no points of \(S\); i.e. \((x-\delta,\;x+\delta)\cap S\setminus\{x\}=\varnothing\)."
"18100a-lecture-13-zoom-subtitled-version-4_360p_16_9","singleton","Full Lecture Transcript","Why does the set $S=\{0\}$ have no cluster points, according to the lecture?","For any proposed cluster point \(x\) of \(\{0\}\) we can choose \(\delta=|x|/2>0\). Then the interval \((x-\delta,x+\delta)\) does not contain the only element \(0\) of \(S\), so the punctured interval is empty. By the negated definition \(x\) is not a cluster point. Since this holds for every \(x\), \(\{0\}\) has no cluster points."
"18100a-lecture-13-zoom-subtitled-version-4_360p_16_9","singleton","Full Lecture Transcript","How does the definition of the limit of a function differ from the definition of a cluster point, as explained in the lecture?","A cluster point concerns only the set \(S\) itself: points of \(S\) lie arbitrarily close to the cluster point. A limit of a function \(f:S\to\mathbb R\) at a cluster point \(c\) says that for every \(\epsilon>0\) there exists \(\delta>0\) such that whenever \(x\in S\) satisfies \(0<|x-c|<\delta\), we have \(|f(x)-L|<\epsilon\). Thus the limit concerns the behaviour of the function values near \(c\), not just the proximity of points of \(S\)."
"18100a-lecture-13-zoom-subtitled-version-4_360p_16_9","singleton","Full Lecture Transcript","In the example where $S=(0,1)$, which points are cluster points of $S$?","All points in the closed interval \([0,1]\) are cluster points of \(S=(0,1)\). Every point \(x\in[0,1]\) has points of \((0,1)\) arbitrarily close to it, while points outside \([0,1]\) do not."
"18100a-lecture-13-zoom-subtitled-version-4_360p_16_9","singleton","Full Lecture Transcript","Why is it necessary that $c$ be a cluster point of $S$ when defining \(\displaystyle \lim_{x\to c}f(x)=L\)?","If \(c\) were not a cluster point, any \(\delta\)-neighbourhood of \(c\) would contain no points of \(S\), so the quantifier ""for all \(x\in S\) with \(0<|x-c|<\delta\)"" would be vacuous. This would allow any real number to satisfy the \(\epsilon\)-\(\delta\) condition, rendering the limit non‑unique or meaningless."
"18100a-lecture-13-zoom-subtitled-version-4_360p_16_9","cluster points of 0, 1","Full Lecture Transcript","In the lecture, how do we define a cluster point of a set \(S\subseteq\mathbb{R}\)? Please also give the equivalent statement that involves an inequality with \(\delta>0\).","A point \(X\in\mathbb{R}\) is a cluster point of a set \(S\) if for every \(\delta>0\), the punctured interval \((X-\delta, X+\delta)\cap S\setminus\{X\}\) is non‑empty.  Equivalently, for every \(\delta>0\) there exists \(y\in S\) such that \(0<|X-y|<\delta\)."
"18100a-lecture-13-zoom-subtitled-version-4_360p_16_9","cluster points of 0, 1","Full Lecture Transcript","Consider the set \(S=\{\,1/n : n\in\mathbb{N}\,\}\). According to the discussion, which real number is a cluster point of this set?","The cluster point of the set \(S=\{1/n:n\in\mathbb{N}\}\) is \(0\)."
"18100a-lecture-13-zoom-subtitled-version-4_360p_16_9","cluster points of 0, 1","Full Lecture Transcript","For the interval \(S=(0,1)\), what is the set of all cluster points of \(S\) as described in the lecture?","The set of all cluster points of \(S=(0,1)\) is the closed interval \([0,1]\)."
"18100a-lecture-13-zoom-subtitled-version-4_360p_16_9","cluster points of 0, 1","Full Lecture Transcript","The lecture mentioned that a function may have a limit at a cluster point even if the function is not defined there. Provide the example function discussed and state its limit as the variable approaches the cluster point.","The example is the function \(f(x)=\begin{cases}1,&x=0\\[4pt]2,&x\neq 0~\end{cases}\).  Its limit as \(x\to0\) is \(2\)."
"18100a-lecture-13-zoom-subtitled-version-4_360p_16_9","cluster points of 0, 1","Full Lecture Transcript","State the theorem that connects limits of functions at a cluster point with limits of sequences approaching that point, and explain why this theorem is useful according to the lecture.","The theorem states: Let \(S\subseteq\mathbb{R}\) and \(c\) a cluster point of \(S\). Then \(\displaystyle\lim_{x\to c}f(x)=L\) if and only if for every sequence \((x_n)\subseteq S\setminus\{c\}\) with \(x_n\to c\), we have \(f(x_n)\to L\).  This theorem is useful because it allows one to verify or refute the existence of a function limit by examining the behaviour of the function along all sequences approaching the cluster point."
"18100a-lecture-13-zoom-subtitled-version-4_360p_16_9","absolute value","Full Lecture Transcript","In the lecture, which point in \(\mathbb{R}\) is described as a cluster point of the set \(S=\{1/n : n\in\mathbb{N}\}\)?","The point \(0\) is the unique cluster point of the set \(S=\{1/n : n\in\mathbb{N}\}\)."
"18100a-lecture-13-zoom-subtitled-version-4_360p_16_9","absolute value","Full Lecture Transcript","According to the discussion on cluster points, which set consists precisely of all cluster points of the set of rational numbers \(\mathbb{Q}\)?","The set of all cluster points of \(\mathbb{Q}\) is the entire real line \(\mathbb{R}\)."
"18100a-lecture-13-zoom-subtitled-version-4_360p_16_9","absolute value","Full Lecture Transcript","What does the lecture assert about the uniqueness of limits of a function \(f\) at a cluster point \(c\) of its domain \(S\)? State the precise condition under which two purported limits must coincide.","If \(c\) is a cluster point of \(S\) and \(f:S\to\mathbb{R}\) has two limits \(L_{1}\) and \(L_{2}\) as \(x\to c\), then \(L_{1}=L_{2}\)."
"18100a-lecture-13-zoom-subtitled-version-4_360p_16_9","absolute value","Full Lecture Transcript","Provide the example given in the lecture that illustrates a function whose limit at a point \(c\) is not equal to the function’s value at \(c\). What is the function and what are the relevant values?","The function\n\[
      f(x)=
      \begin{cases}
          1 & \text{if }x=0,\\[4pt]
          2 & \text{if }x\neq0,
      \end{cases}
    \]\nhas \(\lim_{x\to0}f(x)=2\) while \(f(0)=1\)."
"18100a-lecture-13-zoom-subtitled-version-4_360p_16_9","absolute value","Full Lecture Transcript","Rephrase the theorem presented in the lecture that connects limits of functions with limits of sequences. What are the two equivalent statements about \(f\) and sequences \((x_n)\) approaching a cluster point \(c\)?","The function \(f\) has a limit \(L\) as \(x\to c\) (with \(c\) a cluster point of \(S\)) if and only if for every sequence \((x_n)\) in \(S\setminus\{c\}\) that converges to \(c\), one has \(f(x_n)\to L\)."
"18100a-lecture-13-zoom-subtitled-version-4_360p_16_9","limit","Full Lecture Transcript","In the lecture, how is a cluster point $c$ of a subset $S\subset\mathbb{R}$ defined?  State both the interval‑based version and the $\varepsilon$‑based version of the definition.","A point $c\in\mathbb{R}$ is a cluster point of $S$ if:\\n* For every $\delta>0$, \((c-\delta,c+\delta)\cap S\setminus\{c\}\neq\varnothing\).\\n* Equivalently, for every $\delta>0$ there exists $y\in S$ with $0<|y-c|<\delta$."
"18100a-lecture-13-zoom-subtitled-version-4_360p_16_9","limit","Full Lecture Transcript","When showing that $0$ is a cluster point of the set $S=\{1/n:n\in\mathbb{N}\}$, what is the crucial step that uses the Archimedean property?  Briefly describe the argument.","Given $\delta>0$, choose $n$ large enough so that $1/n<\delta$ (possible by the Archimedean property).  Then $1/n\in (c-\delta,c+\delta)\cap S$.  This shows that every neighbourhood of $0$ contains a point of $S$ other than $0$ itself."
"18100a-lecture-13-zoom-subtitled-version-4_360p_16_9","limit","Full Lecture Transcript","Why does requiring that the point $c$ be a cluster point of $S$ guarantee that if a function $f:S\to\mathbb{R}$ has a limit at $c$, this limit is unique?  Outline the proof presented in the lecture.","If $f$ had two different limits $L_1$ and $L_2$ at $c$, the definition of limit would give, for any $\varepsilon>0$, a $\delta>0$ such that $|f(x)-L_1|<\varepsilon$ and $|f(x)-L_2|<\varepsilon$ whenever $0<|x-c|<\delta$ and $x\in S$.  Using the cluster‑point property, choose such an $x$; then the triangle inequality yields $|L_1-L_2|\le 2\varepsilon$ for all $\varepsilon$, forcing $L_1=L_2$.  Thus the limit is unique."
"18100a-lecture-13-zoom-subtitled-version-4_360p_16_9","limit","Full Lecture Transcript","State the theorem that connects limits of functions to limits of sequences.  How does this theorem allow us to check the existence of a limit by using sequences?","The theorem states: *Let $S\subset\mathbb{R}$ and $c$ be a cluster point of $S$.  Let $f:S\to\mathbb{R}$.  Then $\displaystyle\lim_{x\to c}f(x)=L$ if and only if for every sequence $(x_n)\subset S\setminus\{c\}$ with $x_n\to c$, the sequence $(f(x_n))$ converges to $L$.*  This reduces checking a limit to verifying the behaviour on all sequences approaching $c$."
"18100a-lecture-13-zoom-subtitled-version-4_360p_16_9","limit","Full Lecture Transcript","For the function defined by $f(x)=1$ if $x=0$ and $f(x)=2$ if $x\neq0$, what is $\displaystyle\lim_{x\to0}f(x)$ and why does it differ from $f(0)$?","$\displaystyle\lim_{x\to0}f(x)=2$.  For any $x\neq0$, $f(x)=2$, so nearby values of $x$ (but not equal to $0$) are constantly $2$.  Hence within any $\delta$‑neighbourhood of $0$, apart from $x=0$, $f$ takes the value $2$, making the limit $2$.  This limit differs from $f(0)=1$ because the definition of limit considers only values of $x$ other than $c$."
"18100a-lecture-13-zoom-subtitled-version-4_360p_16_9","number line","Full Lecture Transcript","Which real number is a cluster point of the set \(S=\{\,1/n : n\in\mathbb{N}\,\}\)?  Briefly justify your answer using the definition of cluster point given in the lecture.","The number \(0\) is a cluster point of \(S\).  For every \(\delta>0\) there exists \(n\) large enough so that \(1/n<\delta\); thus the interval \((0-\delta,\,0+\delta)\) contains points of \(S\) other than \(0\), satisfying the definition of cluster point."
"18100a-lecture-13-zoom-subtitled-version-4_360p_16_9","number line","Full Lecture Transcript","Why is the point \(x=1\) **not** a cluster point of the set \(S=\{\,1/n : n\in\mathbb{N}\,\}\)?  Explain in terms of the epsilon–delta definition of cluster points.","The point \(1\) is not a cluster point because if we take any \(\delta>0\), the interval \((1-\delta,\,1+\delta)\) contains at most the single point \(1\) from \(S\).  Hence there is no point of \(S\setminus\{1\}\) inside every such interval, violating the definition."
"18100a-lecture-13-zoom-subtitled-version-4_360p_16_9","number line","Full Lecture Transcript","State the equivalence between limits of a function at a cluster point and limits of sequences approaching that point, as discussed in the lecture.  Write both directions of the equivalence.","The equivalence states: Let \(S\subseteq\mathbb{R}\), \(c\) a cluster point of \(S\), and \(f:S\to\mathbb{R}\).  
        1. \( \displaystyle \lim_{x\to c}f(x)=L \) if and only if  
        2. For every sequence \((x_n)\) with \(x_n\in S\setminus\{c\}\) and \(x_n\to c\), one has \(f(x_n)\to L\)."
"18100a-lecture-13-zoom-subtitled-version-4_360p_16_9","number line","Full Lecture Transcript","The lecture presented the function \(f(x)=1\) if \(x=0\) and \(f(x)=2\) if \(x\neq 0\).  Why does this example illustrate that a limit can exist even though the function value at the point is different from the limit?  Summarize the intuition given.","Because the limit concerns the behaviour of \(f\) arbitrarily close to \(c\), not the value at \(c\).  For every \(x\neq 0\) near \(0\), \(f(x)=2\); thus as \(x\) approaches \(0\), the values of \(f(x)\) stay at \(2\) and converge to \(2\).  The value \(f(0)=1\) does not affect the limit."
"18100a-lecture-13-zoom-subtitled-version-4_360p_16_9","number line","Full Lecture Transcript","In the proof that limits of functions are unique, what essential role does the assumption that the point \(c\) is a cluster point of the domain set play?  Provide a concise explanation.","The cluster‑point hypothesis guarantees that there are domain points arbitrarily close to \(c\) but not equal to \(c\).  In proving uniqueness we need such points to apply the \(\varepsilon\)-\(\delta\) condition for two purported limits \(L_1\) and \(L_2\); without them the argument could not produce a contradiction."
"18100a-lecture-13-zoom-subtitled-version-4_360p_16_9","L2 space","Full Lecture Transcript","How is a cluster point of a subset \(S\subset\mathbb{R}\) defined, and what is an equivalent characterization involving \(\varepsilon\)-neighbourhoods?","A point \(c\in\mathbb{R}\) is a cluster point of \(S\) if for every \(\delta>0\) the punctured interval \((c-\delta,c+\delta)\) contains at least one point of \(S\) different from \(c\). Equivalently, for every \(\delta>0\) there exists \(x\in S\) with \(0<|x-c|<\delta\)."
"18100a-lecture-13-zoom-subtitled-version-4_360p_16_9","L2 space","Full Lecture Transcript","Consider the set \(S=\{\tfrac{1}{n}\mid n\in\mathbb{N}\}\). Which points of \(\mathbb{R}\) are cluster points of \(S\), and why?","The only cluster point of \(S=\{1/n:n\in\mathbb{N}\}\) is \(0\). For any \(\delta>0\) we can choose \(n\) large enough so that \(1/n<\delta\); then \(1/n\in S\) and \(0<|1/n-0|<\delta\). No other real number satisfies this property."
"18100a-lecture-13-zoom-subtitled-version-4_360p_16_9","L2 space","Full Lecture Transcript","In the function \(f:\mathbb{R}\to\mathbb{R}\) defined by \(f(x)=1\) if \(x=0\) and \(f(x)=2\) otherwise, what is \(\displaystyle\lim_{x\to0}f(x)\) and how does this illustrate that the value of \(f\) at the limit point is irrelevant?","The limit is \(\displaystyle\lim_{x\to0}f(x)=2\). Every \(x\neq0\) close to \(0\) satisfies \(f(x)=2\), so the values of \(f\) near \(0\) are all \(2\). The value \(f(0)=1\) does not affect the limit because the limit depends only on the behaviour of \(f(x)\) for \(x\neq0\) arbitrarily close to \(0\)."
"18100a-lecture-13-zoom-subtitled-version-4_360p_16_9","L2 space","Full Lecture Transcript","State the theorem that characterizes the existence of \(\displaystyle\lim_{x\to c}f(x)=L\) in terms of sequences \((x_n)\subset S\setminus\{c\}\) converging to \(c\).","The theorem states: \(\displaystyle\lim_{x\to c}f(x)=L\) if and only if for every sequence \((x_n)\subset S\setminus\{c\}\) with \(x_n\to c\), the sequence \((f(x_n))\) converges to \(L\)."
"18100a-lecture-13-zoom-subtitled-version-4_360p_16_9","L2 space","Full Lecture Transcript","Why does the requirement that \(c\) be a cluster point of \(S\) guarantee uniqueness of the limit \(\displaystyle\lim_{x\to c}f(x)\)? Present a short reasoning.","If \(c\) is a cluster point, there exist arbitrarily close points of \(S\setminus\{c\}\). Assuming two distinct limits \(L_1\) and \(L_2\), one constructs sequences approaching \(c\) that would force \(f\) to approach both limits simultaneously, contradicting the defintion of limit. Thus the limit must be unique once \(c\) is a cluster point."
"18100a-lecture-13-zoom-subtitled-version-4_360p_16_9","square root","Full Lecture Transcript","According to the discussion on cluster points, what condition must a real number \(X\) satisfy to be considered a cluster point of a set \(S\subset\mathbb{R}\)?","For every \(\delta>0\) the interval \((X-\delta,\,X+\delta)\) must contain a point of \(S\) other than \(X\); equivalently \((X-\delta,\,X+\delta)\cap(S\setminus\{X\})\neq\varnothing\)."
"18100a-lecture-13-zoom-subtitled-version-4_360p_16_9","square root","Full Lecture Transcript","The lecturer gave an equivalent formulation of a cluster point using a point \(y\in S\). What is that formulation expressed with the inequality \(|X-y|\)?","For all \(\delta>0\) there exists \(y\in S\) such that \(0<|X-y|<\delta\)."
"18100a-lecture-13-zoom-subtitled-version-4_360p_16_9","square root","Full Lecture Transcript","Why did the lecture emphasize that the point \(C\) must be a cluster point of \(S\) in order for the limit of a function \(f\) as \(x\to C\) to be unique?","If \(C\) were not a cluster point, there would exist a neighbourhood of \(C\) containing no other points of \(S\), making the \(\varepsilon\)–\(\delta\) condition vacuous; consequently the same limit value \(L\) could be assigned to any real number, breaking uniqueness."
"18100a-lecture-13-zoom-subtitled-version-4_360p_16_9","square root","Full Lecture Transcript","State the theorem that connects limits of functions at cluster points with limits of sequences converging to that point.","Let \(S\subset\mathbb{R}\) and \(C\) be a cluster point of \(S\).  For a function \(f:S\to\mathbb{R}\), \(\displaystyle\lim_{x\to C}f(x)=L\) iff for every sequence \((x_n)\subset S\setminus\{C\}\) with \(x_n\to C\), one has \(f(x_n)\to L\)."
"18100a-lecture-13-zoom-subtitled-version-4_360p_16_9","square root","Full Lecture Transcript","In proving that \(\displaystyle\lim_{x\to c}(ax+b)=ac+b\), how was \(\delta\) chosen in terms of \(\varepsilon\) and \(|a|\)?","Choose \(\delta=\dfrac{\varepsilon}{|a|}\) (or any positive number less than or equal to that).  Then \(|x-c|<\delta\) implies \(|(ax+b)-(ac+b)|=|a|\,|x-c|<|a|\,\delta=\varepsilon\)."
"18100a-lecture-13-zoom-subtitled-version-4_360p_16_9","absolutely convergent series","Full Lecture Transcript","In the lecture, what property is preserved when an absolutely convergent series is rearranged?","Rearranging an absolutely convergent series results in a series that remains absolutely convergent and has the same sum as the original series."
"18100a-lecture-13-zoom-subtitled-version-4_360p_16_9","absolutely convergent series","Full Lecture Transcript","According to the discussion, how is a cluster point \(x\) of a subset \(S\subset \mathbb{R}\) defined using \(\delta>0\)?","For all \(\delta>0\), the intersection \((x-\delta,\,x+\delta)\cap S\setminus\{x\}\) is non‑empty."
"18100a-lecture-13-zoom-subtitled-version-4_360p_16_9","absolutely convergent series","Full Lecture Transcript","What is the sequential characterization of a cluster point that was mentioned in the lecture?","There exists a sequence \((x_n)\subset S\setminus\{x\}\) such that \(x_n\to x\)."
"18100a-lecture-13-zoom-subtitled-version-4_360p_16_9","absolutely convergent series","Full Lecture Transcript","During the proof of uniqueness of limits for a function at a cluster point \(c\), what key inequality is derived to show \(|L_{1}-L_{2}|<\varepsilon\)?","Using \(|f(x_n)-L_1|<\varepsilon/2\) and \(|f(x_n)-L_2|<\varepsilon/2\) and the triangle inequality yields \(|L_1-L_2|\le |f(x_n)-L_1|+|f(x_n)-L_2|<\varepsilon\)."
"18100a-lecture-13-zoom-subtitled-version-4_360p_16_9","absolutely convergent series","Full Lecture Transcript","For the function \(f(x)=\begin{cases}1,&x=0\\2,&x\neq0\end{cases}\) discussed in the lecture, what is \(\displaystyle\lim_{x\to0}f(x)\) and why does it not equal \(f(0)\)?","The limit is \(2\). Near \(x=0\) the function takes the constant value \(2\), so the limit depends only on nearby values; the value at \(x=0\) (which is \(1\)) does not affect the limit."
"18100a-lecture-13-zoom-subtitled-version-4_360p_16_9","open interval","Full Lecture Transcript","In the definition recalled, what two equivalent conditions must hold for a real number \(X\) to be a cluster point of a subset \(S\subseteq\mathbb{R}\)?","A real number \(X\) is a cluster point of \(S\) iff: 1) for every \(\delta>0\), the interval \((X-\delta,\;X+\delta)\) contains some point of \(S\) other than \(X\) (i.e. \((X-\delta,X+\delta)\cap S\setminus\{X\}\neq\varnothing\)); 2) equivalently, for every \(\delta>0\) there exists \(Y\in S\) with \(0<|Y-X|<\delta\)."
"18100a-lecture-13-zoom-subtitled-version-4_360p_16_9","open interval","Full Lecture Transcript","Why does the set \(S=\{1/n:n\in\mathbb{N}\}\) have 0 (but not 1) as a cluster point according to the lecture?","For any small \(\delta>0\) you can find many points \(1/n\) with \(0<|1/n-0|<\delta\), so 0 satisfies the cluster point condition.  In contrast, if you take any interval around \(1\), the only point of \(S\) it can contain is \(1\) itself, so there is no other point of \(S\) arbitrarily close to \(1\); thus \(1\) fails to be a cluster point."
"18100a-lecture-13-zoom-subtitled-version-4_360p_16_9","open interval","Full Lecture Transcript","According to the discussion on the set \(S=(0,1)\), what is the set of cluster points of \((0,1)\) and why does it include both endpoints?","The cluster points of the open interval \((0,1)\) are the closed interval \([0,1]\).  Every point in \((0,1)\) has other points of \((0,1)\) arbitrarily close to it, and the endpoints 0 and 1 are limits of points from \((0,1)\) (e.g., \(1/n\to0\) and \(1-1/n\to1\)), so they also satisfy the cluster point condition."
"18100a-lecture-13-zoom-subtitled-version-4_360p_16_9","open interval","Full Lecture Transcript","Why does the function defined by \(f(x)=2\) for \(x\neq0\) and \(f(0)=1\) have \(\lim_{x\to0}f(x)=2\) even though the value at the point differs?","The definition of limit only requires control of the values of \(f(x)\) for points \(x\) close to 0 but not equal to 0.  Since for all \(x\neq0\) we have \(f(x)=2\), as \(x\) approaches 0 along any path not landing exactly at 0 the function values are constantly 2, so \(\lim_{x\to0}f(x)=2\).  The fact that \(f(0)=1\) is irrelevant to the limit."
"18100a-lecture-13-zoom-subtitled-version-4_360p_16_9","open interval","Full Lecture Transcript","State the theorem that links the limit of a function at a cluster point to limits of sequences converging to that point, as described in the lecture.","The theorem states: Let \(S\subseteq\mathbb{R}\) and let \(c\) be a cluster point of \(S\).  For a function \(f:S\to\mathbb{R}\) and \(L\in\mathbb{R}\), \(\displaystyle\lim_{x\to c}f(x)=L\) if and only if for every sequence \((x_n)\subseteq S\setminus\{c\}\) with \(x_n\to c\), the sequence \((f(x_n))\) satisfies \(\displaystyle\lim_{n\to\infty}f(x_n)=L\)."
"18100a-lecture-13-zoom-subtitled-version-4_360p_16_9","rational number","Full Lecture Transcript","In the discussion on limits, what is the formal definition of a cluster point for a subset \(S\subseteq\mathbb{R}\)?","A real number \(c\) is a cluster point of a set \(S\subseteq\mathbb{R}\) if for every \(\delta>0\) there exists an element \(x\in S\) such that \(0<|x-c|<\delta\); equivalently, every punctured neighborhood of \(c\) contains points of \(S\)."
"18100a-lecture-13-zoom-subtitled-version-4_360p_16_9","rational number","Full Lecture Transcript","Consider the set \(S=\{\,1/n \mid n\in\mathbb{N}\}\). According to the lecture, which real numbers are cluster points of \(S\), and why?","The only cluster point of \(S=\{1/n\}\) is \(0\). For any \(\delta>0\) choose \(n\) large enough with \(1/n<\delta\); then \(1/n\in S\) and \(0<1/n<\delta\). No other real number satisfies the condition because points of \(S\) accumulate only at \(0\)."
"18100a-lecture-13-zoom-subtitled-version-4_360p_16_9","rational number","Full Lecture Transcript","Why does the function \(f:\mathbb{R}\to\mathbb{R}\) defined by \(f(x)=1\) if \(x=0\) and \(f(x)=2\) otherwise have \(\displaystyle\lim_{x\to 0}f(x)=2\) even though \(f(0)=1\)?","The limit concerns the values of \(f\) at points distinct from the approach point. For \(x\neq0\), \(f(x)=2\); any sequence approaching \(0\) but not equal to \(0\) stays at value \(2\), making the \(\varepsilon\)-\(\delta\) condition hold for limit \(2\). The value \(f(0)=1\) is irrelevant because the limit does not inspect \(f\) at the point itself."
"18100a-lecture-13-zoom-subtitled-version-4_360p_16_9","rational number","Full Lecture Transcript","What role does the assumption that the approach point \(c\) is a cluster point of \(S\) play in proving that limits of functions, if they exist, are unique?","If \(c\) were not a cluster point, there would exist a punctured neighbourhood of \(c\) containing no points of \(S\). In that case the \(\varepsilon\)-\(\delta\) definition would be vacuous, allowing two distinct numbers to satisfy the limit condition simultaneously. Requiring \(c\) to be a cluster point guarantees that an infinite number of points of \(S\) arbitrarily close to \(c\) enforce the uniqueness argument."
"18100a-lecture-13-zoom-subtitled-version-4_360p_16_9","rational number","Full Lecture Transcript","State the theorem that relates the existence of a limit of a function at a cluster point to the behavior of all sequences in \(S\setminus\{c\}\) converging to \(c\).","The theorem states: Let \(S\subseteq\mathbb{R}\) and \(c\) be a cluster point of \(S\). A function \(f:S\to\mathbb{R}\) satisfies \(\displaystyle\lim_{x\to c}f(x)=L\) if and only if, for every sequence \((x_n)\) with \(x_n\in S\setminus\{c\}\) and \(x_n\to c\), one has \(f(x_n)\to L\)."
"18100a-lecture-14-multicam_360p_16_9","one-sided limit","Full Lecture Transcript","According to the lecture, how is the limit of a function $f$ at a point $c$ defined in terms of $\varepsilon$ and $\delta$?","For every $\varepsilon>0$ there exists a $\delta>0$ such that for all $x$ in the domain with $0<|x-c|<\delta$ one has $|f(x)-L|<\varepsilon$."
"18100a-lecture-14-multicam_360p_16_9","one-sided limit","Full Lecture Transcript","In the lecture, what sequence condition is equivalent to the existence of the limit $\displaystyle\lim_{x\to c}f(x)=L$?","The limit $\displaystyle\lim_{x\to c}f(x)=L$ holds if and only if for every sequence $(x_n)$ with $x_n\neq c$, $x_n\to c$, one has $f(x_n)\to L$."
"18100a-lecture-14-multicam_360p_16_9","one-sided limit","Full Lecture Transcript","Why does the definition of the limit of a function allow $f$ to be undefined or take a different value at the point $c$?","Because the limit only concerns the behaviour of $f(x)$ for $x$ close to $c$ but not equal to $c$; the value at $c$ does not affect whether the $\varepsilon$–$\delta$ condition is satisfied."
"18100a-lecture-14-multicam_360p_16_9","one-sided limit","Full Lecture Transcript","How are the left–hand and right–hand limits of a function defined, and what condition must the domain satisfy for these limits to be considered?","The left–hand limit is defined by the same $\varepsilon$–$\delta$ condition but only for $x$ satisfying $c-\delta<x<c$. The right–hand limit uses $c<x<c+\delta$. For these limits to be considered, $c$ must be a cluster point of the intersection of the domain with $( -\infty ,c)$ (for left) or $(c,\infty)$ (for right)."
"18100a-lecture-14-multicam_360p_16_9","one-sided limit","Full Lecture Transcript","What is the definition of continuity of a function at a point $c$ as given in the lecture, and how does it connect the limit and the value of the function at $c$?","A function $f$ is continuous at $c$ if $\displaystyle\lim_{x\to c}f(x)=f(c)$.  That is, for every $\varepsilon>0$ there exists a $\delta>0$ such that $|x-c|<\delta$ and $x$ in the domain imply $|f(x)-f(c)|<\varepsilon$.  This definition ties the limit of $f$ near $c$ directly to the actual value $f(c)$."
"18100a-lecture-14-multicam_360p_16_9","Green's theorem","Full Lecture Transcript","According to the discussion on limits, how is \n\\(\\lim_{x\\to c} f(x)=L\\) defined in \n\\(\\varepsilon\\)–\\(\\delta\\) language?","For every \(\\varepsilon>0\) there exists \(\\delta>0\) such that for all \(x\) with \(0<|x-c|<\\delta\) we have \n\\(|f(x)-L|<\\varepsilon\\)."
"18100a-lecture-14-multicam_360p_16_9","Green's theorem","Full Lecture Transcript","The lecture stated a theorem that connects limits of functions with limits of sequences. What is this equivalence?","For every function \(f\\colon S\\to\\mathbb{R}\\) and cluster point \(c\\) of \(S\), \n\n\\[\\lim_{x\\to c}f(x)=L\\quad\\text{iff}\\quad\\forall\\,(x_n)\\subset S\\setminus\\{c\\}\\text{ with }x_n\\to c\\;:\\;f(x_n)\\to L.\\]"
"18100a-lecture-14-multicam_360p_16_9","Green's theorem","Full Lecture Transcript","Using that theorem, explain why \n\\(\\lim_{x\\to c} x^2 = c^2\\).","Take any sequence \(x_n\\to c\). Then by the theorem we only need to show \(x_n^2\\to c^2\). We know the product of two convergent sequences is convergent, so \(x_n\\cdot x_n\\to c\\cdot c\), i.e. \(x_n^2\\to c^2\). Hence the limit of \(x^2\) at \(c\) is \(c^2\)."
"18100a-lecture-14-multicam_360p_16_9","Green's theorem","Full Lecture Transcript","Why does \n\\(\\lim_{x\\to 0} \\sin\\frac{1}{x}\\) fail to exist while \n\\(\\lim_{x\\to 0} x\\sin\\frac{1}{x}=0\\)?","The function \(\\sin\\frac{1}{x}\\) oscillates between \(-1\) and \(1\) as \(x\\to0\). Constructing the sequence \(x_n=\\frac{2}{(2n-1)\\pi}\) gives \n\\(\\sin\\frac{1}{x_n}=\\sin\\frac{(2n-1)\\pi}{2}=\\pm1\\), so the sequence \(f(x_n)\) does not converge. Thus the limit at \(0\) does not exist. For \(x\\sin\\frac{1}{x}\) we have \\(|x\\sin\\frac{1}{x}|\le|x|\\) and \n\\(x_n\\to0\\) implies \n\\(|x_n\\sin\\tfrac{1}{x_n}|\le|x_n|\\to0\\). By the squeeze theorem the limit is \(0\)."
"18100a-lecture-14-multicam_360p_16_9","Green's theorem","Full Lecture Transcript","State the negated definition of continuity at a point \(c\), and use it to show that the function\n\\[f(x)= \\begin{cases} 1,& x=0\\ 2,& x\\neq 0\\end{cases}\\] is not continuous at \(x=0\\).","The negation says: \(f\) is *not* continuous at \(c\) if there exists \(\\varepsilon>0\) such that for every \(\\delta>0\) there is an \(x\\) with \n\\(|x-c|<\\delta\\) but \\(|f(x)-f(c)|\\ge\\varepsilon\\).  For the given \(f\) at \(c=0\), pick \\(\\varepsilon=1\\).  For any \\(\\delta>0\) choose \(x\\neq0\) with \\(|x|<\\delta\\); then \(f(x)=2\) and \n\\(|f(x)-f(0)|=|2-1|=1\\ge\\varepsilon\\).  Hence the function fails to be continuous at \(0\)."
"18100a-lecture-14-multicam_360p_16_9","l1","Full Lecture Transcript","In the lecture, the limit of a function was linked to the limit of sequences.  Write out the precise equivalence statement that was given for the limit \( \lim_{x\to c} f(x)=L \) in terms of sequences \(x_n\) converging to \(c\).","The equivalence is: \\[\\lim_{x\\to c}f(x)=L\\quad\\text{iff}\\quad\\text{for every sequence }(x_n)\\text{ in }S\\setminus\\{c\\}\\text{ with }x_n\\to c\\text{ we have }f(x_n)\\to L.\\]"
"18100a-lecture-14-multicam_360p_16_9","l1","Full Lecture Transcript","Using the product rule for limits of sequences proved in the lecture, explain why the limit \( \displaystyle \lim_{x\to c} x^2 \) equals \(c^2\).  Outline the key steps that relate the sequence argument to the function limit.","Take an arbitrary sequence \(x_n \to c\).  By the product rule for convergent sequences proved earlier, the sequence \(x_n^2\) converges to \(c^2\).  Thus, for each such sequence, \(f(x_n)=x_n^2\to c^2\).  By the equivalence in Question 1, this shows that \\(\\lim_{x\\to c}x^2=c^2\\)."
"18100a-lecture-14-multicam_360p_16_9","l1","Full Lecture Transcript","Two examples involving \( \sin(1/x) \) were discussed.  (a) Why does the limit \( \displaystyle \lim_{x\to 0}\sin(1/x) \) not exist?  (b) Why does \( \displaystyle \lim_{x\to 0}x\,\sin(1/x) \) exist and equal \(0\)?  Give a concrete sequence that shows the non‑existence in part (a).","a) Choose the sequence \(x_n = \\frac{2}{(2n-1)\\pi}\).  Then \(x_n\\to0\) but \\(\\sin(1/x_n)=\\sin\\bigl((2n-1)\\tfrac\\pi2\\bigr)=(-1)^{\,n+1}\\), which oscillates between \(1\) and \(-1\) and does not converge.  Hence \\(\\lim_{x\\to0}\\sin(1/x)\\) does not exist.  \n\nb) For any sequence \(x_n\\to0\), \\(|x_n\\sin(1/x_n)|\\le|x_n|\\), so \\(x_n\\sin(1/x_n)\\to0\\).  By the equivalence again, \\(\\lim_{x\\to0}x\\sin(1/x)=0\\)."
"18100a-lecture-14-multicam_360p_16_9","l1","Full Lecture Transcript","Consider the Heaviside function \( H(x)=0\) for \(x\le 0\) and \(H(x)=1\) for \(x>0\).  State the left‑hand and right‑hand limits of \(H\) at \(x=0\) and explain their relationship to the value \(H(0)\).  Why is \(H\) not continuous at \(0\)?","The left‑hand limit is \\(\\lim_{x\\to0^-}H(x)=0\\) because all points left of \(0\) map to \(0\). The right‑hand limit is \\(\\lim_{x\\to0^+}H(x)=1\\) because all points right of \(0\) map to \(1\).  The value at the point is \(H(0)=0\).  Since the left and right limits are not equal, the limit at \(0\) does not exist, so \(H\) is not continuous at \(0\)."
"18100a-lecture-14-multicam_360p_16_9","l1","Full Lecture Transcript","The lecture outlined how to negate the definition of continuity.  Write the negated condition (using an \(\varepsilon\)-\(\delta\) formulation) that shows the function \(f(x)=\begin{cases}1,&x=0\\2,&x\neq0\end{cases}\) is not continuous at \(x=0\).  Specify the choice of the “bad” \(\varepsilon\) and explain why, for any \(\delta>0\), an appropriate \(x\) can be found.","The negated definition says: There exists \\(\\varepsilon>0\\) (the “bad” epsilon) such that for every \\(\\delta>0\\) there exists \\(x\\) with \\(|x-0|<\\delta\\) and \\(|f(x)-f(0)|\\ge\\varepsilon\\).  Here choose \\(\\varepsilon_{0}=1\\); \(f(0)=1\).  For any \\(\\delta>0\\) pick \(x=\tfrac\\delta2\\neq0\).  Then \\(|x-0|<\\delta\\) and \\(|f(x)-f(0)|=|2-1|=1\\ge\\varepsilon_{0}\\).  Thus the condition fails, proving \(f\) is not continuous at \(0\)."
"18100a-lecture-14-multicam_360p_16_9","origin","Full Lecture Transcript","According to the lecture, how is the limit of a function as \(x\to c\) defined using \(\varepsilon\)‑\(\delta\) language?","For all \(\varepsilon>0\) there exists \(\delta>0\) such that for all \(x\in S\) with \(0<|x-c|<\delta\) we have \(|f(x)-L|<\varepsilon\)."
"18100a-lecture-14-multicam_360p_16_9","origin","Full Lecture Transcript","State the theorem, as presented, that connects the limit of a function to limits of sequences.","Let \(S\subseteq\mathbb{R}\), \(c\) a cluster point of \(S\), and \(f:S\to\mathbb{R}\). Then \(\displaystyle\lim_{x\to c}f(x)=L\) if and only if for every sequence \((x_n)\subseteq S\setminus\{c\}\) with \(x_n\to c\) we have \(f(x_n)\to L\)."
"18100a-lecture-14-multicam_360p_16_9","origin","Full Lecture Transcript","What is the precise condition that a function must satisfy at a point \(c\) to be considered continuous there, according to the lecture?","\(f\) is continuous at \(c\) precisely when \(\displaystyle\lim_{x\to c}f(x)=f(c)\), i.e., for every \(\varepsilon>0\) there exists \(\delta>0\) such that \(|x-c|<\delta\) implies \(|f(x)-f(c)|<\varepsilon\)."
"18100a-lecture-14-multicam_360p_16_9","origin","Full Lecture Transcript","Why, according to the lecture, can we discuss the limit of a function at a point where the function is not defined, and give an example mentioned in the text?","Because the epsilon‑delta definition requires only values of \(f\) *near* \(c\), not at \(c\) itself. The lecture gives the example \(f(x)=\begin{cases}0,&x\le 0\\1,&x>0\end{cases}\); the function is not defined at \(0\) in the usual sense, yet limits from the left and right can still be discussed."
"18100a-lecture-14-multicam_360p_16_9","origin","Full Lecture Transcript","State the one‑sided limit theorem and explain why the cluster point condition for the sets \((-\infty,c)\cap S\) and \((c,\infty)\cap S\) is required.","If \(S\subseteq\mathbb{R}\), \(c\) is a cluster point of both \(S\cap(-\infty,c)\) and \(S\cap(c,\infty)\), and \(f:S\to\mathbb{R}\). Then \(\displaystyle\lim_{x\to c}f(x)=L\) iff \(\displaystyle\lim_{x\to c^-}f(x)=L\) and \(\displaystyle\lim_{x\to c^+}f(x)=L\). The cluster point condition guarantees that there are points of \(S\) arbitrarily close to \(c\) from the left and from the right, so that the one‑sided limits are well‑defined."
"18100a-lecture-14-multicam_360p_16_9","negations","Full Lecture Transcript","In the lecture, the limit of a function \(f:\,S\subseteq\mathbb{R}\to\mathbb{R}\) as \(x\to c\) is shown to be equivalent to a statement about sequences.  State this equivalence and explain why the assumption that \(c\) is a cluster point of \(S\) is essential.","The theorem states that for a function \(f\) defined on \(S\) and for \(c\) a cluster point of \(S\), \(\displaystyle \lim_{x\to c}f(x)=L\) if and only if for **every** sequence \((x_n)\subseteq S\setminus\{c\}\) with \(x_n\to c\) we have \(f(x_n)\to L\).  The cluster‑point hypothesis guarantees that such sequences exist and that they stay within the domain \(S\)."
"18100a-lecture-14-multicam_360p_16_9","negations","Full Lecture Transcript","Using the equivalence from the previous question, outline a proof that \(\displaystyle \lim_{x\to c}x^{2}=c^{2}\) for any real number \(c\), without re‑deriving the \(\varepsilon\!-\!\delta\) definition from scratch.","Take any arbitrary sequence \((x_n)\) in \(S\) with \(x_n\to c\).  Since each \(x_n\to c\) and the product of two convergent sequences converges to the product of the limits, we have \(x_n^2\to c^2\).  Thus for every such sequence \(f(x_n)=x_n^2\to c^2\).  By the equivalence theorem, the limit of \(x^2\) as \(x\to c\) exists and equals \(c^2\)."
"18100a-lecture-14-multicam_360p_16_9","negations","Full Lecture Transcript","According to the lecture, what is the equivalent statement that expresses “the limit \(\lim_{x\to c}f(x)\) does not exist (or does not equal \(L\))” in terms of sequences?","The negation can be expressed as:  \(\displaystyle \lim_{x\to c}f(x)\) does not equal \(L\) (or fails to exist) iff there **exists** a sequence \((x_n)\subseteq S\setminus\{c\}\) with \(x_n\to c\) such that the sequence \((f(x_n))\) does **not** converge to \(L\)."
"18100a-lecture-14-multicam_360p_16_9","negations","Full Lecture Transcript","Define the one‑sided limits \(\lim_{x\to c^-}f(x)\) and \(\lim_{x\to c^+}f(x)\) as given in the lecture.  What conditions on the set \(S\) and the point \(c\) guarantee that each of these limits is meaningful?","Left limit: \(\displaystyle \lim_{x\to c^-}f(x)=L\) means that for every \(\varepsilon>0\) there is \(\delta>0\) such that whenever \(c-\delta<x<c\) (with \(x\in S\)), we have \(|f(x)-L|<\varepsilon\).  Right limit: \(\displaystyle \lim_{x\to c^+}f(x)=L\) means the analogous condition for \(c<x<c+\delta\).  These limits are meaningful only if \(c\) is a cluster point of \(S\cap(-\infty,c)\) for the left limit and of \(S\cap(c,\infty)\) for the right limit."
"18100a-lecture-14-multicam_360p_16_9","negations","Full Lecture Transcript","Write the negated definition of continuity at a point \(c\) as described in the lectures.  Then apply this negated definition to show that the function \(f(x)=\begin{cases}1,&x=0\\2,&x\neq0\end{cases}\) is not continuous at \(0\).","The negated definition states:  \(f\) is **not** continuous at \(c\) iff there exists \(\varepsilon>0\) such that for every \(\delta>0\) there is an \(x\in S\) with \(|x-c|<\delta\) and \(|f(x)-f(c)|\ge\varepsilon\).  For the given \(f\) we take \(\varepsilon=1\).  For any \(\delta>0\) choose \(x=\delta/2\) (which is non‑zero).  Then \(|x-0|<\delta\) and \(|f(x)-f(0)|=|2-1|=1\ge\varepsilon\).  Hence the condition holds, so \(f\) is not continuous at \(0\)."
"18100a-lecture-14-multicam_360p_16_9","limit","Full Lecture Transcript","What are the precise epsilon‑delta conditions for the limit of a function \(f\) at a point \(c\), as explained in the lecture?","For all \(\varepsilon>0\) there exists \(\delta>0\) such that for all \(x\in S\) with \(0<|x-c|<\delta\) one has \(|f(x)-L|<\varepsilon\).  Here \(\varepsilon\) measures how close we want \(f(x)\) to be to the proposed limit \(L\), and \(\delta\) tells us how close \(x\) must be to \(c\) to guarantee that closeness."
"18100a-lecture-14-multicam_360p_16_9","limit","Full Lecture Transcript","Summarize the theorem that connects the limit of a function to limits of sequences of points approaching the cluster point, as presented in the lecture.","If \(f:S\to\mathbb{R}\) and \(c\) is a cluster point of \(S\), then \(\displaystyle\lim_{x\to c}f(x)=L\) if and only if for every sequence \((x_n)\subset S\setminus\{c\}\) with \(x_n\to c\) one has \(f(x_n)\to L\)."
"18100a-lecture-14-multicam_360p_16_9","limit","Full Lecture Transcript","Using the theorem and the fact that the product of convergent sequences converges, outline why \(\displaystyle \lim_{x\to c}x^{2}=c^{2}\) holds as discussed.","Take \(f(x)=x^2\).  For any sequence \((x_n)\subset S\) with \(x_n\to c\), the product \(x_n\cdot x_n\) is a product of two convergent sequences, so \(x_n^2\to c^2\).  By the equivalence theorem above, this shows that \(\displaystyle\lim_{x\to c}x^2=c^2\)."
"18100a-lecture-14-multicam_360p_16_9","limit","Full Lecture Transcript","Explain the method used in the lecture to show that \(\displaystyle \lim_{x\to 0}\sin\!\Big(\frac{1}{x}\Big)\) does not exist, including the specific sequence chosen.","Choose the sequence \(x_n=\dfrac{1}{\frac{(2n-1)\pi}{2}}=\dfrac{2}{(2n-1)\pi}\).  Then \(x_n\to0\) but \(\sin\!\big(\tfrac{1}{x_n}\big)=\sin\!\big(\tfrac{(2n-1)\pi}{2}\big)=(-1)^{\,n-1}\), which alternates between \(1\) and \(-1\) and does not converge.  By the theorem, because there exists a sequence converging to \(0\) whose image under \(\sin(1/x)\) does not converge, the limit \(\displaystyle\lim_{x\to 0}\sin(1/x)\) does not exist."
"18100a-lecture-14-multicam_360p_16_9","limit","Full Lecture Transcript","What is the statement relating the existence of a two‑sided limit to the equality of the left and right limits, as stated in the lecture?","Let \(S\subset\mathbb{R}\), \(c\) a cluster point of both \((-\infty,c)\cap S\) and \((c,\infty)\cap S\).  Then \(\displaystyle\lim_{x\to c}f(x)=L\) if and only if the left‑hand limit \(\displaystyle\lim_{x\to c^-}f(x)=L\) and the right‑hand limit \(\displaystyle\lim_{x\to c^+}f(x)=L\).  Thus a two‑sided limit exists and equals \(L\) precisely when both one‑sided limits exist and are equal to \(L\)."
"18100a-lecture-14-multicam_360p_16_9","absolute value","Full Lecture Transcript","State the theorem that relates the limit of a function at a cluster point \(c\) to limits of sequences approaching \(c\).","Let \\(S\\subseteq\\mathbb{R}\\) and \\(c\\) be a cluster point of \\(S\\).  Then\n\n\\[\\lim_{x\\to c}\\!f(x)=L\\quad\\text{iff}\\quad\\forall\\ \\text{sequences }(x_{n})\\subset S\\setminus\\{c\\}\\text{ with }x_{n}\\to c,\;\\;f(x_{n})\\to L.\\]"
"18100a-lecture-14-multicam_360p_16_9","absolute value","Full Lecture Transcript","Explain how to use the sequence theorem to show that for the function \(f(x)=x^{2}\) we have \\(\\displaystyle\\lim_{x\\to c}f(x)=c^{2}\\).","Take an arbitrary sequence \\((x_{n})\\) such that \\(x_{n}\\to c\\).  Since the sequence of real numbers \\((x_{n}^{2})\\) is the product of the convergent sequence \\((x_{n})\\) with itself, it converges to \\(c^{2}\\).  Hence, by the sequence–limit theorem, \\(\\lim_{x\\to c}x^{2}=c^{2}\\)."
"18100a-lecture-14-multicam_360p_16_9","absolute value","Full Lecture Transcript","What is the precise condition that characterises a function \(f\) being continuous at a point \(c\\)?","A function \\(f\\) is continuous at a point \\(c\\in S\\) precisely when\n\n\\[\\lim_{x\\to c}\\!f(x)=f(c).\\]"
"18100a-lecture-14-multicam_360p_16_9","absolute value","Full Lecture Transcript","For the function \\(f(x)=\\begin{cases}1,&x=0\\2,&x\\neq 0\\end{cases}\\), give the specific choice of \(\\varepsilon\) and describe why this function fails the continuity definition at \(x=0\\).","Take \\(\\varepsilon=1\\).  For any \\(\\delta>0\\) choose \\(x=\\delta/2\\) (so \\(0<|x-0|<\\delta\\)).  Then\n\n\\[|f(x)-f(0)|=|2-1|=1\\ge\\varepsilon,\\]\n\nwhich contradicts the definition of continuity at \\(0\\).  Thus the function is not continuous at \\(0\\)."
"18100a-lecture-14-multicam_360p_16_9","absolute value","Full Lecture Transcript","State the theorem that connects the limit of a function with the limit of its absolute value.","If \\(\\displaystyle\\lim_{x\\to c}\\!f(x)=L\\), then\n\n\\[\\displaystyle\\lim_{x\\to c}\\!\\lvert f(x)\\rvert=\\lvert L\\rvert.\\]"
"18100a-lecture-14-multicam_360p_16_9","L2 space","Full Lecture Transcript","In the lecture, why does the definition of a limit of a function care only about points close to \(c\) but not about the value of the function at \(c\) itself?","The definition uses only the statement \(\lvert x-c\rvert<\delta\) for all \(x\) with \(x\neq c\).  It never requires that \(f(c)\) be defined or equal to the limit–it only demands that values of \(f\) near \(c\) get arbitrarily close to \(L\).  Therefore the behaviour at the exact point \(c\) is irrelevant for the limit."
"18100a-lecture-14-multicam_360p_16_9","L2 space","Full Lecture Transcript","According to the theorem discussed, how can we characterize the limit of a function \(f\) at a cluster point \(c\) in terms of sequences converging to \(c\)?","The theorem states: \(\displaystyle \lim_{x\to c}f(x)=L\) if and only if for every sequence \((x_n)\) with \(x_n\in S\setminus\{c\}\) and \(x_n\to c\), we have \(f(x_n)\to L\)."
"18100a-lecture-14-multicam_360p_16_9","L2 space","Full Lecture Transcript","What condition in the lecture guarantees that the two one‑sided limits of a function at a point \(c\) exist and are equal to the two‑sided limit?","The lecture shows that \(\displaystyle \lim_{x\to c}f(x)=L\) exists and equals \(L\) precisely when \(\displaystyle \lim_{x\to c^-}f(x)=L\) and \(\displaystyle \lim_{x\to c^+}f(x)=L\)."
"18100a-lecture-14-multicam_360p_16_9","L2 space","Full Lecture Transcript","When proving that the affine function \(f(x)=ax+b\) is continuous at every real number, why does the proof choose \(\delta=\varepsilon/(1+|a|)\) and how does this choice work?","Choosing \(\delta=\varepsilon/(1+|a|)\) guarantees that \(|f(x)-f(c)|=|a(x-c)|\le |a|\lvert x-c\rvert < |a|\delta \le \varepsilon\).  The extra \(+1\) in the denominator ensures \(\delta\) is positive even if \(a=0\) and keeps the bound valid for any real \(a\)."
"18100a-lecture-14-multicam_360p_16_9","L2 space","Full Lecture Transcript","Using the definition of continuity presented, write down the logical negation that expresses ""\(f\) is not continuous at \(c\)”.","The negation is: \(\displaystyle \exists\,\varepsilon>0\;\forall\,\delta>0\;\exists\,x\in S\;\bigl(|x-c|<\delta\ \wedge\ |f(x)-f(c)|\ge\varepsilon\bigr)\)."
"18100a-lecture-14-multicam_360p_16_9","pi","Full Lecture Transcript","According to the lecture, what is the formal $\varepsilon$–$\delta$ condition that must be satisfied for $\lim_{x\to c}f(x)=L$?","For every $\varepsilon>0$ there exists a $\delta>0$ such that for all $x$ (belonging to the domain) with $0<|x-c|<\delta$ we have $|f(x)-L|<\varepsilon$."
"18100a-lecture-14-multicam_360p_16_9","pi","Full Lecture Transcript","The lecture states a theorem that relates limits of functions to limits of sequences. State this theorem and briefly explain how it is used to prove that $\displaystyle\lim_{x\to c}x^2=c^2$.","The theorem states: \n$$\displaystyle\lim_{x\to c}f(x)=L \iff \forall (x_n)\subset S\setminus\{c\},\;x_n\to c \;\Longrightarrow\; f(x_n)\to L.$$ \nTo prove $\lim_{x\to c}x^2=c^2$, one takes an arbitrary sequence $(x_n)$ converging to $c$ and uses the previously proved fact that the product of two convergent sequences is convergent, giving $x_n^2\to c^2$. By the theorem this yields the desired limit."
"18100a-lecture-14-multicam_360p_16_9","pi","Full Lecture Transcript","In the proof that $\displaystyle\lim_{x\to 0}\sin\frac1x$ does not exist, which sequence is chosen to demonstrate the failure of the limit, and why does the resulting sequence fail to converge?","The sequence chosen is $x_n=\dfrac{2}{(2n-1)\pi}$, which converges to $0$. Plugging it into $\sin\frac1x$ yields $\sin\!\bigl((2n-1)\frac{\pi}{2}\bigr)=(-1)^{\,n+1}$, an alternating sequence that does not converge. Hence the limit does not exist."
"18100a-lecture-14-multicam_360p_16_9","pi","Full Lecture Transcript","What is the definition of the left (one‑sided) limit presented in the lecture, and how does it differ from the two‑sided limit definition?","The left limit is defined as: \n$$\lim_{x\to c^-}f(x)=L\iff\forall \varepsilon>0\;\exists\delta>0\;\forall x\;(c-\delta<x<c\implies |f(x)-L|<\varepsilon).$$ \nThe difference lies in the restriction $c-\delta<x<c$, which restricts $x$ to be *less than* $c$, whereas the two‑sided limit requires $0<|x-c|<\delta$."
"18100a-lecture-14-multicam_360p_16_9","pi","Full Lecture Transcript","According to the lecture, what condition must a function $f$ satisfy to be continuous at a point $c$? Does the function need to be defined at the point $c$ for this definition to apply?","The function $f$ is continuous at $c$ when for every $\varepsilon>0$ there exists a $\delta>0$ such that $|x-c|<\delta$ implies $|f(x)-f(c)|<\varepsilon$.  This definition explicitly involves $f(c)$, so the function must be defined at the point $c$ for continuity to be discussed."
"18100a-lecture-14-multicam_360p_16_9","algebraic operation","Full Lecture Transcript","According to the lecture, state the theorem that connects the existence of a limit of a function at a cluster point with the behaviour of all sequences converging to that point.","The theorem states: *Let \(S\subseteq\mathbb{R}\) and let \(c\) be a cluster point of \(S\). Let \(f : S\to\mathbb{R}\). Then \(\displaystyle\lim_{x\to c}f(x)=L\) if and only if for every sequence \((x_{n})\) with \(x_{n}\in S\setminus\{c\}\) that converges to \(c\), we have \(\displaystyle\lim_{n\to\infty}f(x_{n})=L\).*"
"18100a-lecture-14-multicam_360p_16_9","algebraic operation","Full Lecture Transcript","In the lecture, why does the definition of continuity at a point \(c\) involve the same \(\varepsilon\)–\(\delta\) condition that defines a limit, and give an explicit example of a function that fails to satisfy this condition at a point.","Because a limit of \(f\) at \(c\) is defined exactly by the same epsilon–delta condition that shows how \(f(x)\) can be made arbitrarily close to a given value by restricting \(x\) to be close enough to \(c\).  Continuity requires that this limit, when it exists, is *equal* to the actual value of the function at that point.  For example, the function \(f:\mathbb{R}\to\mathbb{R}\) defined by\n   \[ f(x)=\begin{cases}1,& x=0,\\2,& x\neq0,\end{cases} \]\n   is not continuous at \(0\) because no \(\delta>0\) makes \(|f(x)-f(0)|<1/2\) for all \(x\) with \(|x-0|<\delta\)."
"18100a-lecture-14-multicam_360p_16_9","algebraic operation","Full Lecture Transcript","Using the theorem that links limits of functions to limits of sequences, explain why \(\displaystyle\lim_{x\to c}x^{2}=c^{2}\).","Take the function \(f(x)=x^{2}\).  By the theorem, to show \(\lim_{x\to c}x^{2}=c^{2}\) it suffices to take an arbitrary sequence \((x_{n})\) with \(x_{n}\to c\) and observe that \(\lim_{n\to\infty}x_{n}^{2}=(\lim_{n\to\infty}x_{n})^{2}=c^{2}\).  Thus every such sequence has limit \(c^{2}\), and the theorem gives the desired function limit."
"18100a-lecture-14-multicam_360p_16_9","algebraic operation","Full Lecture Transcript","Rephrase the equivalence stated in the lecture for one‑sided limits: what does \(\displaystyle\lim_{x\to c^{-}}f(x)=L\) mean in terms of sequences?","The lecture states: *\(\displaystyle\lim_{x\to c^{-}}f(x)=L\) if and only if for every sequence \((x_{n})\) with \(x_{n}<c\) and \(x_{n}\to c\), we have \(\displaystyle\lim_{n\to\infty}f(x_{n})=L\).*"
"18100a-lecture-14-multicam_360p_16_9","algebraic operation","Full Lecture Transcript","Write out the negation of the \(\varepsilon\)–\(\delta\) definition of continuity at a point and show why the function \(f(x)=1\) if \(x=0\) and \(f(x)=2\) if \(x\neq0\) is not continuous at \(0\).","The negation of the epsilon–delta definition of continuity at \(c\) is: \(\exists\varepsilon_{0}>0\) such that \(\forall \delta>0\ \exists x\in S\) with \(0<|x-c|<\delta\) and \(|f(x)-f(c)|\ge\varepsilon_{0}\).  For the given function, choose \(\varepsilon_{0}=1\).  For any \(\delta>0\), take \(x\) with \(0<|x|<\delta\) (for instance \(x=\delta/2\)).  Then \(x\neq0\), so \(f(x)=2\) and \(f(0)=1\), and \(|f(x)-f(0)|=1\ge\varepsilon_{0}\).  Hence the condition is satisfied, so the function is not continuous at \(0\)."
"18100a-lecture-15-multicam_360p_16_9","absolute value","Full Lecture Transcript","In a lecture about continuity, it was argued that if a point \(c\) in a set \(S \subseteq \mathbb R\) is **not** a cluster point of \(S\), then **any** function \(f:S \to \mathbb R\) is continuous at \(c\).  Explain, in your own words, why this special case is trivial from the point‑wise definition of continuity.","When \(c\) is not a cluster point, there exists a \(\delta_0>0\) such that the punctured \(\delta_0\)–neighbourhood of \(c\) contains no points of \(S\).  Thus for any \(x\in S\) with \(|x-c|<\delta_0\) we must have \(x=c\).  The continuity condition \(|f(x)-f(c)|<\varepsilon\) therefore holds automatically (since the only such \(x\) is \(c\) itself, giving difference \(0\)).  Hence \(f\) is continuous at \(c\) for any choice of \(f\)."
"18100a-lecture-15-multicam_360p_16_9","absolute value","Full Lecture Transcript","According to the discussion, for a cluster point \(c\) of \(S\) continuity of \(f:S \to \mathbb R\) at \(c\) is equivalent to \(\displaystyle \lim_{x \to c}f(x)=f(c)\).  State precisely what this equivalence means in terms of \(\epsilon\)-\(\delta\) conditions.","The equivalence states that for all \(\varepsilon>0\) there exists \(\delta>0\) such that whenever \(x\in S\setminus\{c\}\) and \(|x-c|<\delta\), we have \(|f(x)-f(c)|<\varepsilon\).  In other words, the limit \(\lim_{x\to c}f(x)\) exists and equals the function value \(f(c)\) at the cluster point \(c\)."
"18100a-lecture-15-multicam_360p_16_9","absolute value","Full Lecture Transcript","The lecture established a sequential characterisation of continuity: \(f\) is continuous at \(c\) iff for every sequence \((x_n)\) in \(S\) with \(x_n\to c\) we have \(f(x_n)\to f(c)\).  Outline a brief proof of the direction ‘if the limit condition holds for all such sequences, then \(f\) is continuous at \(c\)’.  Why does this direction not follow automatically from the definition?","Assume the sequential condition: for every sequence \((x_n)\subset S\) with \(x_n\to c\), we have \(f(x_n)\to f(c)\).  Suppose for a contradiction that \(f\) is not continuous at \(c\).  Then there exists \(\varepsilon_0>0\) such that for all \(\delta>0\) we can choose \(x\in S\) with \(|x-c|<\delta\) and \(|f(x)-f(c)|\ge\varepsilon_0\).  Choosing \(\delta=1/n\) we build a sequence \(x_n\to c\) with \(|f(x_n)-f(c)|\ge\varepsilon_0\) for all \(n\), contradicting the sequential condition.  Thus \(f\) must be continuous at \(c\)."
"18100a-lecture-15-multicam_360p_16_9","absolute value","Full Lecture Transcript","A classic example of a function that is discontinuous at every point was given: \(g(x)=1\) if \(x\) is irrational and \(g(x)=0\) if \(x\) is rational.  Using the sequential criterion for continuity, explain why \(g\) fails to be continuous at any real number \(c\).","For a given \(c\in\mathbb R\) pick two sequences: \(x_n=c+1/n\) (irrational) and \(y_n=c+1/(2n)\) (rational).  Both converge to \(c\).  Since \(g(x_n)=1\) for all \(n\) and \(g(y_n)=0\) for all \(n\), the limits along these sequences are \(1\) and \(0\) respectively, which are different from each other and from \(g(c)\) (depending on whether \(c\) is rational or irrational).  Thus the sequential criterion fails, so \(g\) is not continuous at any \(c\)."
"18100a-lecture-15-multicam_360p_16_9","absolute value","Full Lecture Transcript","The lecture described several algebraic operations that preserve continuity (e.g., sum, product, quotient, composition).  Pick one of these operations and give a concise justification—using the sequential approach—of why the operation keeps a function continuous at a point \(c\) when all the involved functions are continuous at the appropriate points.","Consider the product operation: if \(f\) and \(g\) are continuous at \(c\), then for any sequence \(x_n\to c\) we have \(f(x_n)\to f(c)\) and \(g(x_n)\to g(c)\).  By the theorem on limits of products of convergent sequences, \(f(x_n)g(x_n)\to f(c)g(c)\).  Hence the sequence \(h(x_n)=f(x_n)g(x_n)\) tends to \(h(c)=f(c)g(c)\), proving that the product function \(h=f\,g\) is continuous at \(c\)."
"18100a-lecture-15-multicam_360p_16_9","complex unit circle","Full Lecture Transcript","In the lecture, how is continuity at a point \(c\in S\) characterized when \(c\) is a cluster point of \(S\)?","If \(c\) is a cluster point of \(S\), then \(f\) is continuous at \(c\) if and only if \(\displaystyle \lim_{x\to c} f(x)=f(c)\)."
"18100a-lecture-15-multicam_360p_16_9","complex unit circle","Full Lecture Transcript","According to the discussion, what conclusion can be drawn about a function’s continuity at a point \(c\in S\) that is not a cluster point of \(S\)?","If \(c\) is not a cluster point of \(S\), then \(f\) is automatically continuous at \(c\) regardless of its behaviour elsewhere in \(S\)."
"18100a-lecture-15-multicam_360p_16_9","complex unit circle","Full Lecture Transcript","What sequential test for continuity at a point \(c\) is stated in the theorem proved during the lecture? Please write the condition in full.","The sequential test says: \(f\) is continuous at \(c\) iff for every sequence \((x_n)\subset S\) with \(\lim_{n\to\infty}x_n=c\), one has \(\displaystyle \lim_{n\to\infty} f(x_n)=f(c)\)."
"18100a-lecture-15-multicam_360p_16_9","complex unit circle","Full Lecture Transcript","The lecture provides the function \(f(x)=1\) if \(x\notin\mathbb Q\) and \(f(x)=0\) if \(x\in\mathbb Q\). Explain, using the sequential criterion, why this function is not continuous at any real number.","The set of rationals and irrationals is dense in \(\mathbb R\). For any real \(c\), choose a sequence of rationals \(q_n\to c\) and a sequence of irrationals \(r_n\to c\). Then \(f(q_n)=0\) for all \(n\) while \(f(r_n)=1\) for all \(n\). Hence \(\lim f(q_n)=0\neq1=\lim f(r_n)\), so the limit of \(f(x_n)\) cannot equal \(f(c)\) for every sequence converging to \(c\). Therefore \(f\) is not continuous at any \(c\)."
"18100a-lecture-15-multicam_360p_16_9","complex unit circle","Full Lecture Transcript","What does the theorem about the sum of two continuous functions state, and how does the sequential characterization of continuity justify this result?","The theorem states: if \(f\) and \(g\) are continuous at \(c\), then the sum \(f+g\) is continuous at \(c\). Using the sequential criterion, for any sequence \(x_n\to c\) we have \(\lim f(x_n)=f(c)\) and \(\lim g(x_n)=g(c)\). By the limit law for sums of sequences, \(\lim (f+g)(x_n)=f(c)+g(c)=(f+g)(c)\), satisfying the sequential test for continuity."
"18100a-lecture-15-multicam_360p_16_9","subset of r","Full Lecture Transcript","In the discussion of continuity on a subset \(S\subset\mathbb{R}\), what are the two separate situations for a point \(C\in S\) and why does the situation where \(C\) is not a cluster point lead to automatic continuity of any function \(f\) at \(C\)?","The two situations are: (1) \(C\) is a cluster point of \(S\); (2) \(C\) is not a cluster point. When \(C\) is not a cluster point, there exists a neighbourhood of \(C\) that contains no other points of \(S\) besides \(C\) itself. Thus for any \(x\in S\) sufficiently close to \(C\) we must have \(x=C\), and consequently \(|f(x)-f(C)|=0<\varepsilon\). Hence every function is continuous at such a point."
"18100a-lecture-15-multicam_360p_16_9","subset of r","Full Lecture Transcript","State the exact equivalence between the existence of the limit \(\lim_{x\to C}f(x)=L\) and the behavior of every sequence \((x_n)\subset S\) that converges to \(C\).","The theorem states that for a subset \(S\subset\mathbb{R}\) and a cluster point \(C\in S\), \[\lim_{x\to C}f(x)=L \quad\text{iff}\quad \forall\,(x_n\subset S,\;x_n\to C)\;\; f(x_n)\to L.\] In particular, if the limit equals \(f(C)\), then continuity at \(C\) is equivalent to all sequences converging to \(C\) having images converge to \(f(C)\)."
"18100a-lecture-15-multicam_360p_16_9","subset of r","Full Lecture Transcript","If \(C\) is a cluster point of \(S\) and \(f\) is continuous at \(C\), explain why, for any sequence \((x_n)\subset S\) with \(x_n \to C\), the sequence \((f(x_n))\) must converge to \(f(C)\).","Continuity at \(C\) means that for every \(\varepsilon>0\) there exists \(\delta>0\) such that \(|x-C|<\delta\) (with \(x\in S\)) implies \(|f(x)-f(C)|<\varepsilon\). Since \(x_n\to C\), there exists \(N\) with \(|x_n-C|<\delta\) for all \(n\ge N\). Applying the continuity condition gives \(|f(x_n)-f(C)|<\varepsilon\) for all \(n\ge N\), so \(f(x_n)\to f(C)\)."
"18100a-lecture-15-multicam_360p_16_9","subset of r","Full Lecture Transcript","Why does the linear function \(f(x)=ax+b\) satisfy the condition for continuity at every real number, according to the theorem presented in the lecture?","For each real number \(C\), choose \(\delta>0\). If \(|x-C|<\delta\) and \(x\in\mathbb{R}\), then \(|f(x)-f(C)|=0\) because \(f\) is a linear map \(f(x)=ax+b\) and thus \(f(x)-f(C)=a(x-C)\). Since \(|x-C|<\delta\) forces \(|a(x-C)|<|a|\delta\), we can make this arbitrarily small by choosing \(\delta\) appropriately. Thus \(\lim_{x\to C}(ax+b)=aC+b=f(C)\), satisfying the limit definition of continuity at every point."
"18100a-lecture-15-multicam_360p_16_9","subset of r","Full Lecture Transcript","Using the dichotomy of rational and irrational numbers, outline the reasoning that shows the function \(f:\mathbb{R}\to\mathbb{R}\) defined by \(f(x)=1\) if \(x\) is irrational and \(f(x)=0\) otherwise is discontinuous at every real point.","Fix any real \(C\). Two cases arise:\n1. \(C\) rational: for every \(n\) choose an irrational \(x_n\) with \(|x_n-C|<1/n\). Then \(x_n\to C\) but \(f(x_n)=1\) for all \(n\), while \(f(C)=0\). So \(\lim f(x_n)\neq f(C)\). \n2. \(C\) irrational: for every \(n\) choose a rational \(x_n\) with \(|x_n-C|<1/n\). Then \(x_n\to C\) but \(f(x_n)=0\) for all \(n\), whereas \(f(C)=1\). Again \(\lim f(x_n)\neq f(C)\). \nThus the hypothesis of continuity fails for all \(C\), proving the function is discontinuous everywhere."
"18100a-lecture-15-multicam_360p_16_9","discontinuous function","Full Lecture Transcript","In the lecture, what is the stated consequence for a function \(f\colon S\to\mathbb{R}\) when a point \(C\in S\) is **not** a cluster point of \(S\) with respect to continuity at \(C\)?","Any function is automatically continuous at \(C\); no restriction on values of \(f\) is required."
"18100a-lecture-15-multicam_360p_16_9","discontinuous function","Full Lecture Transcript","According to the lecture, if \(C\) **is** a cluster point of \(S\), what is the equivalent limit condition for \(f\) to be continuous at \(C\)?","The limit of \(f(x)\) as \(x\) approaches \(C\) equals the value of the function at that point: \(\displaystyle \lim_{x\to C}f(x)=f(C).\)"
"18100a-lecture-15-multicam_360p_16_9","discontinuous function","Full Lecture Transcript","Which sequential characterization of continuity at a cluster point \(C\) was explicitly mentioned in the lecture?","For every sequence \((x_n)\subset S\) with \(x_n\to C\), the sequence \((f(x_n))\) converges to \(f(C)\)."
"18100a-lecture-15-multicam_360p_16_9","discontinuous function","Full Lecture Transcript","What reasoning did the lecture provide to show that the function defined by \(g(x)=1\) when \(x\) is irrational and \(g(x)=0\) when \(x\) is rational is discontinuous at every real number?","Because between any two real numbers there exist both rational and irrational numbers, one can construct two sequences \((x_n)\) and \((y_n)\) converging to the same point \(C\), one consisting entirely of rationals and the other of irrationals. The corresponding values of \(g\) converge to \(0\) along \((x_n)\) and to \(1\) along \((y_n)\), contradicting the requirement that all such sequences converge to \(g(C)\). Thus \(g\) is not continuous at any point."
"18100a-lecture-15-multicam_360p_16_9","discontinuous function","Full Lecture Transcript","Which operations on real‑valued functions on a set \(S\) were proven in the lecture to preserve continuity at a point \(C\), assuming the usual hypotheses (e.g., denominator non‑zero for division)?","Addition, multiplication, division by a non‑zero function (quotient), and composition of functions. Each of these preserves continuity at the point \(C\) when the usual conditions (e.g., denominator never zero for the quotient) hold."
"18100a-lecture-15-multicam_360p_16_9","sine of a plus b","Full Lecture Transcript","In the case where \(C\) is not a cluster point of a subset \(S\subset \mathbb{R}\), how does the definition of continuity simplify at the point \(C\)?","When \(C\) is not a cluster point, every point of \(S\) sufficiently close to \(C\) must actually be \(C\) itself. Consequently \(|f(x)-f(C)|=0\) for all such \(x\), so the epsilon–delta condition is automatically satisfied for any \(\varepsilon>0\); thus \(f\) is automatically continuous at \(C\)."
"18100a-lecture-15-multicam_360p_16_9","sine of a plus b","Full Lecture Transcript","According to the theorem about continuity at a cluster point, continuity of a function \(f\) at a point \(C\) is equivalent to which limit statement?","Continuity at a cluster point \(C\) is equivalent to \(\displaystyle\lim_{x\to C}f(x)=f(C)\)."
"18100a-lecture-15-multicam_360p_16_9","sine of a plus b","Full Lecture Transcript","State the sequential characterization of continuity at a point \(c\) in a subset \(S\): what condition must every sequence \((x_n)\subset S\) satisfying \(x_n\to c\) meet with respect to \(f\)?","For every sequence \((x_n)\subset S\) with \(\lim_{n\to\infty}x_n=c\), we must have \(\displaystyle\lim_{n\to\infty}f(x_n)=f(c)\)."
"18100a-lecture-15-multicam_360p_16_9","sine of a plus b","Full Lecture Transcript","Outline the proof that \(\sin x\) is continuous at an arbitrary point \(c\) using the inequality \(|\sin a-\sin b|\le |a-b|\).","Use the identity \(\sin a-\sin b=2\sin\frac{a-b}{2}\cos\frac{a+b}{2}\). Then \(|\sin a-\sin b|\le 2\bigl|\sin\frac{a-b}{2}\bigr|\le |a-b|\), since \(|\cos|\le1\) and \(|\sin u|\le|u|\). Choosing \(\delta=\varepsilon\) yields \(|\sin x-\sin c|<\varepsilon\) whenever \(|x-c|<\delta\), proving continuity."
"18100a-lecture-15-multicam_360p_16_9","sine of a plus b","Full Lecture Transcript","What does the function \(f(x)=\begin{cases}1,& x\text{ irrational}\\0,& x\text{ rational}\end{cases}\) demonstrate about continuity at real numbers, and how can this be shown using sequences?","This function is discontinuous at every real number. For any \(c\), construct a sequence of rationals \(x_n\to c\); then \(f(x_n)=0\) for all \(n\). Similarly, choose a sequence of irrationals \(y_n\to c\); then \(f(y_n)=1\) for all \(n\). In both cases the limits of \(f(x_n)\) and \(f(y_n)\) differ from \(f(c)\), violating the sequential continuity condition."
"18100a-lecture-15-multicam_360p_16_9","cluster point of a set s","Full Lecture Transcript","According to the lecture, if a point \(C\) is not a cluster point of a set \(S\subseteq\mathbb{R}\), what can we say about any function \(f:S\to\mathbb{R}\) at that point?","Any function \(f:S\to\mathbb{R}\) is automatically continuous at a point \(C\) that is not a cluster point of \(S\)."
"18100a-lecture-15-multicam_360p_16_9","cluster point of a set s","Full Lecture Transcript","In proving that continuity at a cluster point \(C\) is equivalent to \(\lim_{x\to C}f(x)=f(C)\), how does the requirement that \(x\neq C\) in the limit definition affect the argument?","The limit definition excludes the point itself, but since \(f(C)=f(C)\), the exclusion does not change the conclusion; the argument shows that the same \(\varepsilon\)–\(\delta\) condition guarantees \(|f(x)-f(C)|<\varepsilon\) even when \(x=C\), so continuity and the limit condition are equivalent at a cluster point."
"18100a-lecture-15-multicam_360p_16_9","cluster point of a set s","Full Lecture Transcript","What is the sequential characterization of continuity presented in the lecture?","A function \(f\) is continuous at \(C\) if and only if for every sequence \((x_n)\subseteq S\) with \(x_n\to C\), we have \(f(x_n)\to f(C)\)."
"18100a-lecture-15-multicam_360p_16_9","cluster point of a set s","Full Lecture Transcript","When \(C\) is not a cluster point of \(S\), how does the lecture justify the choice of \(\delta\) in the \(\varepsilon\)–\(\delta\) proof that \(f\) is continuous at \(C\)?","The lecture chooses \(\delta_0>0\) such that \((C-\delta_0,C+\delta_0)\cap(S\setminus\{C\})=\varnothing\). Then any \(x\in S\) with \(|x-C|<\delta_0\) must equal \(C\), so \(|f(x)-f(C)|=0<\varepsilon\); this \(\delta_0\) works for every \(\varepsilon>0\)."
"18100a-lecture-15-multicam_360p_16_9","cluster point of a set s","Full Lecture Transcript","Using the sequential criterion discussed, why does the function \(f(x)=\begin{cases}0,&x\in\mathbb{Q}\\1,&x\notin\mathbb{Q}\end{cases}\) fail to be continuous at any real number \(c\)?","For any real \(c\) we can construct a sequence of rationals (or irrationals) \((x_n)\) converging to \(c\).  At each term \(x_n\), \(f(x_n)\) equals \(0\) (or \(1\)), while \(f(c)\) equals the opposite value.  Thus \(f(x_n)\) does not converge to \(f(c)\), violating the sequential criterion, so \(f\) is discontinuous at every \(c\)."
"18100a-lecture-15-multicam_360p_16_9","class of continuous functions","Full Lecture Transcript","According to the lecture, what can be said about a function that is defined on a set \(S\subset \mathbb{R}\) when the point \(c\in S\) is *not* a cluster point of \(S\) with respect to continuity?","Any function is automatically continuous at a point \(c\) that is not a cluster point of its domain; the definition vacuously satisfies the ε‑δ condition."
"18100a-lecture-15-multicam_360p_16_9","class of continuous functions","Full Lecture Transcript","Rephrase the epsilon‑\( \delta \) definition of continuity at a point \(c\) as an equivalent statement involving sequences, as presented in the class notes.","A function \(f\) is continuous at \(c\) iff for every sequence \((x_n)\subset S\) with \(x_n\to c\) we have \(f(x_n)\to f(c)\)."
"18100a-lecture-15-multicam_360p_16_9","class of continuous functions","Full Lecture Transcript","Using the density of the rationals and irrationals, explain why the function \(f:\mathbb{R}\to\mathbb{R}\) defined by \(f(x)=1\) if \(x\) is irrational and \(f(x)=0\) if \(x\) is rational is not continuous at any real number.","Because every real interval contains both rationals and irrationals, for any \(c\) and any sequence approaching \(c\) we can choose a subsequence of irrationals or rationals; the image under \(f\) will then converge to 1 or 0 respectively, which cannot equal \(f(c)\) (either 1 or 0), violating the definition of continuity."
"18100a-lecture-15-multicam_360p_16_9","class of continuous functions","Full Lecture Transcript","If two functions \(f,g:S\to\mathbb{R}\) are continuous at a point \(c\in S\), which of the following operations preserves continuity at \(c\) and why? (i) sum \(f+g\), (ii) product \(fg\), (iii) quotient \(f/g\) (when \(g(x)\neq0\) for all \(x\in S\)).","All listed operations preserve continuity. The sum and product preserve continuity by the sequence characterization (limits of sums/products of convergent sequences), and the quotient preserves continuity when the denominator does not vanish because \(f/g\) can be expressed as \(f\cdot(1/g)\) and both factors are continuous."
"18100a-lecture-15-multicam_360p_16_9","class of continuous functions","Full Lecture Transcript","State and justify the conclusion regarding the continuity of the composition \(f\circ g\) at a point \(c\) when \(g\) is continuous at \(c\) and \(f\) is continuous at \(g(c)\), as discussed in the lecture.","If \(g\) is continuous at \(c\) and \(f\) is continuous at \(g(c)\), then the composition \(f\circ g\) is continuous at \(c\). This follows by taking any sequence \(x_n\to c\); then \(g(x_n)\to g(c)\), and since \(f\) is continuous at \(g(c)\), \(f(g(x_n))\to f(g(c))\), establishing continuity of \(f\circ g\) at \(c\)."
"18100a-lecture-15-multicam_360p_16_9","constant","Full Lecture Transcript","In the lecture, what is the key reason that a function is automatically continuous at a point that is not a cluster point of its domain?","Because if \(c\) is not a cluster point, there exists a \(\delta>0\) such that the only point of \(S\) within \((c-\delta,c+\delta)\) is \(c\) itself. Thus for all \(x\in S\) with \(|x-c|<\delta\) we have \(x=c\), and automatically \(|f(x)-f(c)|=0<\varepsilon\) for any \(\varepsilon>0\). The continuity condition is vacuously satisfied."
"18100a-lecture-15-multicam_360p_16_9","constant","Full Lecture Transcript","What are the three parts of the theorem that characterize continuity at a point \(c\) when \(S\subseteq \mathbb{R}\), \(c\in S\), and \(f:S\to \mathbb{R}\)?","1. If \(c\) is not a cluster point of \(S\), then \(f\) is continuous at \(c\). 2. If \(c\) *is* a cluster point of \(S\), then \(f\) is continuous at \(c\) iff \(\displaystyle\lim_{x\to c}f(x)=f(c)\). 3. \(f\) is continuous at \(c\) iff for every sequence \((x_n)\subseteq S\) with \(x_n\to c\) we have \(f(x_n)\to f(c)\)."
"18100a-lecture-15-multicam_360p_16_9","constant","Full Lecture Transcript","According to the lecture, why is the statement ""\(f\) is continuous at \(c\) iff \(\displaystyle\lim_{x\to c}f(x)=f(c)\)"" non‑trivial when \(c\) is a cluster point of \(S\)?","When \(c\) is a cluster point, the neighborhood of \(c\) contains other points of \(S\) arbitrarily close to \(c\). Therefore the limit \(\displaystyle\lim_{x\to c}f(x)\) must be examined as \(x\) approaches \(c\) through points distinct from \(c\). The equivalence isn’t trivial because the definition of continuity requires the function value at \(c\) itself, whereas the limit concerns only nearby points; the theorem shows that these two conditions coincide when \(c\) is a cluster point."
"18100a-lecture-15-multicam_360p_16_9","constant","Full Lecture Transcript","In terms of sequences, what condition on every sequence \((x_n)\subseteq S\) converging to \(c\) is equivalent to \(f\) being continuous at \(c\)?","The condition is: for every sequence \((x_n)\subseteq S\) with \(x_n\to c\) we must have \(\displaystyle\lim_{n\to\infty}f(x_n)=f(c)\). In other words, the image sequence \(f(x_n)\) must converge to the function value at the limit point."
"18100a-lecture-15-multicam_360p_16_9","constant","Full Lecture Transcript","How does the lecture explain that the function \(f(x)=\begin{cases}1,& x\notin\mathbb{Q}\\0,& x\in\mathbb{Q}\end{cases}\) is discontinuous at every real number?","The lecture constructs, for any real \(c\), a sequence of irrationals \((x_n)\) that converges to \(c\). Because all terms of this sequence lie outside \(\mathbb{Q}\), \(f(x_n)=1\) for every \(n\), so \(\lim_{n\to\infty}f(x_n)=1\). However, if \(c\) is rational then \(f(c)=0\), and if \(c\) is irrational then \(f(c)=1\). In either case the limit of \(f(x_n)\) differs from \(f(c)\), violating the sequential criterion for continuity; hence \(f\) is discontinuous at every real number."
"18100a-lecture-15-multicam_360p_16_9","arc","Full Lecture Transcript","Why does the definition of continuity guarantee that if a point \(C\) is not a cluster point of a subset \(\mathbb{S}\subset\mathbb{R}\), then any function \(f:\mathbb{S}\to\mathbb{R}\) must be continuous at \(C\)?","When \(C\) is not a cluster point of \(\mathbb{S}\), there is a radius \(\delta_0>0\) such that the punctured \(\delta_0\)-neighbourhood \((C-\delta_0,\,C+\delta_0)\cap\mathbb{S}\setminus\{C\}\) is empty.  Thus for any \(x\in\mathbb{S}\) with \(|x-C|<\delta_0\) we must have \(x=C\).  Taking any \(\varepsilon>0\) and choosing this \(\delta_0\) as \(\delta\), we get \(|f(x)-f(C)|=|f(C)-f(C)|=0<\varepsilon\).  Hence \(f\) satisfies the \(\varepsilon\)–\(\delta\) definition of continuity at \(C\)."
"18100a-lecture-15-multicam_360p_16_9","arc","Full Lecture Transcript","State the sequence‑based equivalent condition for a function \(f:\mathbb{S}\to\mathbb{R}\) to be continuous at a point \(c\in\mathbb{S}\).  If \((x_n)\) is a sequence in \(\mathbb{S}\) with \(x_n\to c\), what must happen to \((f(x_n))\)?","The theorem states that  
        \[
        f \text{ is continuous at } c \iff \forall\text{ sequences }(x_n)\subset\mathbb{S}\text{ with }x_n\to c,\ \text{ we have }f(x_n)\to f(c).
        \]  
        Therefore, whenever a sequence converges to \(c\), the corresponding image sequence must converge to the value \(f(c)\)."
"18100a-lecture-15-multicam_360p_16_9","arc","Full Lecture Transcript","Using the continuity of \(\sin\) and the algebraic closure properties proved in the lecture, explain why the function  
        \[
        g(x)=\frac{1}{\,3+\sin(x^4)}\quad(x\in\mathbb{R})
        \]
        is continuous on \(\mathbb{R}\).","The continuity of \(\sin\) gives that \(\sin(x)\) is continuous for all real \(x\).  The function \(x\mapsto x^4\) is a polynomial, hence continuous everywhere; by the composition theorem, \(\sin(x^4)\) is continuous.  Adding the constant \(3\) preserves continuity, so \(x\mapsto 3+\sin(x^4)\) is continuous and its range satisfies \(|3+\sin(x^4)|\ge2>0\) (since \(|\sin|\le1\)).  The reciprocal of a continuous function that never vanishes is continuous (algebraic theorem for quotients).  Hence \(g(x)=1/(3+\sin(x^4))\) is continuous everywhere."
"18100a-lecture-15-multicam_360p_16_9","arc","Full Lecture Transcript","Give an example of a real‑valued function that is discontinuous at every real number, and describe the property of this function that guarantees its universal discontinuity.","The Dirichlet function  
        \[
        f(x)=\begin{cases}
        1,& x\notin\mathbb{Q},\\
        0,& x\in\mathbb{Q},
        \end{cases}
        \]
        is discontinuous at every real \(c\).  The key property is that both the rationals \(\mathbb{Q}\) and the irrationals \(\mathbb{R}\setminus\mathbb{Q}\) are dense in \(\mathbb{R}\).  For any \(c\), one can choose a rational sequence and an irrational sequence converging to \(c\); the images converge to \(0\) and \(1\) respectively, so the limit does not exist at \(c\)."
"18100a-lecture-15-multicam_360p_16_9","arc","Full Lecture Transcript","If \(f\) and \(g\) are continuous at a point \(c\) and \(g(c)\neq0\), what can be said about the continuity of  
        \[
        h(x)=\frac{f(x)}{g(x)}
        \]
        at \(c\)?  Provide the reasoning using the sequence characterization of continuity.","Since \(f\) and \(g\) are continuous at \(c\), for any sequence \((x_n)\) with \(x_n\to c\) we have \(f(x_n)\to f(c)\) and \(g(x_n)\to g(c)\).  Because \(g(c)\neq0\), there exists \(N\) such that for all \(n\ge N\), \(g(x_n)\neq0\) and stays bounded away from \(0\).  Therefore
        \[
        \frac{f(x_n)}{g(x_n)} \;\longrightarrow\; \frac{f(c)}{g(c)}.
        \]
        By the sequence definition of continuity, \(h(x)=f(x)/g(x)\) is continuous at \(c\)."
"18100a-lecture-15-multicam_360p_16_9","sequential characterization","Full Lecture Transcript","In the lecture, why does a function defined on a set \(S\subseteq\mathbb R\) become automatically continuous at a point \(C\in S\) if \(C\) is *not* a cluster point of \(S\)? What key idea is used in the epsilon‑delta argument?","If \(C\) is not a cluster point of \(S\), then there exists a neighborhood around \(C\) that contains no other points of \(S\). In an epsilon‑delta proof, one chooses a \( \delta>0 \) small enough so that the interval \((C-\delta,C+\delta)\) intersects \(S\) only at \(C\). Then for any \(x\in S\) with \(|x-C|<\delta\) we must have \(x=C\), hence \(f(x)=f(C)\), which is automatically within any prescribed \(\varepsilon>0\). Thus continuity holds trivially."
"18100a-lecture-15-multicam_360p_16_9","sequential characterization","Full Lecture Transcript","According to the lecture, what is the precise relationship between continuity at a cluster point \(C\) and the limit of the function as it approaches \(C\)? State the equivalence and describe, in your own words, one direction of the proof.","The lecture states:  \(f\) is continuous at a cluster point \(C\) if and only if \(\displaystyle\lim_{x\to C}f(x)=f(C)\).  One direction: assume the limit equals \(f(C)\).  Given any \(\varepsilon>0\), there exists \(\delta>0\) such that whenever \(x\in S\), \(x\neq C\) and \(|x-C|<\delta\), we have \(|f(x)-f(C)|<\varepsilon\).  For \(x=C\) the inequality is trivial, so the epsilon‑delta definition of continuity is satisfied."
"18100a-lecture-15-multicam_360p_16_9","sequential characterization","Full Lecture Transcript","The lecture presented a sequential characterization of continuity. What condition must hold for *every* sequence \((x_n)\) in the domain that converges to \(C\) in order for a function \(f\) to be continuous at \(C\)?","The sequential characterization requires that for every sequence \((x_n)\subset S\) with \(\lim_{n\to\infty}x_n=C\), the image sequence \((f(x_n))\) converges to \(f(C)\)."
"18100a-lecture-15-multicam_360p_16_9","sequential characterization","Full Lecture Transcript","Using the sequential viewpoint discussed in the lecture, explain why the function \(f:\mathbb R\to\mathbb R\) defined by \(f(x)=1\) if \(x\) is irrational and \(f(x)=0\) if \(x\) is rational is not continuous at any real number.","For any real number \(C\), one can construct two sequences converging to \(C\): one sequence of rationals \((q_n)\) and one sequence of irrationals \((\alpha_n)\).  Applying \(f\) yields \(f(q_n)=0\) for all \(n\) and \(f(\alpha_n)=1\) for all \(n\).  Since the two subsequences converge to different limits, \(f\) cannot have a single limit \(f(C)\) along all sequences approaching \(C\); therefore \(f\) is not continuous at any \(C\)."
"18100a-lecture-15-multicam_360p_16_9","sequential characterization","Full Lecture Transcript","The lecture noted that certain algebraic operations preserve continuity. Give one concrete example involving the composition of two continuous functions, specify the functions, and explain why their composition is continuous.","Let \(g(x)=x^2+1\) and \(f(y)=\sin y\).  Both \(g\) and \(f\) are continuous everywhere on \(\mathbb R\).  Their composition \(f(g(x))=\sin(x^2+1)\) is continuous at every real number because the composition of two continuous functions inherits continuity at each point where the inner function maps into the domain of the outer function."
"18100a-lecture-16-multicam_360p_16_9","absolute value","Full Lecture Transcript","In the discussion on bounding a continuous function on a closed interval \([a,b]\), what is the precise condition that \emph{fails} when a function is \emph{not} unbounded? Write the negation of the definition of unboundedness and explain what it means for the function to be bounded.","The function is bounded when there exists a non‑negative constant \(B\) such that for all \(x\in [a,b]\) we have \(|f(x)|\le B\).  The negation of the definition of unboundedness, which states \(\forall b\ge 0\,\exists x\in[a,b]\, (|f(x)|\ge b)\), is \(\exists B\ge 0\,\forall x\in[a,b]\,(|f(x)|\le B)\)."
"18100a-lecture-16-multicam_360p_16_9","absolute value","Full Lecture Transcript","During the proof that a continuous function on \([a,b]\) is bounded, a sequence \((x_n)\) is constructed with \(|f(x_n)|\ge n\). Identify the property of this sequence that allows the use of the Bolzano–Weierstrass theorem and explain why this leads to a contradiction.","The sequence \((x_n)\) lies entirely in the closed, bounded interval \([a,b]\); hence it is bounded.  By Bolzano–Weierstrass, it has a convergent subsequence.  Continuity of \(f\) then forces \(f(x_{n_k})\to f(L)\) for the subsequence limit \(L\in[a,b]\), contradicting the fact that \(|f(x_{n_k})|\ge n_k\to\infty\)."
"18100a-lecture-16-multicam_360p_16_9","absolute value","Full Lecture Transcript","According to the min–max theorem part of the lecture, once a continuous function on \([a,b]\) is shown to be bounded and to attain its supremum and infimum, what inclusion relationship is established between its image and the interval determined by its extreme values?","The inclusion is \[
      f([a,b]) \;\subseteq\; [\,f(c),\,f(d)\,],
    \] where \(c,d\in[a,b]\) are points at which \(f\) attains its absolute minimum and maximum, respectively."
"18100a-lecture-16-multicam_360p_16_9","absolute value","Full Lecture Transcript","In the construction of the bisection method described in the notes, three key properties of the sequences \((a_n)\) and \((b_n)\) are highlighted. List these properties exactly as presented.","1. Monotonic and nested: \(a_n \le a_{n+1} \le b_{n+1} \le b_n\) for all \(n\).  2. The gap halves each step: \(b_n-a_n = \frac{b-a}{2^{\,n-1}}\).  3. Sign conditions: \(f(a_n) < 0\) and \(f(b_n)\ge 0\) for every \(n\)."
"18100a-lecture-16-multicam_360p_16_9","absolute value","Full Lecture Transcript","At the end of the lecture the Bolzano–intermediate value theorem is derived from the special case \(f(a)<0<f(b)\). What auxiliary function is introduced in this reduction, and which properties of this new function allow the application of the special case?","The auxiliary function is \(g(x)=f(x)-y\) where \(y\) lies strictly between \(f(a)\) and \(f(b)\).  Then \(g\) is continuous, \(g(a)=f(a)-y<0\) and \(g(b)=f(b)-y>0\).  Hence \(g\) satisfies the previously proved special case (\(g(a)<0<g(b)\)), allowing the use of the bisection argument to find \(c\) with \(g(c)=0\), i.e., \(f(c)=y\)."
"18100a-lecture-16-multicam_360p_16_9","closed set","Full Lecture Transcript","State, in your own words, the theorem that characterizes continuity for a function \(f:\mathcal{S}\to\mathbb{R}\) (where \(\mathcal{S}\subseteq\mathbb{R}\)). What role do sequences play in this characterization?","The theorem states that a function \(f:\mathcal{S}\to\mathbb{R}\) is continuous at a point \(c\in\mathcal{S}\) if and only if for every sequence \((x_n)\subseteq\mathcal{S}\) that converges to \(c\), the sequence \((f(x_n))\) converges to \(f(c)\). Thus, continuity at \(c\) is equivalent to agreement between the limit of the function values along all sequences approaching \(c\) and the function value at \(c\); sequences provide a way to test continuity by examining behavior along convergent paths."
"18100a-lecture-16-multicam_360p_16_9","closed set","Full Lecture Transcript","The proof that a continuous real‑valued function defined on a closed and bounded interval is bounded uses Bolzano–Weierstrass. Why is this theorem essential in that proof, and what contradiction does it help produce?","Assuming the function were unbounded leads to the existence, for each natural number \(n\), of a point \(x_n\) in the interval with \(|f(x_n)|\ge n\). The sequence \((x_n)\) lies in the closed and bounded interval, so it is bounded; hence Bolzano–Weierstrass guarantees a convergent subsequence \((x_{n_k})\). The limit \(x\) of this subsequence lies in the interval (closedness). Continuity then forces \(f(x_{n_k})\to f(x)\), contradicting the fact that \(|f(x_{n_k})|\ge n_k\to\infty\). Thus Bolzano–Weierstrass is vital for extracting a limit point that exposes the contradiction."
"18100a-lecture-16-multicam_360p_16_9","closed set","Full Lecture Transcript","Which two hypotheses are required for the theorem that guarantees a continuous function on a closed and bounded interval attains both an absolute maximum and an absolute minimum? Provide a brief explanation of why each hypothesis is necessary.","The two hypotheses are: (1) the domain interval must be closed and bounded, and (2) the function must be continuous on that interval. The closedness ensures that any convergent sequence of points from the interval has its limit within the interval; the boundedness guarantees that the interval is compact, so a continuous function attains its extremal values. Without continuity, a function may fail to attain any maximum or minimum even on a closed bounded set (e.g., \(f(x)=1/x\) on \((0,1]\)). Without closedness or boundedness, a continuous function can also fail to achieve extrema (e.g., still discontinuous endpoints in \((0,1)\) or unbounded intervals)."
"18100a-lecture-16-multicam_360p_16_9","closed set","Full Lecture Transcript","Describe the construction of the nested sequences \((a_n)\) and \((b_n)\) used in the bisection method proof of the special case of the intermediate value theorem (i.e., \(f(a)<0<f(b)\) implies \(\exists c\in(a,b)\) with \(f(c)=0\)). What key properties do these sequences satisfy?","The sequences \((a_n)\) and \((b_n)\) are defined recursively: start with \(a_1=a\), \(b_1=b\). For each \(n\ge1\), set the midpoint \(m_n=(a_n+b_n)/2\). If \(f(m_n)\ge0\), define \(a_{n+1}=a_n\) and \(b_{n+1}=m_n\); otherwise, set \(a_{n+1}=m_n\) and \(b_{n+1}=b_n\). Thus \(f(a_n)<0\le f(b_n)\) for all \(n\), \(a_n\) is non‑decreasing, \(b_n\) is non‑increasing, and \(b_n-a_n\) halves at each step. These properties ensure the sequences converge to the same limit \(c\), which satisfies \(f(c)=0\)."
"18100a-lecture-16-multicam_360p_16_9","closed set","Full Lecture Transcript","In the general Bolzano–Intermediate Value Theorem, how does one reduce the problem of finding \(c\) such that \(f(c)=y\) (with \(y\) between \(f(a)\) and \(f(b)\)) to the special case where \(y=0\)? What auxiliary function is introduced and what does it accomplish?","To handle a general value \(y\) between \(f(a)\) and \(f(b)\), define the auxiliary function \(g(x)=f(x)-y\). The function \(g\) inherits continuity from \(f\). Moreover, \(g(a)=f(a)-y<0\) and \(g(b)=f(b)-y>0\). Applying the special case of the intermediate value theorem to \(g\) shows that there exists \(c\in(a,b)\) with \(g(c)=0\), which is precisely \(f(c)=y\). Thus the general statement reduces to the special case by translating the problem so that the desired value becomes zero."
"18100a-lecture-16-multicam_360p_16_9","ln","Full Lecture Transcript","According to the theorem characterizing continuity by sequences, what is the equivalence that defines when a function \(f\) is continuous at a point \(c\) in a subset \(S\subset\mathbb{R}\)?","A function \(f:S\to\mathbb{R}\) is continuous at \(c\in S\) if and only if for every sequence \((x_n)\subset S\) with \(x_n\to c\) we have \(f(x_n)\to f(c)\)."
"18100a-lecture-16-multicam_360p_16_9","ln","Full Lecture Transcript","Which statement does the Bolzano–Weierstrass theorem guarantee about any bounded sequence of real numbers?","Every bounded sequence of real numbers has a convergent subsequence."
"18100a-lecture-16-multicam_360p_16_9","ln","Full Lecture Transcript","In the lecture proof that a continuous function on a closed and bounded interval is bounded, why is the Bolzano–Weierstrass theorem invoked?","Assuming \(f\) were unbounded gives a sequence \((x_n)\subset[a,b]\) with \(|f(x_n)|\ge n\). Since \((x_n)\) lies in the closed, bounded interval \([a,b]\), it is bounded, so Bolzano–Weierstrass produces a convergent subsequence whose limit lies in \([a,b]\). Continuity then forces \(f\) to have a finite limit at that point, contradicting the assumption that \(f\) is unbounded."
"18100a-lecture-16-multicam_360p_16_9","ln","Full Lecture Transcript","What are the two hypotheses that the lecture identifies as necessary for a continuous function on a closed and bounded interval to attain an absolute maximum and an absolute minimum?","1. The domain must be a closed and bounded interval \([a,b]\) (compact). 2. The function \(f\) must be continuous on that interval."
"18100a-lecture-16-multicam_360p_16_9","ln","Full Lecture Transcript","State Bolzano's intermediate value theorem as presented in the lecture, and explain how this theorem leads to the conclusion that the image of the interval is exactly an interval spanned by the function’s absolute minimum and absolute maximum.","The theorem states:  Let \(f:[a,b]\to\mathbb{R}\) be continuous.  If a number \(y\) lies between \(f(a)\) and \(f(b)\), then there exists \(c\in[a,b]\) with \(f(c)=y\).  Because the min–max theorem guarantees that the image \(f([a,b])\) is contained in \([f(c_{\min}),f(c_{\max})]\) and this specific choice of \(y\) ranges over all values between the minimum and maximum, the IVT shows that every such \(y\) is actually attained on \([a,b]\).  Thus \(f([a,b])=[f(c_{\min}),f(c_{\max})]\)."
"18100a-lecture-16-multicam_360p_16_9","limit","Full Lecture Transcript","In the lecture, how is continuity at a point \(c\) of a function \(f:S\to\mathbb{R}\) characterized in terms of sequences?","A function \(f\) is continuous at \(c\) if and only if for every sequence \((x_n)\subset S\) with \(\lim_{n\to\infty}x_n=c\), one has \(\lim_{n\to\infty}f(x_n)=f(c)\)."
"18100a-lecture-16-multicam_360p_16_9","limit","Full Lecture Transcript","Which theorem, as mentioned in the lecture, guarantees that every bounded sequence of real numbers has a convergent subsequence?","The Bolzano–Weierstrass theorem."
"18100a-lecture-16-multicam_360p_16_9","limit","Full Lecture Transcript","During the proof that a continuous function on a closed, bounded interval is bounded, why is it justified to invoke Bolzano–Weierstrass on the sequence \((x_n)\) with \(|f(x_n)|\ge n\)?","Because the sequence \((x_n)\) is constructed with each \(x_n\in[a,b]\), and the interval \([a,b]\) is closed and bounded, making \((x_n)\) a bounded sequence to which Bolzano–Weierstrass applies."
"18100a-lecture-16-multicam_360p_16_9","limit","Full Lecture Transcript","State the main conclusion of the Min–Max theorem for a continuous function defined on a closed, bounded interval \([a,b]\).","There exist points \(c,d\in[a,b]\) such that \(f([a,b])\subset[f(c),\,f(d)]\); equivalently, \(f\) achieves its absolute minimum at \(c\) and its absolute maximum at \(d\)."
"18100a-lecture-16-multicam_360p_16_9","limit","Full Lecture Transcript","According to the lecture, why are both assumptions—continuity of the function and the domain being a closed, bounded interval—necessary for the theorem that a function attains an absolute maximum and minimum? Give an example of what can go wrong if one of the assumptions is dropped.","Dropping continuity can allow a function to oscillate without attaining a maximum or minimum (e.g., \(f(x)=\sin(1/x)\) on \([0,1]\) with \(f(0)=0\)). Dropping the closed, bounded domain can let a continuous function diverge at the endpoints (e.g., \(f(x)=1/x\) on \((0,1)\)). Both conditions are needed to guarantee existence of absolute extrema."
"18100a-lecture-16-multicam_360p_16_9","bisection method","Full Lecture Transcript","In the lecture, the equivalence characterising continuity via sequences is repeatedly referenced. Which of the following statements best describes this theorem?","The theorem states: For a function \(f:S\to\mathbb{R}\) and an element \(c\in S\), \(f\) is continuous at \(c\) iff for every sequence \((x_n)\subset S\) with \(x_n\to c\) we have \(\displaystyle\lim_{n\to\infty}f(x_n)=f(c)\)."
"18100a-lecture-16-multicam_360p_16_9","bisection method","Full Lecture Transcript","Why does the proof that a continuous function on a closed, bounded interval is bounded rely on the Bolzano–Weierstrass theorem according to the discussion in the lecture?","Because the argument constructs, from any assumed unbounded behaviour, a sequence \((x_n)\) lying in the closed interval. Bolzano–Weierstrass guarantees a convergent subsequence of this bounded sequence, whose limit lies in the interval. The continuity of \(f\) at that limit then forces a contradiction, proving boundedness."
"18100a-lecture-16-multicam_360p_16_9","bisection method","Full Lecture Transcript","The min–max theorem proof uses the fact that the domain must be a closed and bounded interval. What counter‑example, mentioned in the lecture, shows that this hypothesis cannot be omitted?","The lecture mentions the function \(f(x)=\tfrac{1}{x}-\tfrac{1}{1-x}\) defined on the open interval \((0,1)\). This function is continuous on \((0,1)\) yet does not attain an absolute maximum or minimum because the values blow up near the endpoints. Thus the closed–bounded hypothesis is necessary."
"18100a-lecture-16-multicam_360p_16_9","bisection method","Full Lecture Transcript","During the bisection method construction of the sequences \(a_n\) and \(b_n\), what key property ensures that these two sequences converge to a common limit \(c\)?","Each step of the construction ensures that \(|a_{n+1}-b_{n+1}|=\frac{1}{2}|a_n-b_n|\). Hence the distance between \(a_n\) and \(b_n\) decreases geometrically to zero, forcing both monotone sequences to converge to the same limit \(c\)."
"18100a-lecture-16-multicam_360p_16_9","bisection method","Full Lecture Transcript","Explain how the general form of Bolzano’s intermediate value theorem is obtained from the special case of a function crossing zero, by introducing the auxiliary function \(g(x)=f(x)-y\).","Setting \(g(x)=f(x)-y\) preserves continuity and shifts the value \(y\) to zero: \(g(a)=f(a)-y<0\) and \(g(b)=f(b)-y>0\). Applying the zero‑crossing (special) case of the intermediate value theorem to \(g\) yields a point \(c\) with \(g(c)=0\), i.e. \(f(c)=y\)."
"18100a-lecture-16-multicam_360p_16_9","midpoint methods","Full Lecture Transcript","In the lecture, continuity of a function \(f\colon S\to\mathbb{R}\) on a subset \(S\subset\mathbb{R}\) was characterized using sequences. What is the exact sequence‑based statement that was given for a point \(c\in S\)?","A function \(f\) is continuous at \(c\in S\) iff for every sequence \((x_n)\subset S\) with \(x_n\to c\) we have \(\displaystyle\lim_{n\to\infty}f(x_n)=f(c)\)."
"18100a-lecture-16-multicam_360p_16_9","midpoint methods","Full Lecture Transcript","During the proof that a continuous function on a closed and bounded interval \([a,b]\) is bounded, a specific theorem about sequences was called upon. Which theorem was used and how was it applied to obtain a contradiction if \(f\) were unbounded?","Bolzano‑Weierstrass: every bounded sequence in \(\mathbb{R}\) has a convergent subsequence. The proof assumes \(f\) is unbounded, producing a sequence \((x_n)\subset[a,b]\) with \(|f(x_n)|\ge n\). Since \((x_n)\) is bounded, a convergent subsequence \((x_{n_k})\) exists, converging to some \(x\in[a,b]\). Continuity of \(f\) then forces \(f(x_{n_k})\to f(x)\), contradicting \(|f(x_{n_k})|\ge n_k\to\infty\)."
"18100a-lecture-16-multicam_360p_16_9","midpoint methods","Full Lecture Transcript","Two hypotheses are essential for the theorems about absolute extrema and the intermediate value property on an interval. One is continuity of the function; what is the other hypothesis, and why does dropping it invalidate the conclusions? Give an example that illustrates this failure.","The second hypothesis is that the domain interval is closed and bounded (compact). If the interval is open or unbounded, a continuous function may fail to attain its extrema or intermediate values. Example: \(f(x)=\frac{1}{x(1-x)}\) on \((0,1)\) is continuous but has no maximum or minimum and does not attain the value \(0\) even though \(\lim_{x\to0^+}f(x)=\lim_{x\to1^-}f(x)=+\infty\)."
"18100a-lecture-16-multicam_360p_16_9","midpoint methods","Full Lecture Transcript","Explain the recursive construction of the sequences \(\{a_n\}\) and \(\{b_n\}\) used in the bisection argument for the special case of the intermediate value theorem. What conditions are maintained at each step, and why does this lead to a limit point where \(f\) attains the intermediate value?","Start with \(a_1=a\) and \(b_1=b\) where \(f(a_1)<0\) and \(f(b_1)>0\). Define \(a_{n+1}\) and \(b_{n+1}\) by considering the midpoint \(m_n=(a_n+b_n)/2\). If \(f(m_n)\le0\), set \(a_{n+1}=m_n\), \(b_{n+1}=b_n\); otherwise set \(a_{n+1}=a_n\), \(b_{n+1}=m_n\). Thus \(f(a_n)\le0\) and \(f(b_n)\ge0\) for all \(n\), the intervals shrink by half each step, and \(\{a_n\}\) is increasing, \(\{b_n\}\) decreasing. Their limits coincide, say \(c\); continuity yields \(f(c)=0\)."
"18100a-lecture-16-multicam_360p_16_9","midpoint methods","Full Lecture Transcript","The min–max theorem states that for a continuous \(f:[a,b]\to\mathbb{R}\) there exist points \(c,d\in[a,b]\) such that the image satisfies \(f([a,b])\subseteq [f(c),f(d)]\). How does the lecture justify the reverse inclusion to conclude \(f([a,b])=[f(c),f(d)]\)?","After proving that there exist \(c,d\) with \(f([a,b])\subseteq[f(c),f(d)]\), assume for contradiction that some value \(y\) in \([f(c),f(d)]\) is missing. By the intermediate value theorem (proved earlier), the continuous image of the interval \([c,d]\) must contain all values between \(f(c)\) and \(f(d)\). Since \([c,d]\subseteq[a,b]\), this forces \(f([a,b])=[f(c),f(d)]\). Equivalently, applying the intermediate value theorem to \(f\) on \([c,d]\) shows every intermediate value appears, completing the inclusion."
"18100a-lecture-16-multicam_360p_16_9","Min-max theorem","Full Lecture Transcript","In the lecture, a theorem was presented that characterizes continuity of a function \(f\colon S\to\mathbb{R}\) at a point \(c\in S\).  What is the precise statement of this equivalence in terms of sequences converging to \(c\)?","The function \(f\) is continuous at \(c\) if and only if for every sequence \((x_n)\subseteq S\) with \(x_n\to c\) as \(n\to\infty\), we have \(\displaystyle\lim_{n\to\infty}f(x_n)=f(c)\)."
"18100a-lecture-16-multicam_360p_16_9","Min-max theorem","Full Lecture Transcript","The argument that a continuous function on a closed, bounded interval \([a,b]\) is bounded uses the Bolzano‑Weierstrass theorem.  Describe, in your own words, how the existence of a divergent sequence of function values leads to a contradiction by extracting a convergent subsequence.","Assume \(f\) were unbounded on \([a,b]\).  Then for each integer \(n\) we can pick \(x_n\in[a,b]\) such that \(|f(x_n)|\ge n\).  The sequence \((x_n)\) is contained in the compact set \([a,b]\), so by Bolzano‑Weierstrass it has a convergent subsequence \((x_{n_k})\to x\in[a,b]\).  Continuity gives \(f(x_{n_k})\to f(x)\), a finite number, contradicting that \(|f(x_{n_k})|\ge n_k\to\infty\).  Hence \(f\) must be bounded."
"18100a-lecture-16-multicam_360p_16_9","Min-max theorem","Full Lecture Transcript","State the min‑max theorem for a continuous function \(f\colon[a,b]\to\mathbb{R}\) that was proved in the lecture.  What does it guarantee about the values of \(f\) on \([a,b]\)?","The min‑max theorem states that if \(f\) is continuous on \([a,b]\), then there exist points \(c,d\in[a,b]\) such that \(f(c)=\min_{x\in[a,b]}f(x)\) and \(f(d)=\max_{x\in[a,b]}f(x)\).  Consequently the image \(f([a,b])\) is exactly the closed interval \([\,f(c),\,f(d)\,]\)."
"18100a-lecture-16-multicam_360p_16_9","Min-max theorem","Full Lecture Transcript","The lecturer discussed why the hypotheses of the min‑max theorem are necessary.  Provide the example that shows that a continuous function on an open interval need not attain a maximum or minimum, and explain why the interval being closed is essential.","Consider \(f(x)=\frac{1}{x}-\frac{1}{1-x}\) on the open interval \((0,1)\).  This function is continuous on \((0,1)\) but has no maximum or minimum because it tends to \(+\infty\) as \(x\to0^+\) and to \(-\infty\) as \(x\to1^-\).  The interval’s lack of endpoints allows \(f\) to escape any finite bounds; hence the closed‑bounded (compact) hypothesis is essential for the min‑max conclusion."
"18100a-lecture-16-multicam_360p_16_9","Min-max theorem","Full Lecture Transcript","The intermediate value theorem was proved via a bisection‑style construction.  Summarize the key idea of this construction that guarantees the existence of a point \(c\in[a,b]\) with \(f(c)=0\) when \(f(a)<0<f(b)\).","The construction starts with \(a_1=a\) and \(b_1=b\) and ensures \(f(a_n)<0\) while \(f(b_n)\ge0\).  At each step the midpoint \(m_n=\frac{a_n+b_n}{2}\) is evaluated.  If \(f(m_n)\ge0\), set \(b_{n+1}=m_n\) and \(a_{n+1}=a_n\); otherwise set \(a_{n+1}=m_n\) and \(b_{n+1}=b_n\).  This preserves the sign conditions and halves the interval length, producing nested sequences \((a_n)\) increasing and \((b_n)\) decreasing whose limits coincide at some \(c\).  By continuity, \(f(c)=0\), establishing the intermediate value property for the value \(0\)."
"18100a-lecture-16-multicam_360p_16_9","intermediate value theorem","Full Lecture Transcript","In the lecture, a theorem was used to characterize continuity via sequences.  What is the statement of this theorem, and how does it implicitly justify that a continuous function on a closed interval cannot become arbitrarily large (i.e., is bounded)?","The theorem states: *Let \(S\subseteq\mathbb R\), let \(c\in S\), and let \(f:S\to\mathbb R\).  Then \(f\) is continuous at \(c\) if and only if for every sequence \((x_n)\subseteq S\) with \(\lim_{n\to\infty}x_n=c\) we have \(\lim_{n\to\infty}f(x_n)=f(c)\).*  In the proof of boundedness, we assume the opposite: for every real \(b\ge0\) there is an \(x\in[a,b]\) with \(|f(x)|\ge b\).  Choosing \(b=n\) gives a sequence \((x_n)\) in \([a,b]\) whose images satisfy \(|f(x_n)|\ge n\).  Because the interval \([a,b]\) is compact, \((x_n)\) has a convergent subsequence \((x_{n_k})\) with limit \(x\in[a,b]\).  By continuity, \(\lim_{k\to\infty}f(x_{n_k})=f(x)\), contradicting that the subsequence values grow without bound.  Thus the theorem guarantees that a continuous function cannot have unbounded behaviour on a compact domain."
"18100a-lecture-16-multicam_360p_16_9","intermediate value theorem","Full Lecture Transcript","During the proof that a continuous function on a closed and bounded interval is bounded, the Bolzano–Weierstrass theorem is called upon.  Detail the specific way in which this theorem is applied and why the existence of a convergent subsequence is crucial to reaching a contradiction if the function were unbounded.","The Bolzano–Weierstrass theorem guarantees that any bounded sequence in \(\mathbb R\) has a convergent subsequence.  Assuming \(f\) is unbounded on \([a,b]\), we construct a sequence \((x_n)\subseteq[a,b]\) with \(|f(x_n)|\ge n\).  The sequence \((x_n)\) is bounded because each \(x_n\) lies in the fixed compact interval \([a,b]\).  Applying Bolzano–Weierstrass yields a subsequence \((x_{n_k})\) converging to some \(x\in[a,b]\).  Continuity of \(f\) at \(x\) implies \(\lim_{k\to\infty}f(x_{n_k})=f(x)\), a finite number, contradicting the fact that \(|f(x_{n_k})|\ge n_k\to\infty\).  Hence the assumption of unboundedness is impossible."
"18100a-lecture-16-multicam_360p_16_9","intermediate value theorem","Full Lecture Transcript","The min‑max theorem requires the domain to be a closed and bounded interval.  What counterexample demonstrates that the conclusion fails if the domain is merely open, and why does this example highlight the necessity of the ‘closed and bounded’ hypothesis?","The example used in the lecture is \(f(x)=\frac{1}{x}+\frac{1}{1-x}\) defined on the open interval \((0,1)\).  This function is continuous on \((0,1)\) but it has no absolute maximum or minimum on that open interval: as \(x\to0^{+}\) and \(x\to1^{-}\) the function grows without bound, and the values near the endpoints cannot be attained because the endpoints themselves are excluded.  This shows that dropping the closedness (or boundedness) of the domain can destroy the attainment of extrema, making the hypothesis of the min‑max theorem necessary."
"18100a-lecture-16-multicam_360p_16_9","intermediate value theorem","Full Lecture Transcript","State Bolzano’s intermediate value theorem as presented in the lecture, and explain the simple trick that reduces the general statement to the special case where \(f(a)<0<f(b)\).","Bolzano’s intermediate value theorem: *Let \(f:[a,b]\to\mathbb R\) be continuous.  If \(y\) lies between \(f(a)\) and \(f(b)\) (that is, either \(f(a)\le y\le f(b)\) or \(f(b)\le y\le f(a)\)), then there exists \(c\in[a,b]\) with \(f(c)=y\).*  To reduce the general case to the special case \(f(a)<0<f(b)\), set \(g(x)=f(x)-y\).  Then \(g\) is continuous, \(g(a)=f(a)-y<0\), and \(g(b)=f(b)-y>0\).  Applying the special case to \(g\) yields a \(c\) with \(g(c)=0\), i.e. \(f(c)=y\)."
"18100a-lecture-16-multicam_360p_16_9","intermediate value theorem","Full Lecture Transcript","In the bisection method proof of the intermediate value theorem, a pair of sequences \((a_n)\) and \((b_n)\) is constructed.  List the three key properties that guarantee the existence of a limit point \(c\) where \(f(c)=0\), and describe how continuity of \(f\) at this limit is used to force \(f(c)=0\).","The sequences \((a_n)\) and \((b_n)\) satisfy:\n  1.  For all \(n\), \(a_n\le b_n\) and \(a_1=a,\;b_1=b\).\n  2.  \(f(a_n)<0\) and \(f(b_n)\ge0\) for every \(n\).\n  3.  The distance shrinks geometrically: \(b_{n+1}-a_{n+1}=\frac12(b_n-a_n)\).\n  Because \((a_n)\) is increasing, \((b_n)\) decreasing, and both are bounded in \([a,b]\), they converge to limits \(c\) and \(d\) with \(c\le d\).  Property 3 forces \(c=d\).  By continuity, \(\lim f(a_n)=f(c)\) and \(\lim f(b_n)=f(d)=f(c)\).  Property 2 gives \(f(c)\le0\) and \(f(c)\ge0\), so \(f(c)=0\).  Thus the limit point \(c\) is precisely the root required by the intermediate value theorem."
"18100a-lecture-16-multicam_360p_16_9","subsequence","Full Lecture Transcript","In the lecture, how is continuity at a point \(c\) characterized using sequences? State the equivalence that was proved.","A function \(f : S \to \mathbb{R}\) is continuous at a point \(c \in S\) if and only if for every sequence \((x_n)\) in \(S\) with \(x_n \to c\), one has \(\lim_{n\to\infty} f(x_n)=f(c)\)."
"18100a-lecture-16-multicam_360p_16_9","subsequence","Full Lecture Transcript","According to the lecture, why does the Bolzano–Weierstrass theorem play a crucial role in proving that a continuous function on a closed and bounded interval is bounded?","The Bolzano–Weierstrass theorem guarantees that any bounded sequence of real numbers has a convergent subsequence. In the proof of boundedness for continuous functions on \([a,b]\), we first produce a sequence whose function values are arbitrarily large, use BWT to extract a convergent subsequence of the input points, and then apply continuity to reach a contradiction. Thus BWT is essential to the argument."
"18100a-lecture-16-multicam_360p_16_9","subsequence","Full Lecture Transcript","During the discussion of the bisection method, the lecture defined two sequences \((a_n)\) and \((b_n)\). Explain how their monotonicity and limit lead to the conclusion that \(f(c)=0\) for some \(c\) in the interval.","The sequences are constructed so that \(a_n\) is non‑decreasing, \(b_n\) is non‑increasing, and \(f(a_n)\le0\le f(b_n)\) for all \(n\). Since they stay within \([a,b]\), both \(a_n\) and \(b_n\) converge to limits \(c\) and \(d\) with \(c\le d\). The distance \(|b_n-a_n|\) halves at each step, so \(c=d\). Continuity then gives \(f(c)=\lim f(a_n)\le0\) and \(f(c)=\lim f(b_n)\ge0\), forcing \(f(c)=0\)."
"18100a-lecture-16-multicam_360p_16_9","subsequence","Full Lecture Transcript","According to the lecture, why does a continuous function on an open interval fail to attain its extreme values? Summarize the example that was mentioned.","The lecture showed that on an open interval a continuous function need not attain its extrema because the interval is not closed, so the limits at the endpoints may not belong to the domain. The provided example is \(f(x)=\frac1x-\frac1{1-x}\) on \((0,1)\), which is continuous but never reaches a maximum or minimum value."
"18100a-lecture-16-multicam_360p_16_9","subsequence","Full Lecture Transcript","In the lecture, an absolute maximum is defined as a point where the value of the function is at least as large as the function’s value at every other point in the interval. Write this definition formally using the symbols \(\le\) and \(\ge\).","An absolute maximum of \(f\) on an interval \([a,b]\) is a point \(d\in[a,b]\) such that \(f(d)\ge f(x)\) for all \(x\in[a,b]\). Formally:  \(\displaystyle \forall\,x\in[a,b],\; f(d)\;\ge\;f(x).\)"
"18100a-lecture-16-multicam_360p_16_9","another closed and bounded interval","Full Lecture Transcript","According to the discussion, characterize the continuity of a function \(f:S\to\mathbb{R}\) at a point \(c\in S\) in terms of sequences in \(S\).","A function \(f:S\to\mathbb{R}\) is continuous at \(c\) if and only if for every sequence \((x_n)\) of elements of \(S\) with \(\lim_{n\to\infty}x_n=c\) we have \(\lim_{n\to\infty}f(x_n)=f(c)\)."
"18100a-lecture-16-multicam_360p_16_9","another closed and bounded interval","Full Lecture Transcript","What does the Bolzano‑Weierstrass theorem state, and why is it crucial for proving properties of continuous functions on closed and bounded intervals?","Bolzano‑Weierstrass states that every bounded sequence of real numbers has a convergent subsequence. It is used to extract a convergent subsequence from a sequence constructed to contradict boundedness or extremum assertions, thereby allowing the use of continuity at the limit point."
"18100a-lecture-16-multicam_360p_16_9","another closed and bounded interval","Full Lecture Transcript","Explain, in the order of the lecture, why a continuous function on a closed and bounded interval must be bounded.","The proof proceeds by contradiction: assume \(f\) is unbounded. Construct for each \(n\) a point \(x_n\in[a,b]\) with \(|f(x_n)|\ge n\). The sequence \((x_n)\) is bounded, so by Bolzano‑Weierstrass a convergent subsequence \((x_{n_k})\) exists with limit \(x\in[a,b]\). Continuity yields \(\lim_{k\to\infty}f(x_{n_k})=f(x)\), which contradicts \(|f(x_{n_k})|\ge n_k\to\infty\). Thus \(f\) must be bounded."
"18100a-lecture-16-multicam_360p_16_9","another closed and bounded interval","Full Lecture Transcript","State the min–max theorem as presented in the lecture, and describe the conclusion about the image of the interval under a continuous function.","The min–max theorem says: If \(f:[a,b]\to\mathbb{R}\) is continuous, then there exist points \(c,d\in[a,b]\) such that \(f([a,b])\subseteq[f(c),\,f(d)]\). In other words, \(f\) attains an absolute minimum at some \(c\) and an absolute maximum at some \(d\)."
"18100a-lecture-16-multicam_360p_16_9","another closed and bounded interval","Full Lecture Transcript","How does the lecture relate the special case \(f(a)<0<f(b)\) to the general intermediate value theorem, and what method is mentioned for determining the point where \(f(c)=0\)?","The lecture first shows the special case \(f(a)<0<f(b)\) using the bisection (midpoint) method to find \(c\) with \(f(c)=0\). It then generalizes: for any \(y\) between \(f(a)\) and \(f(b)\), define \(g(x)=f(x)-y\); \(g\) satisfies the special case, so there is \(c\) with \(g(c)=0\), i.e., \(f(c)=y\). This gives Bolzano’s intermediate value theorem."
"18100a-lecture-17-multicam_360p_16_9","uniform continuity","Full Lecture Transcript","In the lecture, how is continuity at a point defined using \(\varepsilon\) and \(\delta\), and why can the choice of \(\delta\) depend on the point \(c\)?","Continuity at a point \(c\) is defined as: for every \(\varepsilon>0\) there exists a \(\delta>0\) such that for all \(x\) with \(|x-c|<\delta\) we have \(|f(x)-f(c)|<\varepsilon\).  The \(\delta\) may depend on both the chosen \(\varepsilon\) and the specific point \(c\), because the function’s behaviour can vary from point to point."
"18100a-lecture-17-multicam_360p_16_9","uniform continuity","Full Lecture Transcript","Which function was used in the lecture to show that a function can be continuous but not uniformly continuous on an interval, and what aspect of that function causes it to lack uniform continuity? (Hint: consider the behaviour near the endpoints.)","The lecture used \(f(x)=\frac{1}{x}\) on the open interval \((0,1)\).  Near the left endpoint 0 the function values grow without bound, so no single \(\delta\) works for all points in the interval; small intervals around points close to 0 require a very small \(\delta\), violating the uniform‑continuity condition."
"18100a-lecture-17-multicam_360p_16_9","uniform continuity","Full Lecture Transcript","State the theorem that links continuity and uniform continuity on a closed and bounded interval, and explain what the theorem tells us about the relationship between the two notions on that interval.","The theorem states: for a function \(f:[a,b]\to\mathbb{R}\) on a closed, bounded interval, \(f\) is continuous on \([a,b]\) **if and only if** \(f\) is uniformly continuous on \([a,b]\).  Thus on a compact interval continuity and uniform continuity are equivalent."
"18100a-lecture-17-multicam_360p_16_9","uniform continuity","Full Lecture Transcript","Why does the function \(f(x)=x^{2}\) fail to be uniformly continuous on the entire real line, according to the arguments presented in the lecture?","The lecture showed that \(f(x)=x^{2}\) is not uniformly continuous on \(\mathbb{R}\) by choosing \(\varepsilon=1\).  For any \(\delta>0\) we can find \(x,\,c\) with \(|x-c|<\delta\) yet \(|x^{2}-c^{2}|>1\) by taking both \(x\) and \(c\) large and close together.  Hence no single \(\delta\) works for all points."
"18100a-lecture-17-multicam_360p_16_9","uniform continuity","Full Lecture Transcript","According to the lecture, why does the equivalence of continuity and uniform continuity generally break down when the domain is not closed and bounded, and how does the example \(f(x)=\frac{1}{x}\) on \((0,1)\) illustrate this failure?","The equivalence fails when the domain is not compact because the dependence of \(\delta\) on the point can become unbounded.  The example \(f(x)=\frac{1}{x}\) on \((0,1)\) shows this: as \(x\) approaches the omitted endpoint \(0\), \(\delta\) must shrink to zero to keep \(|f(x)-f(c)|<\varepsilon\).  Since the interval does not contain its limit point, a uniform \(\delta\) cannot be chosen, breaking the equivalence."
"18100a-lecture-17-multicam_360p_16_9","absolute value","Full Lecture Transcript","According to the discussion, what relationship does the Intermediate Value Theorem guarantee between a continuous function \(f\) on \([a,b]\) and any value \(y\) that lies between \(f(a)\) and \(f(b)\)?","For every value \(y\) satisfying either \(f(a) < y < f(b)\) or \(f(b) < y < f(a)\), there exists at least one \(c \in (a,b)\) such that \(f(c)=y\)."
"18100a-lecture-17-multicam_360p_16_9","absolute value","Full Lecture Transcript","How is the definition of continuity at a point \(c\) expressed in \( \varepsilon \)-\( \delta \) form, as presented in the lecture?","For each \(\varepsilon > 0\) there exists a \(\delta > 0\) (possibly depending on \(c\)) such that for all \(x\) in the domain, if \(|x-c|<\delta\) then \(|f(x)-f(c)|<\varepsilon\)."
"18100a-lecture-17-multicam_360p_16_9","absolute value","Full Lecture Transcript","What extra requirement distinguishes uniform continuity from ordinary continuity, as explained in the lecture?","Uniform continuity requires a single \(\delta\) that works for all points in the domain and depends only on \(\varepsilon\), whereas ordinary continuity allows \(\delta\) to depend on the particular point \(c\)."
"18100a-lecture-17-multicam_360p_16_9","absolute value","Full Lecture Transcript","State the equivalence theorem concerning continuous functions on a closed, bounded interval that was proved.","A function \(f:[a,b]\to\mathbb{R}\) is continuous on the closed interval \([a,b]\) if and only if it is uniformly continuous on \([a,b]\)."
"18100a-lecture-17-multicam_360p_16_9","absolute value","Full Lecture Transcript","Provide an example given in the lecture that illustrates why the domain must be closed and bounded for that equivalence to hold.","The function \(f(x)=1/x\) on the open interval \((0,1)\): it is continuous on \((0,1)\) but not uniformly continuous, showing that the closed‑bounded assumption is necessary."
"18100a-lecture-17-multicam_360p_16_9","fundamental theorem of algebra","Full Lecture Transcript","In the lecture, according to the Inter­mediate Value Theorem, if \(f\) is continuous on \([a,b]\), \(f(a)<f(b)\), and a value \(y\) satisfies \(f(a)<y<f(b)\), what does the theorem guarantee about some point \(c\) in the interval \((a,b)\)?","It guarantees the existence of a point \(c\in(a,b)\) such that \(f(c)=y\)."
"18100a-lecture-17-multicam_360p_16_9","fundamental theorem of algebra","Full Lecture Transcript","During the discussion of continuous functions on closed and bounded intervals, what property of the image \(f([a,b])\) was proven in the lecture? Please state the description of this image set.","The image \(f([a,b])\) is itself a closed bounded interval; in particular \(f\) attains a maximum and a minimum on \([a,b]\)."
"18100a-lecture-17-multicam_360p_16_9","fundamental theorem of algebra","Full Lecture Transcript","The lecture defined uniform continuity with a precise epsilon–delta condition. State the definition of a function \(f:S\to\mathbb{R}\) being uniformly continuous on \(S\) in terms that use only an \(\varepsilon\) and \(\delta\) that does not depend on any point of \(S\).","For every \(\varepsilon>0\) there exists a \(\delta>0\) such that for all \(x,c\in S\) with \(|x-c|<\delta\), one has \(|f(x)-f(c)|<\varepsilon\)."
"18100a-lecture-17-multicam_360p_16_9","fundamental theorem of algebra","Full Lecture Transcript","According to the theorem presented at the end of the lecture, under what circumstances are the notions of continuity and uniform continuity equivalent for a function defined on an interval \([a,b]\)?","When the domain is a closed and bounded interval (i.e., a compact set), a continuous function on that interval is uniformly continuous, and conversely a uniformly continuous function on that interval is continuous."
"18100a-lecture-17-multicam_360p_16_9","fundamental theorem of algebra","Full Lecture Transcript","How did the lecture explain the existence of at least one real root for any odd polynomial using the Intermediate Value Theorem? Summarize the key logical steps.","Because an odd–degree polynomial tends to \(+\infty\) as \(x\to+\infty\) and to \(-\infty\) as \(x\to-\infty\), continuity guarantees that for some \(c\) in the interval between these two extreme values, \(f(c)=0\); thus, the polynomial has at least one real root."
"18100a-lecture-17-multicam_360p_16_9","line","Full Lecture Transcript","In the proof of the Intermediate Value Theorem, how does the ordering of \(f(a)\) and \(f(b)\) influence the choice of the intermediate value \(y\) and ensure the existence of a point \(c\) with \(f(c)=y\)?","The theorem considers two separate cases: if \(f(a)<f(b)\) and \(y\) lies strictly between \(f(a)\) and \(f(b)\), or if \(f(a)>f(b)\) and \(y\) lies strictly between them. This ordering ensures that \(y\) is between the function values at the endpoints, allowing the construction of a sub‑interval where \(f\) takes on \(y\) and the existence of a point \(c\in(a,b)\) such that \(f(c)=y\)."
"18100a-lecture-17-multicam_360p_16_9","line","Full Lecture Transcript","According to the lecture, if \(f\) is continuous on a closed interval \([a,b]\), how does the intermediate value theorem guarantee that the image \(f([a,b])\) is also a closed interval, and what roles do the numbers \(E\) and \(D\) play in this context?","The intermediate value theorem states that for any \(y\) between \(f(a)\) and \(f(b)\) there exists \(c\in[a,b]\) with \(f(c)=y\). Taking \(E=\max_{x\in[a,b]}f(x)\) and \(D=\min_{x\in[a,b]}f(x)\), the image \(f([a,b])\) contains every value between \(D\) and \(E\). Since a continuous image of a closed interval cannot “jump–over” an intermediate value, \(f([a,b])=[D,E]\), a closed interval. Thus \(E\) and \(D\) are the absolute maximum and minimum of \(f\) on \([a,b]\)."
"18100a-lecture-17-multicam_360p_16_9","line","Full Lecture Transcript","What is the key logical distinction between the definitions of continuity and uniform continuity as presented in the lecture, especially regarding the dependence of \(\delta\) on \(\varepsilon\) and on points of the domain?","For continuity the \(\delta\) in the \(\varepsilon\)–\(\delta\) condition may depend on both the chosen \(\varepsilon\) and the specific point \(c\) at which continuity is being checked. For uniform continuity the same \(\delta\) must work for every point in the domain; it depends only on \(\varepsilon\) and is independent of the choice of \(c\)."
"18100a-lecture-17-multicam_360p_16_9","line","Full Lecture Transcript","In the argument that a continuous function on a closed interval is uniformly continuous, why is the Bolzano–Weierstrass theorem essential, and what does it provide for the sequences involved?","Because the sequences \((x_n)\) and \((c_n)\) are bounded subsets of the closed interval \([a,b]\), the Bolzano–Weierstrass theorem guarantees the existence of a convergent subsequence \((x_{n_k})\) with limit \(x\) in \([a,b]\). A corresponding subsequence \((c_{n_k})\) then converges to the same limit, and the difference \(|x_{n_k}-c_{n_k}|\) tends to zero. This convergence is crucial to derive a contradiction to the assumption that the function is not uniformly continuous."
"18100a-lecture-17-multicam_360p_16_9","line","Full Lecture Transcript","As described in the lecture, why are all polynomials differentiable everywhere, and how is the derivative of a monomial \(f(x)=\alpha x^{n}\) explicitly computed?","Polynomials are built from monomials \(\alpha x^{n}\), and the limit defining the derivative for a monomial simplifies by algebraic subtraction of powers. The quotient \(\frac{x^{n}-c^{n}}{x-c}\) factorises as \(\sum_{j=0}^{n-1}x^{\,n-1-j}c^{\,j}\). Taking the limit as \(x\to c\) gives \(\sum_{j=0}^{n-1}c^{\,n-1}=n\,c^{\,n-1}\). Multiplying by the constant \(\alpha\) yields \(\displaystyle f'(x)=n\,\alpha\,x^{\,n-1}\), showing that every polynomial is differentiable everywhere."
"18100a-lecture-17-multicam_360p_16_9","continuous at every point","Full Lecture Transcript","According to the lecture, if a function is continuous on a closed and bounded interval \([a,b]\), what can be said about the set of values it attains?","The image of a continuous function on \([a,b]\) is a closed and bounded interval; equivalently, the function achieves both an absolute maximum and an absolute minimum on that interval."
"18100a-lecture-17-multicam_360p_16_9","continuous at every point","Full Lecture Transcript","In the discussion of continuity at a point, what role does the variable \(\delta\) play in relation to \(\varepsilon\) and the point \(c\)?","For each \(\varepsilon>0\) there exists a \(\delta>0\), possibly depending on both \(\varepsilon\) and the point \(c\), such that for all \(x\) with \(|x-c|<\delta\) one has \(|f(x)-f(c)|<\varepsilon.\)"
"18100a-lecture-17-multicam_360p_16_9","continuous at every point","Full Lecture Transcript","What is the key difference between a function being continuous on a set and being uniformly continuous on the same set, as highlighted in the lecture?","A continuous function may need a different \(\delta\) for each point \(c\), whereas a uniformly continuous function has a single \(\delta\) that works uniformly for all points in the set."
"18100a-lecture-17-multicam_360p_16_9","continuous at every point","Full Lecture Transcript","The lecture provides an example of a continuous function on \((0,1]\) that is not uniformly continuous. Which function is this, and why does it fail uniform continuity?","The function \(f(x)=\frac{1}{x}\) on \((0,1]\) is continuous but not uniformly continuous because as \(x\) approaches \(0\) the values of \(f\) change very rapidly; for any chosen \(\delta>0\) we can find \(x\) and \(y\) within \(\delta\) of each other yet \(|f(x)-f(y)|\) can be made arbitrarily large."
"18100a-lecture-17-multicam_360p_16_9","continuous at every point","Full Lecture Transcript","According to the lecture, for a function defined on a closed bounded interval, continuity and uniform continuity are equivalent. What theorem statement formalizes this equivalence?","On a closed and bounded interval \([a,b]\), the statement is: A function \(f:[a,b]\to\mathbb{R}\) is continuous on \([a,b]\) if and only if it is uniformly continuous on \([a,b]\)."
"18100a-lecture-17-multicam_360p_16_9","degree","Full Lecture Transcript","In the discussion of the Intermediate Value Theorem, why does a continuous function \(f:[a,b]\to\mathbb{R}\) guarantee that, for every \(y\) such that \(f(a)\le y\le f(b)\) (or \(f(b)\le y\le f(a)\)), there exists a point \(c\in[a,b]\) with \(f(c)=y\)? What logical steps are used to reach this conclusion?","The theorem assumes that \(f\) is continuous on \([a,b]\).  Take any \(y\) with \(f(a)\le y\le f(b)\) (the other ordering is analogous).  By continuity, for each \(\varepsilon>0\) there exists \(\delta>0\) such that whenever \(|x-c|<\delta\) we have \(|f(x)-f(c)|<\varepsilon\).  Choosing \(c=a\) gives \(f(a)\le y+\varepsilon\) for arbitrarily small \(\varepsilon\), and choosing \(c=b\) gives \(y-\varepsilon\le f(b)\).  This guarantees that the graph of \(f\) cannot jump over the horizontal line \(y\); therefore there must be a point \(c\in[a,b]\) where the graph actually meets that line, i.e. \(f(c)=y\).  The argument uses the ordering of real numbers and the definition of continuity to preclude a discontinuous “gap” in the image of the interval."
"18100a-lecture-17-multicam_360p_16_9","degree","Full Lecture Transcript","The lecture presents an example that shows the necessity of continuity in the Intermediate Value Theorem. Describe that counter‑example and explain precisely why continuity cannot be omitted.","The lecture gives the piece‑wise function \(f(x)=x-1\) for \(x\neq 1\) and \(f(1)=\frac12\).  On the interval \([0,2]\) one has \(f(0)=-1<0\) and \(f(2)=1>0\), yet the equation \(f(x)=0\) has no solution in \([0,2]\) because \(f(x)=x-1\) equals zero only at \(x=1\), where the function is defined to be \(1/2\).  This shows that if the function is not continuous on \([a,b]\), the intermediate value conclusion may fail."
"18100a-lecture-17-multicam_360p_16_9","degree","Full Lecture Transcript","What is the formal definition of uniform continuity given in the lecture, and how does it contrast with the usual definition of continuity in terms of the dependence of \(\delta\) on \(\varepsilon\) and the point \(c\)?","Uniform continuity is defined as: for every \(\varepsilon>0\) there exists a \(\delta>0\) such that **for all** \(x,c\) in the domain, \(|x-c|<\delta\) implies \(|f(x)-f(c)|<\varepsilon\).  In ordinary continuity the \(\delta\) may depend on the specific point \(c\): for each \(c\) and each \(\varepsilon>0\) one can find a \(\delta(c,\varepsilon)\).  Uniform continuity requires the same \(\delta\) to work for the whole domain simultaneously, removing the point‑wise dependence present in the ordinary definition."
"18100a-lecture-17-multicam_360p_16_9","degree","Full Lecture Transcript","According to the lecture, a continuous function on a closed and bounded interval is equivalent to a uniformly continuous function on the same interval. Outline the key idea of the proof (or the logical reasoning) that leads to this equivalence.","The proof in the lecture uses a contradiction together with the negation of the uniform continuity definition.  Assume \(f\) is continuous on \([a,b]\) but not uniformly continuous.  Then there exists an \(\varepsilon_0>0\) and sequences \((x_n),(c_n)\subset[a,b]\) with \(|x_n-c_n|<1/n\) yet \(|f(x_n)-f(c_n)|\ge\varepsilon_0\).  By compactness of \([a,b]\), subsequences of \((x_n)\) and \((c_n)\) converge to the same point \(c\).  Continuity of \(f\) at \(c\) forces \(|f(x_n)-f(c_n)|\to0\), contradicting the lower bound \(\varepsilon_0\).  Hence \(f\) must be uniformly continuous."
"18100a-lecture-17-multicam_360p_16_9","degree","Full Lecture Transcript","How is the Bolzano–Weierstrass theorem employed in the lecture to establish that a continuous function on a closed interval is uniformly continuous? Summarize the argument that uses sequences and subsequences.","The Bolzano–Weierstrass theorem guarantees that any bounded sequence has a convergent subsequence.  In the proof of uniform continuity above, the sequences \((x_n)\) and \((c_n)\) lie in the closed and bounded interval \([a,b]\); therefore each has a convergent subsequence.  By extracting a common subsequence that agrees for both \((x_n)\) and \((c_n)\), one obtains a pair of sequences converging to the same limit point.  This convergence, together with the continuity of \(f\) at that limit, yields the required contradiction.  Thus BW provides the compactness step that turns the pointwise failure of uniform continuity into a global contradiction."
"18100a-lecture-17-multicam_360p_16_9","limit","Full Lecture Transcript","In the lecture, under what condition on a real number \(y\) does a continuous function \(f\) defined on \([a,b]\) guarantee the existence of a point \(c\in(a,b)\) such that \(f(c)=y\)?","The number \(y\) must lie strictly between \(f(a)\) and \(f(b)\); that is, either \(f(a)<y<f(b)\) or \(f(b)<y<f(a)\). Then there exists \(c\in(a,b)\) with \(f(c)=y\)."
"18100a-lecture-17-multicam_360p_16_9","limit","Full Lecture Transcript","What did the discussion state about the image of a closed and bounded interval under a continuous function \(f:\,[a,b]\to\mathbb{R}\)?","The image is itself a closed and bounded interval. The absolute maximum of \(f\) is attained at one endpoint, and the absolute minimum at the other endpoint, so \(f([a,b])=[\,\min f,\max f\,]\)."
"18100a-lecture-17-multicam_360p_16_9","limit","Full Lecture Transcript","How was the bisection method described as a consequence of the Intermediate Value Theorem when applied to odd polynomials?","An odd polynomial satisfies \(f(-x)=-f(x)\); for sufficiently large \(M>0\) we have \(f(-M)<0<f(M)\). The Intermediate Value Theorem then guarantees a root in \((-M,M)\), which is precisely the bisection (root‑finding) method."
"18100a-lecture-17-multicam_360p_16_9","limit","Full Lecture Transcript","According to the definitions given, what is the key difference between continuity at a point and uniform continuity on a set \(S\subseteq\mathbb{R}\)?","Continuity at a point \(c\) requires: for every \(\epsilon>0\) there exists a \(\delta>0\) (possibly depending on \(c\)) such that \(|x-c|<\delta\) implies \(|f(x)-f(c)|<\epsilon\). Uniform continuity on \(S\) requires a single \(\delta>0\) that works for all \(c\in S\) simultaneously for the given \(\epsilon\)."
"18100a-lecture-17-multicam_360p_16_9","limit","Full Lecture Transcript","In the proof that a continuous function on a closed interval is uniformly continuous, how do the Bolzano–Weierstrass theorem and subsequences contribute to the contradiction argument?","Assuming the function is not uniformly continuous yields, for some fixed \(\varepsilon>0\), a sequence of point pairs \((x_n,c_n)\) with \(|x_n-c_n|\to0\) but \(|f(x_n)-f(c_n)|\ge\varepsilon\). By Bolzano–Weierstrass, the bounded sequences \((x_n)\) and \((c_n)\) each have convergent subsequences; taking matching subsequences gives a limit point \(c\) where \(|f(x_n)-f(c_n)|\) should tend to \(0\) by continuity at \(c\), contradicting the fixed \(\varepsilon\)."
"18100a-lecture-17-multicam_360p_16_9","curve","Full Lecture Transcript","In the lecture, why was it concluded that any odd polynomial must have at least one real root?","Because an odd polynomial with leading coefficient \(>0\) satisfies \(\lim_{x\to\infty}f(x)=+\infty\) and \(\lim_{x\to-\infty}f(x)=-\infty\).  Thus the function takes values of opposite sign at the two ends of the real line.  By continuity on \(\mathbb{R}\), the Intermediate Value Theorem guarantees that there is some \(c\) with \(f(c)=0\); hence every odd polynomial has a real root."
"18100a-lecture-17-multicam_360p_16_9","curve","Full Lecture Transcript","According to the discussion, what distinguishes a uniformly continuous function from a merely continuous function on a set?","A uniformly continuous function has an \(\varepsilon\)–\(\delta\) bound where the chosen \(\delta\) depends only on \(\varepsilon\), not on the particular point \(c\) in the domain.  For ordinary continuity, \(\delta\) may be required to depend on both \(\varepsilon\) and the point \(c\)."
"18100a-lecture-17-multicam_360p_16_9","curve","Full Lecture Transcript","Based on the lecture, under what specific circumstances does a continuous function on a given interval also possess uniform continuity?","When the interval is closed and bounded (compact), every continuous function on that interval automatically becomes uniformly continuous.  The lecture proved this by showing the converse implication fails only when the domain is not compact."
"18100a-lecture-17-multicam_360p_16_9","curve","Full Lecture Transcript","In the proof that continuous on \([a,b]\) implies uniformly continuous, why is the Bolzano–Weierstrass theorem invoked?","The proof starts by assuming a counter‑example to uniform continuity, producing for each \(n\) two points \(x_n, c_n\) with \(|x_n-c_n|<1/n\) but \(|f(x_n)-f(c_n)|\ge\varepsilon_0\).  Since \(\{x_n\}\) and \(\{c_n\}\) lie in the compact interval \([a,b]\), the Bolzano–Weierstrass theorem gives convergent subsequences.  Taking limits and using continuity at the common limit leads to \(\varepsilon_0=0\), a contradiction.  Thus the assumption is false."
"18100a-lecture-17-multicam_360p_16_9","curve","Full Lecture Transcript","According to the lecture, how is the derivative of the monomial \(f(x)=\alpha x^n\) obtained, and what is its value at any point \(c\)?","Starting with \(f(x)=\alpha x^n\), one uses the factorisation \(x^n-c^n=(x-c)(x^{\,n-1}+x^{\,n-2}c+\dots +c^{\,n-1})\).  Dividing by \(x-c\) and taking the limit as \(x\to c\) gives the derivative \(f'(c)=\lim_{x\to c}\alpha\frac{x^n-c^n}{x-c}
   =\alpha\bigl(n\,c^{\,n-1}\bigr)\).  Thus for every \(c\in\mathbb{R}\), \(f'(c)=n\,\alpha\,c^{\,n-1}\)."
"18100a-lecture-17-multicam_360p_16_9","another closed and bounded interval","Full Lecture Transcript","In the lecture, how does the image of a closed and bounded interval under a continuous function guarantee that the function attains its absolute maximum and minimum within that interval?","The lecture notes explain that the image of a closed and bounded interval under a continuous function is again a closed and bounded interval. This closedness ensures that the function must achieve its least upper bound and greatest lower bound on that interval; thus there exist points \(x\) and \(y\) in the domain where \(f(x)\) is the absolute maximum and \(f(y)\) is the absolute minimum."
"18100a-lecture-17-multicam_360p_16_9","another closed and bounded interval","Full Lecture Transcript","What is the exact form of the negation of the definition of uniform continuity that is used in the proof that every continuous function on a closed interval is uniformly continuous?","The negation states that there exists a number \(\varepsilon_0>0\) such that for every \(\delta>0\) one can find points \(x_\delta,\,c_\delta\) in the domain with \(|x_\delta-c_\delta|<\delta\) but \(|f(x_\delta)-f(c_\delta)|\ge \varepsilon_0\)."
"18100a-lecture-17-multicam_360p_16_9","another closed and bounded interval","Full Lecture Transcript","Why does the function \(f(x)=\frac{1}{x}\) defined on the interval \((0,1)\) fail to be uniformly continuous while remaining continuous?","Because as \(x\) approaches \(0\) from the right, \(\frac{1}{x}\) grows without bound. For any fixed \(\delta>0\) one can choose two points \(x\) and \(c\) that are very close (less than \(\delta\) apart) but with \(f(x)\) and \(f(c)\) differing by more than any prescribed \(\varepsilon>0\). Thus no single \(\delta\) works for all points, violating uniform continuity."
"18100a-lecture-17-multicam_360p_16_9","another closed and bounded interval","Full Lecture Transcript","During the proof that continuity on a closed and bounded interval implies uniform continuity, how is the Bolzano–Weierstrass theorem employed?","The theorem is used to extract convergent subsequences from the sequences \(\{x_n\}\) and \(\{c_n\}\) (both contained in the closed interval). Their limits are shown to coincide, contradicting the assumption that \(|f(x_n)-f(c_n)|\) stays above a fixed \(\varepsilon_0\). This contradiction establishes uniform continuity."
"18100a-lecture-17-multicam_360p_16_9","another closed and bounded interval","Full Lecture Transcript","What is the precise equivalence statement between continuity and uniform continuity for functions defined on a closed, bounded interval as described in the lecture?","For a function \(f:[a,b]\to\mathbb{R}\) the statement is: \(f\) is continuous on \([a,b]\) if and only if \(f\) is uniformly continuous on \([a,b]\)."
"18100a-lecture-17-multicam_360p_16_9","subsequence","Full Lecture Transcript","In the discussion of the Intermediate Value Theorem, when a continuous function \(f\) is defined on a closed interval \([a,b]\) and a value \(y\) lies strictly between \(f(a)\) and \(f(b)\), what does the theorem guarantee about \(y\)?","There exists at least one point \(c\) in the interval, \(c\in(a,b)\) (or \([a,b]\)), such that \(f(c)=y\)."
"18100a-lecture-17-multicam_360p_16_9","subsequence","Full Lecture Transcript","The lecture mentioned that the image of a closed and bounded interval under a continuous function is again a closed bounded interval. What are the two extreme values that form the endpoints of this image interval? ","The maximum value \(e=\max_{x\in[a,b]}f(x)\) and the minimum value \(d=\min_{x\in[a,b]}f(x)\); thus the image is the closed interval \([d,e]\)."
"18100a-lecture-17-multicam_360p_16_9","subsequence","Full Lecture Transcript","A modified version of the epsilon–delta definition was introduced to capture uniform continuity. How does this new definition change the role of \(\delta\) compared to ordinary continuity?","In uniform continuity, for each \(\varepsilon>0\) one must find a single \(\delta>0\) that works for **all** points \(c\) in the domain; \(\delta\) no longer depends on the particular point."
"18100a-lecture-17-multicam_360p_16_9","subsequence","Full Lecture Transcript","The function \(f(x)=\frac{1}{x}\) on the open interval \((0,1)\) was cited as an example that is continuous but not uniformly continuous. According to the lecture, why does this function fail to be uniformly continuous on \((0,1)\)?","As \(x\) approaches \(0^+\), \(f(x)\) becomes arbitrarily large. For any chosen \(\delta>0\) we can pick two points \(x\) and \(c\) within \(\delta\) of each other but both very close to \(0\) so that \(|f(x)-f(c)|\) exceeds any prescribed \(\varepsilon>0\); thus the uniform \(\varepsilon\)–\(\delta\) condition cannot be satisfied."
"18100a-lecture-17-multicam_360p_16_9","subsequence","Full Lecture Transcript","A key theorem connects continuity and uniform continuity on closed intervals. According to the lecture, under what condition on the domain does continuity become equivalent to uniform continuity?","When the domain is a closed and bounded (compact) interval \([a,b]\) – or more generally any compact set – continuity of \(f\) on that domain is equivalent to uniform continuity."
"18100a-lecture-18-multicam_360p_16_9","absolute value","Full Lecture Transcript","According to the lecture, how is the derivative of a function \(f\) at a point \(c\) defined using a limit?","It is defined as \\(f'(c)=\\displaystyle\\lim_{x\\to c}\\frac{f(x)-f(c)}{x-c}\\) provided this limit exists."
"18100a-lecture-18-multicam_360p_16_9","absolute value","Full Lecture Transcript","What immediate consequence does the lecture state that follows if a function is differentiable at a point? Provide the logical implication.","If \\(f\\) is differentiable at \\(c\\), then \\(f\\) is continuous at \\(c\\)."
"18100a-lecture-18-multicam_360p_16_9","absolute value","Full Lecture Transcript","Which specific function is cited as a counterexample that is continuous everywhere but not differentiable at \(c=0\), and what sequence is used to show the failure of differentiability?","The function is \\(f(x)=|x|\\).  The sequence \\(x_n=(-1)^n/n\\) with \\(x_n\neq0\\) and \\(x_n\\to0\\) is used; the difference quotient equals \\(\\pm1\\), so the limit does not exist."
"18100a-lecture-18-multicam_360p_16_9","absolute value","Full Lecture Transcript","In proving that the Weierstrass function \(f(x)=\displaystyle\sum_{k=0}^{\infty}\frac{\cos(160^k x)}{4^k}\) is continuous, what main property of the series is used first, and how is the bound \(4/3\) obtained?","One first shows absolute convergence by observing \\(|\\cos(160^k x)/4^k|\\le1/4^k\\).  Summing the geometric series gives \\(\sum_{k=0}^{\\infty}\\frac1{4^k}=\\frac{4}{3}\\), so every partial sum is bounded by \\(4/3\\)."
"18100a-lecture-18-multicam_360p_16_9","absolute value","Full Lecture Transcript","In the lecture, a specific inequality involving three real numbers \(A,B,C\) is mentioned. State this inequality and explain how it is used in the proof of continuity of the Weierstrass function.","The inequality is \\(|A+B+C|\\ge |A|-|B|-|C|\\).  In the continuity proof it is applied to the difference of partial sums of the series, allowing an estimate of the tail of the series in terms of the first few terms, which guarantees that the sequence of partial sums can be made arbitrarily close and thus the function is continuous."
"18100a-lecture-18-multicam_360p_16_9","cosine","Full Lecture Transcript","According to the lecture, how is the derivative of a function \(F:I\to\mathbb{R}\) defined at a point \(c\in I\)? What limit expression is required to exist, and how is the derivative denoted?","The derivative of \(F\) at a point \(c\) is defined by the limit\n\[
F'(c)=\lim_{x\to c}\frac{F(x)-F(c)}{\,x-c\,},
\]\nprovided this limit exists. In that case one writes \(F'(c)=L\)."
"18100a-lecture-18-multicam_360p_16_9","cosine","Full Lecture Transcript","In the same lecture the definition of the derivative is reformulated using sequences. State this equivalent characterization: for a given limit \(L\), what condition must hold for every sequence \(\{x_n\}\subset I\) with \(x_n\neq c\) and \(x_n\to c\)?","The equivalent sequence characterization is: for a given number \(L\), \(F'(c)=L\) iff for every sequence \(\{x_n\}\subset I\) with \(x_n\neq c\) for all \(n\) and \(x_n\to c\) we have\n\[
\lim_{n\to\infty}\frac{F(x_n)-F(c)}{x_n-c}=L.
\]"
"18100a-lecture-18-multicam_360p_16_9","cosine","Full Lecture Transcript","The lecturer proves that differentiability at a point implies continuity at that point. What is the key limit decomposition used in this proof, and which properties of limits are invoked to justify that the limit of \(f(x)\) as \(x\to c\) equals \(f(c)\)?","The proof writes\n\[
\lim_{x\to c}F(x)=\lim_{x\to c}\Bigl[\frac{F(x)-F(c)}{x-c}\cdot(x-c)+F(c)\Bigr].
\]\nSince \(x\to c\) implies \(\frac{F(x)-F(c)}{x-c}\to F'(c)\) and \(x-c\to0\), the product tends to \(F'(c)\cdot0=0\).  Adding the constant \(F(c)\) gives \(\lim_{x\to c}F(x)=F(c)\).  The argument uses the limit laws for sums, products, and constants."
"18100a-lecture-18-multicam_360p_16_9","cosine","Full Lecture Transcript","A counterexample to the converse statement (continuity does not imply differentiability) is given. What function is used, at which point is it considered, and what sequence is constructed to show the difference quotient has no limit?","The counterexample is \(f(x)=|x|\), considered at the point \(c=0\).  A convenient sequence is \(x_n=(-1)^n/n\) (any sequence alternating in sign and approaching \(0\) works).  For this sequence the difference quotient equals \(\frac{|x_n|-|0|}{x_n-0}=\frac{|x_n|}{x_n}=\pm1\), which oscillates and has no limit, proving that \(f\) is not differentiable at \(0\)."
"18100a-lecture-18-multicam_360p_16_9","cosine","Full Lecture Transcript","For the Weierstrass function \(f(x)=\displaystyle\sum_{k=0}^{\infty}\frac{\cos(160^k x)}{4^k}\), the lecturer shows that it is bounded. State the inequality that bounds the absolute value of each term, sum over \(k\), and give the resulting upper bound for \(|f(x)|\).","Each term satisfies \(\left|\frac{\cos(160^k x)}{4^k}\right|\le\frac{1}{4^k}\) because \(|\cos(\theta)|\le1\).  Hence\n\[
|f(x)|\le\sum_{k=0}^{\infty}\frac{1}{4^k}=\frac{1}{1-1/4}=\frac{4}{3}\,.
\]  Thus \(|f(x)|<\frac{4}{3}\) for every real \(x\)."
"18100a-lecture-18-multicam_360p_16_9","limit","Full Lecture Transcript","What is the definition of differentiability of a real‑valued function \(f\) at a point \(c\) in an interval \(I\) as it was introduced in the lecture?","A function \(f:I\to\mathbb{R}\) is differentiable at a point \(c\in I\) if the limit\n\[\lim_{x\to c}\frac{f(x)-f(c)}{x-c}\]\nexists; this limit, when it exists, is denoted \(f'(c)\)."
"18100a-lecture-18-multicam_360p_16_9","limit","Full Lecture Transcript","According to the lecture, how can differentiability at a point \(c\) be characterized using sequences?","A function \(f\) is differentiable at \(c\) with derivative \(L\) iff for every sequence \((x_n)\) that converges to \(c\) and satisfies \(x_n\neq c\) for all \(n\), we have\n\[\lim_{n\to\infty}\frac{f(x_n)-f(c)}{x_n-c}=L.\]"
"18100a-lecture-18-multicam_360p_16_9","limit","Full Lecture Transcript","Which logical step was used in the lecture to prove that if a function is differentiable at a point \(c\), then it must be continuous at \(c\)?","The proof rewrote \(\displaystyle\lim_{x\to c}f(x)\) as \(\displaystyle\lim_{x\to c}f(c)+\frac{f(x)-f(c)}{x-c}(x-c)\) and used the fact that \((x-c)\to0\) while the quotient tends to \(f'(c)\); the product thus tends to zero, yielding \(\lim_{x\to c}f(x)=f(c)\)."
"18100a-lecture-18-multicam_360p_16_9","limit","Full Lecture Transcript","Which concrete function was given as a counterexample to show that continuity does not imply differentiability at a point?","The lecture mentioned \(f(x)=|x|\), which is continuous at every point—including \(c=0\)—but is not differentiable at \(c=0\)."
"18100a-lecture-18-multicam_360p_16_9","limit","Full Lecture Transcript","What is the main idea behind the construction of the Weierstrass function that is continuous everywhere but nowhere differentiable?","The Weierstrass function is built as an infinite sum of highly oscillatory cosine terms with rapidly decreasing amplitudes; the oscillations persist at arbitrarily small scales, preventing the existence of a tangent (derivative) at any point, thus giving a function that is continuous everywhere but differentiable nowhere."
"18100a-lecture-18-multicam_360p_16_9","implication","Full Lecture Transcript","In the lecture, how is the derivative \(f'(c)\) of a function \(f\colon I\to\mathbb{R}\) at a point \(c\in I\) defined in terms of a limit?","The derivative is defined by the limit\n\\[
f'(c)=\\lim_{x\\to c}\\frac{f(x)-f(c)}{x-c},
\\] provided this limit exists."
"18100a-lecture-18-multicam_360p_16_9","implication","Full Lecture Transcript","According to the discussion, what is the equivalent sequence characterization that a function \(f\) is differentiable at \(c\) with derivative \(L\)?","It states that \(f\) is differentiable at \(c\) with derivative \(L\) iff\n\\[
\\forall\\,(x_n)_{n\\in\\mathbb{N}},\\;x_n\\neq c\\ \\forall n,\\ x_n\\to c\\implies \\lim_{n\\to\\infty}\\frac{f(x_n)-f(c)}{x_n-c}=L.
\\]"
"18100a-lecture-18-multicam_360p_16_9","implication","Full Lecture Transcript","What implication about differentiability and continuity was proved, and what exactly does it assert for a function \(f\) on an interval \(I\)?","The lecture proved: if \(f\\colon I\\to\\mathbb{R}\) is differentiable at \(c\\in I\), then \(f\) is continuous at \(c\); that is, \\(\\displaystyle\\lim_{x\\to c}f(x)=f(c).\\)"
"18100a-lecture-18-multicam_360p_16_9","implication","Full Lecture Transcript","Which specific function was used as a counter‑example to show that continuity does not imply differentiability, and what property does it fail at the point \(c=0\)?","The function used was \(f(x)=|x|\).  It is continuous at every point, but at \(c=0\) the two one‑sided limits of the difference quotient are \(-1\) and \(+1\), so the derivative does not exist at \(0\)."
"18100a-lecture-18-multicam_360p_16_9","implication","Full Lecture Transcript","How does the lecture justify that the Weierstrass function \(f(x)=\displaystyle\sum_{k=0}^{\infty}\frac{\cos(160k\,x)}{4^{k}}\) is continuous everywhere?","Because the series is absolutely convergent for every \(x\) (each term is bounded by \(4^{-k}\) and \\(\\sum_{k\\ge0}4^{-k}=4/3\\)), the partial sums form a uniformly convergent sequence of continuous functions.  By the sequence characterization of continuity, every subsequence \(x_n\\to c\) yields \\(f(x_n)\\to f(c)\), so \(f\) is continuous at every real number."
"18100a-lecture-18-multicam_360p_16_9","difference","Full Lecture Transcript","In the lecture, how is the derivative of a function \(f\) at a point \(c \in I\) defined using a limit?","The derivative is  
        \[
        f'(c)=\lim_{x\to c}\frac{f(x)-f(c)}{x-c},
        \]
        provided this limit exists and is called \(f'(c)\)."
"18100a-lecture-18-multicam_360p_16_9","difference","Full Lecture Transcript","According to the sequence characterization presented, what condition must hold for every sequence \((x_n)\) converging to \(c\) in order for \(f\) to be differentiable at \(c\) with derivative \(L\)?","For every sequence \((x_n)\) with \(x_n\neq c\) and \(x_n\to c\), we must have  
        \[
        \lim_{n\to\infty}\frac{f(x_n)-f(c)}{x_n-c}=L.
        \]"
"18100a-lecture-18-multicam_360p_16_9","difference","Full Lecture Transcript","Which step in the proof that differentiability implies continuity makes use of the fact that \((x-c)/(x-c)=1\) for \(x\neq c\) and the limit properties of products?","The proof rewrites \(f(x)-f(c)\) as  
        \[
        \bigl(f(x)-f(c)\bigr)\frac{x-c}{\,x-c\,},
        \]
        then uses that \(\lim_{x\to c}(x-c)=0\), \(\lim_{x\to c}\frac{f(x)-f(c)}{x-c}=f'(c)\), and the product rule for limits to show the limit of \(f(x)\) is \(f(c)\)."
"18100a-lecture-18-multicam_360p_16_9","difference","Full Lecture Transcript","Which function was cited as a counter‑example to the converse statement that continuity implies differentiability, and at which point is it continuous but not differentiable?","The function \(f(x)=|x|\) is continuous at \(c=0\) but not differentiable at that point."
"18100a-lecture-18-multicam_360p_16_9","difference","Full Lecture Transcript","What is a convenient sequence \((x_n)\) that, when plugged into the difference quotient for \(f(x)=|x|\) at \(c=0\), shows that the limit does not exist?","A classic choice is \(x_n=(-1)^n/n\); then \(\frac{|x_n|-|0|}{x_n-0}=\frac{|x_n|}{x_n}=(-1)^n\), which oscillates and thus has no limit."
"18100a-lecture-18-multicam_360p_16_9","Weierstrass ring","Full Lecture Transcript","According to the lecture, give the definition of differentiability of a real‑valued function \(f\) at a point \(c\) in terms of a limit of the difference quotient.","The function \(f\colon I\to\mathbb{R}\) is differentiable at \(c\in I\) if there exists a number \(L\) such that\n\n\\[\\lim_{x\\to c}\\frac{\,f(x)-f(c)}{x-c}=L,\\]\n\nand we denote this derivative by \\(f'(c)=L\\)."
"18100a-lecture-18-multicam_360p_16_9","Weierstrass ring","Full Lecture Transcript","According to the lecture, restate the condition for differentiability at a point \(c\) using sequences that converge to \(c\).","The limit definition is equivalent to the following: \(f\) is differentiable at \(c\) with derivative \(L\) iff for **every** sequence \((x_n)_{n\\in\\mathbb{N}}\) with \(x_n\\neq c\) for all \(n\) and \(x_n\\to c\), one has\n\n\\[\\lim_{n\\to\\infty}\\frac{f(x_n)-f(c)}{x_n-c}=L.\\]"
"18100a-lecture-18-multicam_360p_16_9","Weierstrass ring","Full Lecture Transcript","According to the lecture, state the implication that follows from differentiability with respect to continuity at the same point.","If \(f\) is differentiable at \(c\), then \(f\) is continuous at \(c\); that is, differentiability implies continuity at the same point."
"18100a-lecture-18-multicam_360p_16_9","Weierstrass ring","Full Lecture Transcript","According to the lecture, name the function that is continuous at \(c=0\) but not differentiable there, and explain the key reason it fails to be differentiable at \(0\) using a suitable sequence.","The counterexample is \(f(x)=|x|\).  For \(c=0\) the right‑hand and left‑hand limits of the difference quotient are \(1\) and \(-1\), respectively.  Taking the sequence \(x_n=(-1)^n/n\) (which tends to 0) gives the difference quotients \((-1)^n\), which have no limit—hence \(f\) is not differentiable at 0."
"18100a-lecture-18-multicam_360p_16_9","Weierstrass ring","Full Lecture Transcript","According to the lecture, write down the explicit Weierstrass function that is continuous on \(\mathbb{R}\) but nowhere differentiable, and summarize the main ideas behind its construction and proof of non‑differentiability.","The Weierstrass function is\n\n\\[\\displaystyle\\Phi(x)=\\sum_{k=0}^{\\infty}\\frac{\\cos(160^{\,k}x)}{4^{\,k}},\\]\n\ndefined for all \(x\\in\\mathbb{R}\).  Each term oscillates rapidly on intervals of length \(2\\pi/160^{\,k}\); the amplitudes \(1/4^{\,k}\) are small enough to keep the series uniformly convergent, guaranteeing continuity everywhere.  To show non‑differentiability, one constructs for an arbitrary point \(c\) a sequence \((x_n)\) with\n\n\\[c+\\frac{\\pi}{160^{\,n}}<x_n<c+\\frac{3\\pi}{160^{\,n}},\\]\n\nfor which the difference quotients \((\\Phi(x_n)-\\Phi(c))/(x_n-c)\) become unbounded as \(n\\to\\infty\).  The rapid oscillation of the cosine terms forces the quotients to oscillate between large positive and large negative values, precluding the existence of a derivative at any point."
"18100a-lecture-18-multicam_360p_16_9","periodicity","Full Lecture Transcript","In the lecture, how is differentiability at a point \(c\) defined using limits of difference quotients?","Differentiability at a point \(c\) is defined by the existence of the limit \(\displaystyle \lim_{x\to c} \frac{f(x)-f(c)}{\,x-c\,}\). When this limit exists, it is denoted \(f'(c)\)."
"18100a-lecture-18-multicam_360p_16_9","periodicity","Full Lecture Transcript","Can you explain the equivalence between the limit definition of the derivative and the sequence characterization presented?","The lecture showed that \(f\) is differentiable at \(c\) with derivative \(L\) iff for every sequence \((x_n)\) with \(x_n\neq c\) and \(x_n\to c\), the sequence \(\displaystyle \frac{f(x_n)-f(c)}{x_n-c}\) converges to \(L\). This uses the equivalence of limits of functions and limits of sequences."
"18100a-lecture-18-multicam_360p_16_9","periodicity","Full Lecture Transcript","According to the discussion, why does a differentiable function at \(c\) necessarily imply continuity at \(c\)?","If \(f\) is differentiable at \(c\), then \(f(x)=f'(c)(x-c)+f(c)\) for \(x\neq c\). Taking the limit as \(x\to c\) gives \(\displaystyle \lim_{x\to c} f(x)=f(c)\), which is precisely continuity at \(c\)."
"18100a-lecture-18-multicam_360p_16_9","periodicity","Full Lecture Transcript","What specific counterexample is provided to show that continuity does not guarantee differentiability?","The lecture gave the example \(f(x)=|x|\) at the point \(c=0\). The function is continuous everywhere, but the difference quotient \(\frac{|x|}{x}\) has different limits from the left and right, so the derivative at \(0\) does not exist."
"18100a-lecture-18-multicam_360p_16_9","periodicity","Full Lecture Transcript","Briefly describe the key idea behind the Weierstrass function constructed in the lecture to illustrate a continuous nowhere differentiable function.","The lecture constructed the function \(\displaystyle f(x)=\sum_{k=0}^{\infty}\frac{1}{4^{k}}\cos(160^{\,k}x)\). By absolute convergence the series defines a continuous function. Each term oscillates wildly on smaller and smaller intervals, so the cumulative effect produces a function that is continuous everywhere yet differentiable nowhere."
"18100a-lecture-18-multicam_360p_16_9","comparison theorem","Full Lecture Transcript","According to the lecture, how is the derivative \(f'(c)\) defined as a limit, and what symbols are used to denote this limit?","The derivative is defined by \\(f'(c) = \\lim_{x\\to c}\\frac{f(x)-f(c)}{x-c}\\), and this limit (when it exists) is denoted by \\(f'(c)\\)."
"18100a-lecture-18-multicam_360p_16_9","comparison theorem","Full Lecture Transcript","In terms of sequences, what condition must hold for every sequence \((x_n)\) with \(x_n\neq c\) and \(x_n\to c\) to ensure \(f\) is differentiable at \(c\) with derivative \(L\)? Provide the limit expression.","For differentiability at \(c\) with derivative \(L\) it must hold that for every sequence \\((x_n)\\) with \\(x_n\\neq c\\) and \\(x_n\\to c\\), \\(L = \\lim_{n\\to\\infty}\\frac{f(x_n)-f(c)}{x_n-c}\\)."
"18100a-lecture-18-multicam_360p_16_9","comparison theorem","Full Lecture Transcript","What main step in the proof shows that if \(f\) is differentiable at a point \(c\), then \(f\) is continuous at \(c\), using limit operations? Summarize the key manipulation.","The argument rewrites \\(f(x)-f(c) = \\left(\\frac{f(x)-f(c)}{x-c}\\right)(x-c)\\). Taking the limit as \(x\\to c\), the first factor tends to \(f'(c)\) and the second factor tends to \(0\); thus the product tends to \(f(c)\), proving continuity."
"18100a-lecture-18-multicam_360p_16_9","comparison theorem","Full Lecture Transcript","Which function does the lecture mention as a continuous function that is not differentiable at \(c=0\), and what is the behavior of its difference quotient along the sequence \(x_n = (-1)^n/n\)?","The function is \\(f(x)=|x|\\). For the sequence \\(x_n=(-1)^n/n\\), the difference quotient \\(\\frac{|x_n|-|0|}{x_n-0}=\\frac{|x_n|}{x_n}=(-1)^n\\), which oscillates and has no limit."
"18100a-lecture-18-multicam_360p_16_9","comparison theorem","Full Lecture Transcript","Define the Weierstrass function \(f(x)\) discussed in the lecture and state why its defining series converges absolutely for all real \(x\). Give the bound of \(|f(x)|\).","The Weierstrass function is \\(f(x)=\\sum_{k=0}^{\\infty}\\frac{1}{4^{\,k}}\\cos(160k\,x)\\). Its terms satisfy \\(|\\frac{1}{4^{\,k}}\cos(160k\,x)|\\le \\frac{1}{4^{\,k}}\\), and because \\(\\sum_{k=0}^{\\infty}\\frac{1}{4^{\,k}}=\\frac{4}{3}\\), the series converges absolutely for every real \(x\\). Consequently \\(|f(x)|\\le\\frac{4}{3}\\)."
"18100a-lecture-18-multicam_360p_16_9","triangle inequality theorem","Full Lecture Transcript","According to the lecture, how is differentiability at a point \(c\) defined in terms of a limit involving the difference quotient?","A function \(f\) is differentiable at a point \(c\) if the limit \(\displaystyle \lim_{x\to c}\frac{f(x)-f(c)}{x-c}\) exists; this limit is denoted \(f'(c)\)."
"18100a-lecture-18-multicam_360p_16_9","triangle inequality theorem","Full Lecture Transcript","In the lecture the equivalence between function limits and sequence limits is used to characterize differentiability. State this equivalence explicitly for a function \(f\) and point \(c\).","The lecture states that \(f\) is differentiable at \(c\) with derivative \(L\) if and only if for every sequence \((x_n)_{n\in\mathbb{N}}\) satisfying \(x_n\neq c\) for all \(n\) and \(\lim_{n\to\infty}x_n=c\), one has \(\displaystyle \lim_{n\to\infty}\frac{f(x_n)-f(c)}{x_n-c}=L\)."
"18100a-lecture-18-multicam_360p_16_9","triangle inequality theorem","Full Lecture Transcript","What key property of the function \(f(x)=|x|\) is illustrated in the lecture to show that continuity does not imply differentiability, and which sequence is used to demonstrate this?","The function \(f(x)=|x|\) is continuous at \(c=0\) but not differentiable there. The sequence used is \(x_n=(-1)^n/n\), which alternates signs; the corresponding difference quotients oscillate between \(-1\) and \(1\), so the limit does not exist."
"18100a-lecture-18-multicam_360p_16_9","triangle inequality theorem","Full Lecture Transcript","Explain, based on the lecture, the informal motivation behind the construction of the Weierstrass function and the main idea behind its oscillatory behaviour.","The lecture explains that the Weierstrass function is built from terms \(\frac{\cos(160^{k}x)}{4^{k}}\). Each term oscillates rapidly on a small interval, and these oscillations become finer and finer as \(k\) increases. The intuitive idea is to create a function that is highly oscillatory at every scale, thereby preventing the existence of a tangent line (i.e., a derivative) anywhere."
"18100a-lecture-18-multicam_360p_16_9","triangle inequality theorem","Full Lecture Transcript","Summarize the main steps demonstrated in the lecture that establish the continuity of the Weierstrass function, including the bound that is computed.","The lecture first shows that the series \(\sum_{k=0}^{\infty}\frac{\cos(160^{k}x)}{4^{k}}\) converges absolutely because \(|\cos(\cdot)|\le1\), giving \(\sum_{k=0}^{\infty}\frac{1}{4^{k}}=\frac{4}{3}\). This uniform bound implies each partial sum is bounded and the series converges uniformly, which in turn yields continuity of the function by the standard result that uniformly convergent series of continuous functions are continuous."
"18100a-lecture-18-multicam_360p_16_9","sequence","Full Lecture Transcript","In the lecture, what condition must every sequence \( (x_n) \) satisfy for a real number \(L\) to be the derivative \(f'(c)\)?","For every sequence \( (x_n) \) with \(x_n\neq c\) and \(x_n\to c\), the limit \(\displaystyle \lim_{n\to\infty}\frac{f(x_n)-f(c)}{x_n-c}\) must equal \(L\)."
"18100a-lecture-18-multicam_360p_16_9","sequence","Full Lecture Transcript","Which key algebraic manipulation was used in the proof that differentiability at a point implies continuity at that point?","The proof rewrites the difference quotient as \\(\displaystyle \frac{f(x)-f(c)}{x-c}\,(x-c)+f(c)\\) and then takes the limit as \(x\to c\), using the fact that the first factor tends to \(f'(c)\) and the second to \(0\)."
"18100a-lecture-18-multicam_360p_16_9","sequence","Full Lecture Transcript","What property of the function \(f(x)=|x|\) was illustrated as a counterexample in the discussion of differentiability and continuity?","The function \(f(x)=|x|\) is continuous at every point but fails to be differentiable at \(x=0\), showing that continuity does not guarantee differentiability."
"18100a-lecture-18-multicam_360p_16_9","sequence","Full Lecture Transcript","Why is the series \(\displaystyle \sum_{k=0}^{\infty}\frac{\cos(160k\,x)}{4^k}\) suitable as an example of a continuous nowhere differentiable function?","Each term oscillates with frequency \(160k\) and amplitude \(1/4^k\). The amplitudes decrease geometrically while the frequencies increase, producing arbitrarily rapid oscillations at all scales, which prevents the existence of a derivative at any point."
"18100a-lecture-18-multicam_360p_16_9","sequence","Full Lecture Transcript","In proving continuity of the Weierstrass function, how is the triangle inequality applied to bound \(\displaystyle \limsup_{n\to\infty}\lvert f(x_n)-f(c)\rvert\) for a sequence \(x_n\to c\)?","One first writes \(\displaystyle f(x_n)-f(c)=\sum_{k=0}^{\infty}\frac{\cos(160k x_n)-\cos(160k c)}{4^k}\).  By repeatedly applying \( \lvert a+b\rvert\le\lvert a\rvert+\lvert b\rvert \), one obtains an upper bound that splits the series into a finite partial sum (controlled by the convergence of \(\cos\) differences) and a tail sum bounded by a geometric series.  This shows that the limsup of the absolute difference tends to zero, proving continuity at \(c\)."
"18100a-lecture-19-multicam_360p_16_9","open set","Full Lecture Transcript","In the discussion of derivatives, how is the derivative of a real‑valued function \(f\) at a point \(c\) defined using a limit?","The derivative \(f'(c)\) is defined as \(\displaystyle f'(c)=\lim_{x\to c}\frac{f(x)-f(c)}{x-c}\), provided this limit exists."
"18100a-lecture-19-multicam_360p_16_9","open set","Full Lecture Transcript","What is the formula for the derivative of a product of two differentiable functions \(f\) and \(g\) at a point \(c\) as stated in the lecture?","The product rule states that \(\displaystyle (fg)'(c)=f'(c)\,g(c)+f(c)\,g'(c)\)."
"18100a-lecture-19-multicam_360p_16_9","open set","Full Lecture Transcript","According to the lecture, why must a function be both continuous on a closed interval \([a,b]\) and differentiable on the open interval \((a,b)\) for Rolle's theorem to hold?","Because the proof of Rolle's theorem uses the extreme value theorem, which requires continuity on \([a,b]\), and the derivative must exist on \((a,b)\) to apply the mean value argument; omitting either condition can produce counterexamples where the conclusion fails."
"18100a-lecture-19-multicam_360p_16_9","open set","Full Lecture Transcript","State the mean value theorem as presented in the lecture, including the conditions on the function and the conclusion about the existence of a point \(c\).","If a function \(f:[a,b]\to\mathbb{R}\) is continuous on the closed interval \([a,b]\) and differentiable on the open interval \((a,b)\), then there exists some \(c\in(a,b)\) such that \(\displaystyle f'(c)=\frac{f(b)-f(a)}{b-a}\)."
"18100a-lecture-19-multicam_360p_16_9","open set","Full Lecture Transcript","What condition on the derivative of a differentiable function \(f\) on an interval \(I\) guarantees that \(f\) is constant on \(I\)?","If \(f\) is differentiable on an interval \(I\) and \(f'(x)=0\) for every \(x\in I\), then \(f\) is constant on \(I\)."
"18100a-lecture-19-multicam_360p_16_9","complex analysis in several variables","Full Lecture Transcript","According to the lecture, how does the existence of the derivative at a point \(c\) relate to the continuity of the function at that point, and why is the existence of a derivative described as a ""miracle"" compared to mere continuity?","The derivative \(f'(c)\) is defined as the limit \(\displaystyle \lim_{x\to c}\frac{f(x)-f(c)}{x-c}\). If this limit exists, the function must be continuous at \(c\) because the numerator tends to \(f(c)-f(c)=0\) and the denominator tends to \(0\), forcing \(f(x)\to f(c)\). Conversely, continuity does not imply differentiability; there exist continuous functions (such as the classic nowhere‑differentiable example mentioned) whose derivatives fail to exist everywhere. Thus, differentiability is a strictly stronger condition than continuity, which is why it is characterised as a “miracle”."
"18100a-lecture-19-multicam_360p_16_9","complex analysis in several variables","Full Lecture Transcript","In the proof of the product rule for derivatives, the lecturer rewrites \(\frac{f(x)g(x)-f(c)g(c)}{x-c}\) as a sum of two terms. Show explicitly how this rewriting is performed and explain why each resulting term has a limit as \(x\to c\).","Starting from \(\displaystyle \frac{f(x)g(x)-f(c)g(c)}{x-c}\), write it as: \[
\frac{f(x)g(x)-f(c)g(x)+f(c)g(x)-f(c)g(c)}{x-c}
= g(x)\frac{f(x)-f(c)}{x-c}+f(c)\frac{g(x)-g(c)}{x-c}.
\] The first term involves \(\frac{f(x)-f(c)}{x-c}\), whose limit as \(x\to c\) is \(f'(c)\); multiplied by the continuous factor \(g(x)\to g(c)\). The second term involves \(\frac{g(x)-g(c)}{x-c}\), whose limit is \(g'(c)\); multiplied by the constant \(f(c)\). Hence both terms have limits, proving the product rule."
"18100a-lecture-19-multicam_360p_16_9","complex analysis in several variables","Full Lecture Transcript","The chain rule proof introduces the auxiliary functions \(u(y)=\frac{f(y)-f(d)}{\,y-d\,}\) for \(y\neq d\) and \(u(d)=f'(d)\) and \(v(x)=\frac{g(x)-g(c)}{\,x-c\,}\) for \(x\neq c\) with \(v(c)=g'(c)\). Explain how these definitions guarantee that \(f(g(x))-f(g(c))\) can be expressed as a product of \(u(g(x))\) and \(v(x)(x-c)\), and why the continuity of \(u\) and \(v\) at their respective points is essential for taking the limit as \(x\to c\).","With \(d=g(c)\), we have for \(x\neq c\):\[
f(g(x))-f(g(c))=f(g(x))-f(d)=u(g(x))\bigl(g(x)-d\bigr).
\] But \(g(x)-d = \bigl(g(x)-g(c)\bigr)=v(x)(x-c)\) by the definition of \(v\). Thus \[
f(g(x))-f(g(c))=u(g(x))\,v(x)(x-c).
\] The continuity of \(u\) at \(d\) guarantees \(\lim_{y\to d}u(y)=u(d)=f'(d)\), and the continuity of \(v\) at \(c\) guarantees \(\lim_{x\to c}v(x)=v(c)=g'(c)\). These continuities allow us to take the limit of the product \(u(g(x))v(x)\) as \(x\to c\) and establish the chain‑rule formula \( (f\!\circ\!g)'(c)=f'(g(c))\,g'(c)\)."
"18100a-lecture-19-multicam_360p_16_9","complex analysis in several variables","Full Lecture Transcript","In the discussion of Rolle’s theorem, the lecturer provides two counterexamples to show that the hypotheses cannot be weakened. Summarize each counterexample and identify precisely which hypothesis it violates, thereby demonstrating the necessity of that hypothesis.","First counterexample: \(f(x)=1-|x|\) on \([-1,1]\). Here \(f(-1)=f(1)=0\) and \(f\) is continuous on \([-1,1]\) but not differentiable at \(x=0\). Hence the hypothesis of differentiability on the open interval is violated. Second counterexample: \(f(x)=x-1\) for \(x\neq -1\) and \(f(-1)=0\) on \([-1,1]\). The function is differentiable on \((-1,1)\) and satisfies \(f(-1)=f(1)=0\), yet \(f'(x)=1\) everywhere, so no point with \(f'(c)=0\). This shows that continuity on the closed interval is necessary. The lecture uses exactly these two examples to demonstrate that dropping either hypothesis invalidates Rolle’s theorem."
"18100a-lecture-19-multicam_360p_16_9","complex analysis in several variables","Full Lecture Transcript","The lecturer states that a function \(f\) defined on an interval is constant if and only if its derivative is identically zero. Describe the logical reasoning that connects the monotonicity properties (increasing and decreasing) with the statement \(f'(x)=0\) for all \(x\) in the interval.","If a function \(f\) is constant on an interval, then for any \(x,y\) we have \(f(x)=f(y)\); therefore the function is both non‑decreasing and non‑increasing. For a differentiable function, non‑decreasing implies \(f'(x)\ge 0\) everywhere, while non‑increasing implies \(f'(x)\le 0\) everywhere. Combining these inequalities yields \(f'(x)=0\) for all \(x\). Conversely, if \(f'(x)=0\) everywhere, integrating the derivative (or applying the result that a non‑negative derivative forces an increasing function and a non‑positive derivative forces a decreasing function) shows that \(f\) must be both non‑decreasing and non‑increasing, hence constant. Thus the condition \(f'(x)\equiv0\) is equivalent to \(f\) being constant on the interval."
"18100a-lecture-19-multicam_360p_16_9","function of a complex variable","Full Lecture Transcript","In the lecture, differentiability of a function at a point c leads to what conclusion about the function’s behavior at that point?","The function is continuous at the point c."
"18100a-lecture-19-multicam_360p_16_9","function of a complex variable","Full Lecture Transcript","According to the lecture, if two functions f and g are differentiable at a point c and α∈ℝ, what is the derivative of the function αf+g at c?","α\,f'(c) \;+\; g'(c)"
"18100a-lecture-19-multicam_360p_16_9","function of a complex variable","Full Lecture Transcript","The lecture states a result involving a relative maximum. If f has a relative maximum at an interior point c∈(a,b) and is differentiable at c, what must f′(c) equal?","Zero, i.e. f′(c)=0."
"18100a-lecture-19-multicam_360p_16_9","function of a complex variable","Full Lecture Transcript","Under which conditions does Rolle’s theorem guarantee the existence of some c∈(a,b) with f′(c)=0, as explained in the lecture?","f must be continuous on the closed interval [a,b], differentiable on the open interval (a,b), and satisfy f(a)=f(b)."
"18100a-lecture-19-multicam_360p_16_9","function of a complex variable","Full Lecture Transcript","What equality does the mean–value theorem assert must hold for some c∈(a,b) when f is continuous on [a,b] and differentiable on (a,b)?","f'(c)\,(b-a)=f(b)-f(a)."
"18100a-lecture-19-multicam_360p_16_9","Rolle's theorem","Full Lecture Transcript","In the lecture, how is the derivative \(f'\) of a function at a point \(c\) defined?","It is defined as the limit \(\displaystyle \lim_{x\to c}\frac{f(x)-f(c)}{x-c}\), provided this limit exists."
"18100a-lecture-19-multicam_360p_16_9","Rolle's theorem","Full Lecture Transcript","According to the lecture, why does differentiability at a point imply continuity at that point?","Because the existence of that limit forces \(\displaystyle \lim_{x\to c}f(x)=f(c)\), which is exactly continuity at \(c\)."
"18100a-lecture-19-multicam_360p_16_9","Rolle's theorem","Full Lecture Transcript","What is the formula for the derivative of the product \(f\cdot g\) when both functions are differentiable at \(c\) as described in the lecture?","The product rule states \(\displaystyle (f\cdot g)'(c)=f'(c)\,g(c)+f(c)\,g'(c)\)."
"18100a-lecture-19-multicam_360p_16_9","Rolle's theorem","Full Lecture Transcript","According to the lecture, if a differentiable function has a relative maximum at an interior point \(c\) of \((a,b)\), what can be said about its derivative at \(c\)?","The derivative at a relative maximum inside the interval must be zero: \(f'(c)=0\)."
"18100a-lecture-19-multicam_360p_16_9","Rolle's theorem","Full Lecture Transcript","The lecture presents a continuous function on \([-1,1]\) with \(f(-1)=f(1)=0\) that has no point with \(f'(c)=0\). What hypothesis was omitted to cause Rolle's theorem to fail?","The function was not differentiable on the open interval \((-1,1)\); that differentiability hypothesis is required."
"18100a-lecture-19-multicam_360p_16_9","absolute value","Full Lecture Transcript","In the lecture, if two functions \(f\) and \(g\) are differentiable at a point \(c\) and \(\alpha\in\mathbb{R}\), what is the value of \((\alpha f+g)'(c)\) according to the linearity rule for derivatives?","The derivative is \((\alpha f+g)'(c)=\alpha f'(c)+g'(c)\)."
"18100a-lecture-19-multicam_360p_16_9","absolute value","Full Lecture Transcript","During the proof of the product rule, why is the fact that differentiability at a point \(c\) implies continuity at \(c\) important for the argument?","The argument uses the existence of the limit defining \(f'(c)\) to conclude that \(\lim_{x\to c}f(x)=f(c)\), ensuring the continuity needed to manipulate limits of products and quotients in the product rule proof."
"18100a-lecture-19-multicam_360p_16_9","absolute value","Full Lecture Transcript","State Rolle's theorem as presented in the lecture, including the conditions on continuity, differentiability, and the values at the endpoints \(a\) and \(b\).","If \(f\) is continuous on \([a,b]\), differentiable on \((a,b)\), and \(f(a)=f(b)\), then there exists a point \(c\in(a,b)\) such that \(f'(c)=0\)."
"18100a-lecture-19-multicam_360p_16_9","absolute value","Full Lecture Transcript","According to the lecture, if a differentiable function \(f\) has a relative maximum or minimum at an interior point \(c\in(a,b)\), what must be true about \(f'(c)\)?","The derivative at that interior extremum must vanish: \(f'(c)=0\)."
"18100a-lecture-19-multicam_360p_16_9","absolute value","Full Lecture Transcript","What condition on the derivative characterizes a function that is constant on an interval, as described in the lecture? Include the equivalent statement involving the function being both increasing and decreasing.","A function \(f\) is constant on an interval iff its derivative is identically zero on that interval; equivalently, \(f\) is both increasing and decreasing, which forces \(f'(x)=0\) for all points in the interval."
"18100a-lecture-19-multicam_360p_16_9","limit","Full Lecture Transcript","In the lecture, how is the derivative $f'(c)$ defined in terms of limits? State the explicit limit expression.","The derivative $f'(c)$ is defined by the limit\n$$f'(c)=\lim_{x\to c}\frac{f(x)-f(c)}{x-c}.$$"
"18100a-lecture-19-multicam_360p_16_9","limit","Full Lecture Transcript","According to the discussion, why does differentiability of a function at a point guarantee continuity at that point? Summarize the reasoning presented.","If $f$ is differentiable at $c$, the limit defining $f'(c)$ exists, which implies that the difference quotient approaches a finite number.  From this one can deduce that $\lim_{x\to c}f(x)=f(c)$, so $f$ is continuous at $c$."
"18100a-lecture-19-multicam_360p_16_9","limit","Full Lecture Transcript","During the proof of the product rule, which property of limits is used to combine the limits of the two terms? Explain which rule of limits justifies this step.","The proof uses the fact that the limit of a sum equals the sum of the limits, and that a constant factor can be pulled out of a limit.  This linearity of limits allows the two individual limits in the product rule to be combined."
"18100a-lecture-19-multicam_360p_16_9","limit","Full Lecture Transcript","Which two hypotheses are shown as necessary in the lecture for Rolle’s theorem to hold? Give the counterexample that demonstrates why each hypothesis cannot be omitted.","""Continuity on the closed interval $[a,b]$"" – demonstrated missing‐ness by a function that equals $x-1$ for $x\neq-1$ and $0$ at $x=-1$, which is not continuous at the endpoint yet satisfies $f(a)=f(b)=0$ but has no point where $f'$ is $0$;\n""Differentiability on the open interval $(a,b)$"" – demonstrated missing‐ness by $f(x)=1-|x|$ on $(-1,1)$, which is continuous on $[-1,1]$ and has $f(-1)=f(1)=0$ but is not differentiable at $0$, so no $c$ with $f'(c)=0$. "
"18100a-lecture-19-multicam_360p_16_9","limit","Full Lecture Transcript","What conclusion is derived in the lecture about a function $f$ whose derivative satisfies $f'(x)\ge 0$ for all $x$ in an interval? How does the mean value theorem support this conclusion?","The lecture concludes that if $f'(x)\ge 0$ for every $x$ in an interval, then $f$ is increasing on that interval.  By the Mean Value Theorem, for any $a<b$ there exists $c\in(a,b)$ with $f(b)-f(a)=f'(c)(b-a)$.  Since $f'(c)\ge0$ and $b-a>0$, we obtain $f(b)-f(a)\ge0$, hence $f(b)\ge f(a)$. "
"18100a-lecture-19-multicam_360p_16_9","derivative","Full Lecture Transcript","In the lecture, how is the derivative of a function \(f\) at a point \(c\) defined in terms of a limit?","The derivative \(f'(c)\) is defined as the limit \(\displaystyle \lim_{x\to c}\frac{f(x)-f(c)}{x-c}\), provided this limit exists."
"18100a-lecture-19-multicam_360p_16_9","derivative","Full Lecture Transcript","What relationship between differentiability and continuity was highlighted in the discussion, and why is differentiability considered a stronger condition?","The lecture showed that differentiability implies continuity at the point, but continuity does not imply differentiability. Differentiability is therefore a stronger (more restrictive) condition because there are continuous functions that are not differentiable at any point."
"18100a-lecture-19-multicam_360p_16_9","derivative","Full Lecture Transcript","Which rule for the derivative of a product of two functions was proved, and what is the correct formula for \((fg)'(c)\)?","The product rule was proved: for differentiable functions \(f\) and \(g\) at a point \(c\), \((fg)'(c)=f'(c)\,g(c)+f(c)\,g'(c)\)."
"18100a-lecture-19-multicam_360p_16_9","derivative","Full Lecture Transcript","According to the lecture, if a differentiable function \(f\) has a relative maximum at an interior point \(c\) of an interval, what must be true about \(f'(c)\)?","If \(f\) has a relative maximum at an interior point \(c\) and is differentiable at \(c\), then \(f'(c)=0\)."
"18100a-lecture-19-multicam_360p_16_9","derivative","Full Lecture Transcript","What characterization of a constant function on an interval \(\mathbb{I}\) was given in terms of its derivative?","The lecture concluded that a differentiable function \(f\) on an interval \(\mathbb{I}\) is constant if and only if its derivative is identically zero on \(\mathbb{I}\)."
"18100a-lecture-19-multicam_360p_16_9","slope number","Full Lecture Transcript","In the lecture, the product rule for derivatives was stated. What is the expression for the derivative of the product \(f(x)g(x)\) evaluated at a point \(c\)?","By the product rule, \( (f\cdot g)'(c)=f'(c)\,g(c)+f(c)\,g'(c)\)."
"18100a-lecture-19-multicam_360p_16_9","slope number","Full Lecture Transcript","The lecturer described the proof of the quotient rule. What is the key condition on the function \(g(x)\) that must hold on the interval for the derivative of \(f(x)/g(x)\) to exist at \(c\)?","The function \(g(x)\) must satisfy \(g(x)\neq0\) for every \(x\) in the interval on which the quotient is considered."
"18100a-lecture-19-multicam_360p_16_9","slope number","Full Lecture Transcript","According to the discussion on relative extrema, if a function \(f\) has a relative maximum at some interior point \(c\in(a,b)\) and is differentiable at \(c\), what value does \(f'(c)\) take?","The derivative at that interior point is zero: \(f'(c)=0\)."
"18100a-lecture-19-multicam_360p_16_9","slope number","Full Lecture Transcript","The applicability of Rolle’s theorem depends on certain hypotheses. In the lecture, which two hypotheses must a function \(f\) satisfy on the closed interval \([a,b]\) for Rolle’s theorem to guarantee the existence of a point where \(f'(c)=0\)?","The function must be continuous on the closed interval \([a,b]\) and differentiable on the open interval \((a,b)\), with \(f(a)=f(b)\)."
"18100a-lecture-19-multicam_360p_16_9","slope number","Full Lecture Transcript","At the end of the lecture, a characterization involving the derivative of a constant function was given. According to the presentation, if a function \(f\) is constant on an interval \(I\), what can be said about \(f'(x)\) for all \(x\in I\)?","If \(f\) is constant on \(I\), then \(f'(x)=0\) for every \(x\in I\)."
"18100a-lecture-19-multicam_360p_16_9","complex analysis","Full Lecture Transcript","In the lecture, the derivative of a linear combination of two differentiable functions was discussed. If \(f\) and \(g\) are differentiable at a point \(c\) and \(\alpha\in\mathbb{R}\), what is the derivative at \(c\) of the function \(h(x)=\alpha f(x)+g(x)\)?","The derivative at \(c\) is \(h'(c)=\alpha f'(c)+g'(c)\)."
"18100a-lecture-19-multicam_360p_16_9","complex analysis","Full Lecture Transcript","According to the lecture, if a differentiable function \(f\) attains a relative maximum (or minimum) at a point \(c\) that lies strictly inside an interval, what does the derivative \(f'(c)\) equal?","The derivative must be zero; i.e., \(f'(c)=0\)."
"18100a-lecture-19-multicam_360p_16_9","complex analysis","Full Lecture Transcript","What are the hypotheses of Rolle’s theorem as stated in the lecture, and what conclusion does it guarantee?","Hypotheses: \(f\) is continuous on the closed interval \([a,b]\) and differentiable on the open interval \((a,b)\); additionally \(f(a)=f(b)\). Conclusion: there exists some \(c\in(a,b)\) such that \(f'(c)=0\)."
"18100a-lecture-19-multicam_360p_16_9","complex analysis","Full Lecture Transcript","The lecture presented two counter‑examples illustrating the necessity of the hypotheses in Rolle’s theorem. Describe one of these examples and explain which hypothesis fails in that case.","Example: \(f(x)=|x|\) on \([-1,1]\). It is continuous on the closed interval and satisfies \(f(-1)=f(1)=1\), but it is not differentiable at \(0\). The hypothesis of differentiability on the open interval fails, so Rolle’s theorem does not apply."
"18100a-lecture-19-multicam_360p_16_9","complex analysis","Full Lecture Transcript","According to the lecture, how can you characterize a differentiable function \(f\) on an interval that is constant? Include the equivalent condition involving its derivative.","A differentiable function \(f\) on an interval is constant if and only if \(f'(x)=0\) for every \(x\) in that interval. Equivalently, \(f\) is simultaneously increasing and decreasing, which forces \(\max f' = \min f' = 0\)."
"18100a-lecture-19-multicam_360p_16_9","increasing function","Full Lecture Transcript","In the lecture, the linearity rule for derivatives was discussed. What is the derivative of the function \(\alpha f + g\) at a point \(c\) when both \(f\) and \(g\) are differentiable at \(c\)?","The derivative is \(\alpha\,f'(c) + g'(c)\)."
"18100a-lecture-19-multicam_360p_16_9","increasing function","Full Lecture Transcript","According to the product rule explained in the lecture, how does one compute the derivative of the product \(f \cdot g\) at a point \(c\) when \(f\) and \(g\) are differentiable at \(c\)?","The derivative is \(f'(c)\,g(c) + f(c)\,g'(c)\)."
"18100a-lecture-19-multicam_360p_16_9","increasing function","Full Lecture Transcript","The lecture outlined Rolle's theorem. If a function \(f\) is continuous on the closed interval \([a,b]\), differentiable on \((a,b)\), and satisfies \(f(a)=f(b)\), what conclusion can we draw about the existence of a point \(c\) in \((a,b)\)?","There exists at least one \(c \in (a,b)\) such that \(f'(c)=0\)."
"18100a-lecture-19-multicam_360p_16_9","increasing function","Full Lecture Transcript","During the lecture, it was shown that a function whose derivative is non‑negative on an interval is increasing. Conversely, if a function \(f\) is increasing on an interval \(I\), what can be said about the sign of \(f'(x)\) for all \(x \in I\) (assuming differentiability)?","The derivative \(f'(x)\) must be greater than or equal to zero for all \(x \in I\)."
"18100a-lecture-19-multicam_360p_16_9","increasing function","Full Lecture Transcript","The relationship between differentiability and local extrema was presented. If \(f\) has a relative maximum at a point \(c\) inside an interval \((a,b)\) and \(f\) is differentiable at \(c\), what must be true about \(f'(c)\)?","The derivative satisfies \(f'(c)=0\)."
"18100a-lecture-2-multicammp4_360p_16_9","absolute value","Full Lecture Transcript","In the lecture, what is the precise condition that a function \(f : A \to B\) must satisfy to be called injective (or \\(1\\)-to\\(1\\))?","A function \(f : A \to B\) is injective if for all \(x_1, x_2 \in A\), the equation \(f(x_1)=f(x_2)\) implies \(x_1=x_2\)."
"18100a-lecture-2-multicammp4_360p_16_9","absolute value","Full Lecture Transcript","According to the discussion on cardinality, how is the statement \(|A| = |B|\) defined in terms of functions between the sets \(A\) and \(B\)?","The equality of cardinalities \(|A| = |B|\) is defined by the existence of a bijective function \(f : A \to B\); that is, a function that is both one‑to‑one and onto."
"18100a-lecture-2-multicammp4_360p_16_9","absolute value","Full Lecture Transcript","What criterion does the lecture give for a set \(A\) to be called countably infinite?","A set \(A\) is countably infinite if there exists a bijection from \(A\) onto the set of natural numbers \(\mathbb{N}\)."
"18100a-lecture-2-multicammp4_360p_16_9","absolute value","Full Lecture Transcript","What does Cantor’s theorem, as presented in the lecture, say about the relationship between a set \(A\) and its power set \\(\mathcal{P}(A)\\)?","Cantor’s theorem states that for any set \(A\), the cardinality of \(A\) is strictly smaller than the cardinality of its power set: \(|A| < |\mathcal{P}(A)|\)."
"18100a-lecture-2-multicammp4_360p_16_9","absolute value","Full Lecture Transcript","Why does the existence of an injective function from a set \(A\) to a set \(B\) imply the inequality \\(|A| \le |B|\\) in the lecture’s terminology?","An injective function maps each element of \(A\) to a distinct element of \(B\), so we can pair each element of \(A\) with a unique element of \(B\); this pairing shows that the size of \(A\) does not exceed the size of \(B\), hence \(|A| \le |B|\)."
"18100a-lecture-2-multicammp4_360p_16_9","bijection","Full Lecture Transcript","According to the discussion on cardinality, what two properties must a function satisfy in order to be called a bijection between two sets \(A\) and \(B\)?","A function must be both **injective** (one‑to‑one) and **surjective** (onto) to be called a bijection."
"18100a-lecture-2-multicammp4_360p_16_9","bijection","Full Lecture Transcript","What is the definition of two sets \(A\) and \(B\) having the same cardinality as presented in the lecture? Write the formal statement using the notion of a bijection.","Two sets \(A\) and \(B\) have the same cardinality iff there exists a bijection \(f\colon A \to B\)."
"18100a-lecture-2-multicammp4_360p_16_9","bijection","Full Lecture Transcript","If there exists an injective map from \(A\) to \(B\) and another injective map from \(B\) to \(A\), what conclusion about \(A\) and \(B\) is drawn in the lecture?","According to the Cantor–Schröder–Bernstein theorem, \(A\) and \(B\) have the same cardinality."
"18100a-lecture-2-multicammp4_360p_16_9","bijection","Full Lecture Transcript","What theorem is cited regarding the size of a set \(A\) compared to its power set \(\mathcal{P}(A)\)? State the relationship.","For any set \(A\), the cardinality of \(A\) is strictly smaller than that of its power set: \(|A| < |\mathcal{P}(A)|\)."
"18100a-lecture-2-multicammp4_360p_16_9","bijection","Full Lecture Transcript","Which explicit bijection is used in the lecture to show that the set of even natural numbers has the same size as \(\mathbb{N}\)? Provide the formula for the bijection.","The bijection is \(f:\mathbb{N}\to \{2n : n\in\mathbb{N}\}\) defined by \(f(n)=2n\)."
"18100a-lecture-2-multicammp4_360p_16_9","injection","Full Lecture Transcript","According to the lecture, under what condition do two sets \(A\) and \(B\) have the same size?","Two sets \(A\) and \(B\) have the same size precisely when there exists a bijection (a one‑to‑one and onto function) from \(A\) to \(B\)."
"18100a-lecture-2-multicammp4_360p_16_9","injection","Full Lecture Transcript","What is the definition of a countably infinite set given in the presentation?","A set is called countably infinite if there exists a bijection between that set and the set of natural numbers \(\mathbb{N}\); equivalently, its elements can be put into a one‑to‑one correspondence with the natural numbers."
"18100a-lecture-2-multicammp4_360p_16_9","injection","Full Lecture Transcript","Which theorem is cited as ensuring that if there is an injection from \(A\) to \(B\) and an injection from \(B\) to \(A\), then \(A\) and \(B\) have the same cardinality?","The Cantor–Schröder–Bernstein theorem."
"18100a-lecture-2-multicammp4_360p_16_9","injection","Full Lecture Transcript","Why does the lecture say that the set of even natural numbers has the same cardinality as the set of all natural numbers?","Because the function \(f:\mathbb{N}\to 2\mathbb{N}\) defined by \(f(n)=2n\) is both one‑to‑one and onto, giving a bijection between \(\mathbb{N}\) and the even natural numbers."
"18100a-lecture-2-multicammp4_360p_16_9","injection","Full Lecture Transcript","What does Cantor’s theorem state about the relationship between the size of a set \(A\) and the size of its power set \(\mathcal{P}(A)\)?","Cantor’s theorem asserts that for any set \(A\), the cardinality of its power set \(\mathcal{P}(A)\) is strictly greater than the cardinality of \(A\)."
"18100a-lecture-2-multicammp4_360p_16_9","inverse","Full Lecture Transcript","In the lecture, what specific property must a function \(f \colon A \to B\) satisfy in order for the sets \(A\) and \(B\) to be said to have the same size?","The function \(f \colon A \to B\) must be a bijection; that is, \(f\) must be both one‑to‑one (injective) and onto (surjective). This ensures every element of \(A\) is paired uniquely with an element of \(B\) and vice‑versa."
"18100a-lecture-2-multicammp4_360p_16_9","inverse","Full Lecture Transcript","The lecture gives a concrete mapping from the natural numbers to the even natural numbers. State this mapping explicitly and explain how it shows that the two sets have the same size.","The mapping is \(f(n)=2n\) for every natural number \(n\). It is injective because if \(2n=2m\) then \(n=m\), and it is onto the set of even natural numbers because each even number \(2k\) is the image of \(k\). Thus \(f\) is a bijection between \(\mathbb{N}\) and the evens, proving they have the same cardinality."
"18100a-lecture-2-multicammp4_360p_16_9","inverse","Full Lecture Transcript","According to the lecture, what does the Cantor–Schröder–Bernstein theorem say about two sets \(A\) and \(B\) when there exist injections \(f \colon A \to B\) and \(g \colon B \to A\)?","The theorem states that if there are injections \(f \colon A \to B\) and \(g \colon B \to A\), then there exists a bijection between \(A\) and \(B\). Consequently, the two sets have equal cardinality, i.e., \(|A|=|B|\)."
"18100a-lecture-2-multicammp4_360p_16_9","inverse","Full Lecture Transcript","What conclusion does the lecture present regarding the size of a set \(A\) compared to the size of its power set \(\mathcal{P}(A)\), and what reasoning supports this conclusion?","The lecture asserts that for any set \(A\), the cardinality of \(A\) is strictly smaller than the cardinality of its power set \(\mathcal{P}(A)\), written \(|A|<|\mathcal{P}(A)|\). This follows from Cantor’s diagonal argument, which shows that no bijection can exist between \(A\) and \(\mathcal{P}(A)\)."
"18100a-lecture-2-multicammp4_360p_16_9","inverse","Full Lecture Transcript","In the lecture, how is an uncountable set defined, and what example is given to illustrate such a set?","An uncountable set is one for which there is no bijection with the natural numbers, i.e., its size is strictly larger than that of \(\mathbb{N}\). The lecture cites the real numbers \(\mathbb{R}\) (or equivalently the power set of \(\mathbb{N}\)) as an example of an uncountable set."
"18100a-lecture-2-multicammp4_360p_16_9","fundamental theorem of arithmetic","Full Lecture Transcript","According to the lecture, what condition must be met for two sets \(A\) and \(B\) to be said to have the same size (cardinality)?","Two sets have the same size when there exists a bijection (a one‑to‑one and onto function) between them, i.e., when their elements can be paired off by such a bijective function."
"18100a-lecture-2-multicammp4_360p_16_9","fundamental theorem of arithmetic","Full Lecture Transcript","According to the lecture, how is a function \(f\colon A\to B\) described as injective (or one‑to‑one) in terms of its values on elements of \(A\)?","A function \(f\) is injective if for all \(x_1, x_2\in A\), the equality \(f(x_1)=f(x_2)\) implies \(x_1=x_2\); equivalently, distinct elements of \(A\) map to distinct elements of \(B\)."
"18100a-lecture-2-multicammp4_360p_16_9","fundamental theorem of arithmetic","Full Lecture Transcript","According to the lecture, what does the Cantor–Schröder–Bernstein theorem assert about two sets \(A\) and \(B\) when both \(|A|\le|B|\) and \(|B|\le|A|\) hold?","The theorem states that if there is an injection from \(A\) into \(B\) and an injection from \(B\) into \(A\), then there is a bijection between \(A\) and \(B\), so \(|A|=|B|\)."
"18100a-lecture-2-multicammp4_360p_16_9","fundamental theorem of arithmetic","Full Lecture Transcript","According to the lecture, why does the map \(f(n)=2n\) demonstrate that the set of even natural numbers has the same cardinality as the set of all natural numbers?","The map \(f(n)=2n\) is injective because different natural numbers produce different even numbers, and it is surjective onto the even numbers because every even number can be written uniquely as \(2n\) for some \(n\in\mathbb{N}\); thus \(f\) is a bijection, showing the two sets have equal cardinality."
"18100a-lecture-2-multicammp4_360p_16_9","fundamental theorem of arithmetic","Full Lecture Transcript","According to the lecture, which key idea underlies Cantor’s claim that for any set \(A\) the cardinality of \(A\) is strictly smaller than the cardinality of its power set \(\mathcal{P}(A)\)?","Cantor’s argument shows that no bijection can exist from \(A\) to its power set \(\mathcal{P}(A)\); thus there are strictly more subsets of \(A\) than elements of \(A\), establishing \(|A|<|\mathcal{P}(A)|\)."
"18100a-lecture-2-multicammp4_360p_16_9","countable set","Full Lecture Transcript","According to the lecture, what precise condition must be met for two sets \(A\) and \(B\) to be said to have the same ""size""?","Two sets \(A\) and \(B\) have the same size if and only if there exists a bijective function (one‑to‑one and onto) \(f : A \to B\)."
"18100a-lecture-2-multicammp4_360p_16_9","countable set","Full Lecture Transcript","What does the Cantor–Schr""oder–Bernstein theorem assert about the relationship between the sizes of sets \(A\) and \(B\), as described in the lecture?","If there are injections \(f : A \to B\) and \(g : B \to A\) (i.e., \( \lvert A\rvert \leq \lvert B\rvert\) and \( \lvert B\rvert \leq \lvert A\rvert\)), then there exists a bijection between \(A\) and \(B\) (hence \( \lvert A\rvert = \lvert B\rvert\))."
"18100a-lecture-2-multicammp4_360p_16_9","countable set","Full Lecture Transcript","How is a set defined to be *countably infinite* in the lecture?","A set \(A\) is countably infinite when there exists a bijection from \(A\) onto the natural numbers \(\mathbb{N}\); equivalently, \(A\) has the same cardinality as \(\mathbb{N}\)."
"18100a-lecture-2-multicammp4_360p_16_9","countable set","Full Lecture Transcript","What is the main strategy used in the lecture to prove that the set of even natural numbers has the same cardinality as the natural numbers?","Define the function \(f:\mathbb{N}\to\{2n:n\in\mathbb{N}\}\) by \(f(n)=2n\). This function is injective, surjective, and therefore bijective, showing that the even naturals have the same size as \(\mathbb{N}\)."
"18100a-lecture-2-multicammp4_360p_16_9","countable set","Full Lecture Transcript","What is Cantor's theorem about a set and its power set, as stated in the lecture?","For every set \(A\), the cardinality of \(A\) is strictly smaller than the cardinality of its power set \(\mathcal{P}(A)\); there is no bijection between \(A\) and \(\mathcal{P}(A)\)."
"18100a-lecture-2-multicammp4_360p_16_9","inverse function","Full Lecture Transcript","In the lecture, how is a function \(f\colon A\to B\) defined in terms of its action on elements of \(A\)?","A function \(f\colon A\to B\) assigns to each element \(x\in A\) a unique element \(f(x)\in B\); this assignment is what determines the function."
"18100a-lecture-2-multicammp4_360p_16_9","inverse function","Full Lecture Transcript","According to the discussion on cardinality, what condition guarantees that two sets \(A\) and \(B\) have the same size?","Two sets \(A\) and \(B\) have the same size precisely when there exists a bijection \(f\colon A\to B\) (i.e., a function that is both injective and surjective)."
"18100a-lecture-2-multicammp4_360p_16_9","inverse function","Full Lecture Transcript","Using the example with the sets \(\{A,B,C\}\) and \(\{1,2,3\}\), explain why these two sets are said to have the same cardinality.","The sets have the same cardinality because we can pair each letter with a distinct natural number: \(A\leftrightarrow1\), \(B\leftrightarrow2\), \(C\leftrightarrow3\). This one‑to‑one, onto correspondence demonstrates a bijection between the two sets."
"18100a-lecture-2-multicammp4_360p_16_9","inverse function","Full Lecture Transcript","State the Cantor‑Schröder‑Bernstein theorem as presented in the lecture.","If there are injections \(f\colon A\to B\) and \(g\colon B\to A\) (so \(|A|\le |B|\) and \(|B|\le |A|\)), then there exists a bijection \(h\colon A\to B\); consequently \(|A|=|B|\)."
"18100a-lecture-2-multicammp4_360p_16_9","inverse function","Full Lecture Transcript","What is the relationship between the size of a set \(A\) and the size of its power set \(\mathcal{P}(A)\) as described?","For every set \(A\), the cardinality of its power set \(\mathcal{P}(A)\) is strictly larger: \(|A| < |\mathcal{P}(A)|\)."
"18100a-lecture-2-multicammp4_360p_16_9","Cantor–Bernstein–Schroeder theorem","Full Lecture Transcript","In the lecture, how is the notion of two sets \(A\) and \(B\) having the same size formally defined?","Two sets \(A\) and \(B\) have the same size when there exists a bijective function \(f\colon A \to B\) (a one‑to‑one and onto map)."
"18100a-lecture-2-multicammp4_360p_16_9","Cantor–Bernstein–Schroeder theorem","Full Lecture Transcript","According to the discussion on functions, which equivalent condition characterises a function \(f\colon A \to B\) as injective?","A function \(f\colon A \to B\) is injective iff for all \(x_{1},x_{2}\in A\), \(f(x_{1})=f(x_{2})\) implies \(x_{1}=x_{2}\); equivalently, distinct inputs have distinct outputs."
"18100a-lecture-2-multicammp4_360p_16_9","Cantor–Bernstein–Schroeder theorem","Full Lecture Transcript","What does the Cantor–Bernstein–Schroeder theorem state about the relationships \( |A| \le |B|\) and \( |B| \le |A|\) in the lecture?","The theorem states: if there exists an injection from \(A\) into \(B\) and an injection from \(B\) into \(A\), then there exists a bijection between \(A\) and \(B\); equivalently, \(|A| = |B|\)."
"18100a-lecture-2-multicammp4_360p_16_9","Cantor–Bernstein–Schroeder theorem","Full Lecture Transcript","From the lecture’s example, what bijection is explicitly used to show that \(\mathbb{N}\) and the set of even natural numbers have the same size?","The bijection used is \(f\colon \mathbb{N}\to\{2,4,6,\dots\}\) defined by \(f(n)=2n\). This map is both one‑to‑one and onto the even naturals."
"18100a-lecture-2-multicammp4_360p_16_9","Cantor–Bernstein–Schroeder theorem","Full Lecture Transcript","In the final part of the lecture, what relationship between a set \(A\) and its power set \(\mathcal{P}(A)\) is asserted regarding their cardinalities?","For every set \(A\), the cardinality of \(A\) is strictly smaller than the cardinality of its power set: \(|A| < |\mathcal{P}(A)|\)."
"18100a-lecture-2-multicammp4_360p_16_9","continuum hypothesis","Full Lecture Transcript","According to the lecture, how is the term *cardinality* defined for two sets A and B?","Two sets \(A\) and \(B\) have the same cardinality if there exists a bijection \(f\colon A\to B\); that is, \(f\) is a function such that every element of \(A\) is paired with a unique element of \(B\) and every element of \(B\) is the image of a unique element of \(A\)."
"18100a-lecture-2-multicammp4_360p_16_9","continuum hypothesis","Full Lecture Transcript","Based on the lecture, what is an injective function and how does its definition guarantee a one‑to‑one pairing between elements of a set A and a set B?","An injective function \(f\colon A\to B\) is one that satisfies: for all \(x_1,x_2\in A\), \(f(x_1)=f(x_2)\) implies \(x_1=x_2\).  This property ensures that distinct elements of \(A\) are sent to distinct elements of \(B\), establishing a one‑to‑one correspondence from \(A\) into \(B\) and thereby enabling us to ‘pair off’ each member of \(A\) with a unique member of \(B\)."
"18100a-lecture-2-multicammp4_360p_16_9","continuum hypothesis","Full Lecture Transcript","State the Cantor–Schröder–Bernstein theorem as presented in the lecture and describe why it implies that two sets of ‘equal size’ are equivalent.","The Cantor–Schröder–Bernstein theorem states: if a set \(A\) is injective into \(B\) (i.e., \(|A|\le |B|\)) and \(B\) is injective into \(A\) (i.e., \(|B|\le |A|\)), then \(A\) and \(B\) have the same cardinality, \(|A|=|B|\).  Its significance is that it guarantees the existence of a bijection between two sets whenever each can be ‘no larger than’ the other, which guarantees equality of their sizes."
"18100a-lecture-2-multicammp4_360p_16_9","continuum hypothesis","Full Lecture Transcript","Why does the lecture claim that for any set A the power set \(\mathcal{P}(A)\) has strictly larger cardinality than A, and how does this fact show that there exist sets that are uncountable?","The lecture explains that, for any set \(A\), the power set \(\mathcal{P}(A)\) contains all subsets of \(A\); Cantor’s argument shows that no function from \(A\) onto \(\mathcal{P}(A)\) can be surjective, hence \(|A| < |\mathcal{P}(A)|\).  Applying this to the natural numbers \( \mathbb{N}\) gives \(|\mathbb{N}| < |\mathcal{P}(\mathbb{N})|\), so \(\mathcal{P}(\mathbb{N})\) is uncountable, establishing the existence of sets that are strictly larger than the countably infinite set of natural numbers."
"18100a-lecture-2-multicammp4_360p_16_9","continuum hypothesis","Full Lecture Transcript","What is the continuum hypothesis as introduced in the lecture, and why does the lecturer say it is beyond the scope of the current course?","The continuum hypothesis asks whether there exists a set \(A\) such that \( \aleph_0 < |A| < |\mathcal{P}(\mathbb{N})|\); that is, whether there is a set whose cardinality lies strictly between that of the integers and that of the real numbers.  The lecturer notes that the truth or falsity of this hypothesis is independent of the standard axioms of set theory (ZFC), making it a deeper, undecidable problem that lies beyond the material covered in the class."
"18100a-lecture-2-multicammp4_360p_16_9","set of positive integers","Full Lecture Transcript","According to the lecture, what precise condition on a function \(f:A\to B\) guarantees that the sets \(A\) and \(B\) have the same cardinality?","A bijection; that is, there exists a function \(f:A\to B\) that is both one‑to‑one and onto."
"18100a-lecture-2-multicammp4_360p_16_9","set of positive integers","Full Lecture Transcript","Explain in your own words what the Cantor–Schröder–Bernstein theorem states, and why it is useful when comparing the sizes of two infinite sets.","It asserts that if there is an injection from \(A\) into \(B\) and an injection from \(B\) into \(A\), then there exists a bijection between \(A\) and \(B\). This allows us to conclude equality of cardinalities even when only partial pairings are easily exhibited."
"18100a-lecture-2-multicammp4_360p_16_9","set of positive integers","Full Lecture Transcript","The natural numbers and the set of even natural numbers were shown to have the same cardinality. Write explicitly the bijection between these two sets that was described in the lecture and verify that it is indeed a bijection.","Define \(f:\mathbb{N}\to 2\mathbb{N}\) by \(f(n)=2n\).  
    *Injective*: If \(f(n_{1})=f(n_{2})\) then \(2n_{1}=2n_{2}\) and hence \(n_{1}=n_{2}\).  
    *Surjective*: For any even number \(m=2k\) there exists \(n=k\) with \(f(n)=m\).  
    Thus \(f\) is a bijection, showing \(|\mathbb{N}|=|2\mathbb{N}|\)."
"18100a-lecture-2-multicammp4_360p_16_9","set of positive integers","Full Lecture Transcript","Why does the fact that the countable union of finite sets can be placed in a one‑to‑one correspondence with the natural numbers not hold for the set of all rational numbers, based on the lecture’s discussion?","The lecture explained that for the rationals one cannot simply “count” by stepping from one element to the next because between any two rationals there is another rational. The proof of countability therefore requires a more elaborate construction (e.g., arranging rationals in a grid and scanning diagonally) rather than the intuitive counting used for the natural numbers or their even/odd subsets."
"18100a-lecture-2-multicammp4_360p_16_9","set of positive integers","Full Lecture Transcript","State Cantor’s theorem about power sets in the form presented in the lecture and explain, without proof, why this theorem implies the existence of infinitely many distinct cardinalities.","Cantor’s theorem states: for any set \(A\), \(|A|<|\mathcal{P}(A)|\).  Since the power‑set operator strictly increases cardinality for every \(A\), one can iterate this operation ad infinitum, producing an infinite ascending chain of distinct cardinalities (e.g., \(|\mathbb{N}|<|\mathcal{P}(\mathbb{N})|<|\mathcal{P}(\mathcal{P}(\mathbb{N}))|<\cdots\)).  This demonstrates that there are infinitely many different “sizes” of infinity."
"18100a-lecture-20-multicam_1_360p_16_9","Taylor's theorem","Full Lecture Transcript","In the lecture, why does the Taylor polynomial of a function whose all derivatives at 0 vanish become identically zero, and what does this reveal about the necessity of including the remainder term?","Because every derivative of the function at 0 equals zero, each coefficient \(\frac{f^{(k)}(0)}{k!}\) in the Taylor polynomial is zero. The polynomial therefore collapses to the zero function. This shows that the remainder term must carry all of the function’s behavior; discarding it would incorrectly conclude that the function is identically zero."
"18100a-lecture-20-multicam_1_360p_16_9","Taylor's theorem","Full Lecture Transcript","According to the discussion, how is the Mean Value Theorem applied repeatedly to produce a point \(c\) such that the remainder of Taylor’s formula equals \(\frac{f^{(n+1)}(c)}{(n+1)!}(x-x_0)^{\,n+1}\)?","The lecture defines a new function \(g(s)=f(s)-p_n(s)-M(s-x_0)^{n+1}\) where \(M\) is a constant to be determined. Since \(g(x_0)=0\) and \(g(x)=0\), Rolle’s theorem gives a point where \(g'\) vanishes. Repeating the argument \(n+1\) times yields a point \(c\) between \(x\) and \(x_0\) for which \(g^{(n+1)}(c)=0\). Computing this derivative shows \(M=\frac{f^{(n+1)}(c)}{(n+1)!}\), giving the remainder in the desired form."
"18100a-lecture-20-multicam_1_360p_16_9","Taylor's theorem","Full Lecture Transcript","What does the lecture state about the agreement between the Taylor polynomial \(p_n\) and the function \(f\) at the center point \(x_0\), and what implication follows for using \(p_n\) as an approximation away from \(x_0\)?","The lecture emphasizes that the Taylor polynomial \(p_n\) coincides with \(f\) and with all derivatives of \(f\) up to order \(n\) at the point \(x_0\) (\(p_n^{(k)}(x_0)=f^{(k)}(x_0)\) for \(k=0,\dots,n\)). This agreement is purely local: it guarantees equality only at \(x_0\) and does not ensure that \(p_n\) approximates \(f\) well at points away from \(x_0\), as the remainder term may still be large."
"18100a-lecture-20-multicam_1_360p_16_9","Taylor's theorem","Full Lecture Transcript","How does the lecture logically establish the second derivative test for a strict relative minimum, particularly highlighting the role of continuity of \(f''\) and the application of Taylor’s theorem?","The lecture uses the fact that \(f''\) is continuous on \((a,b)\) and that \(f''(x_0)>0\). By continuity there exists a small interval around \(x_0\) where \(f''\) remains positive. Applying Taylor’s theorem with remainder to a point \(x\) in that interval gives \(f(x)=f(x_0)+\frac{f''(c)}{2}(x-x_0)^2\) for some \(c\) between \(x\) and \(x_0\). Because \(f''(c)>0\) and \((x-x_0)^2>0\) for \(x\neq x_0\), we deduce \(f(x)>f(x_0)\) nearby, establishing a strict relative minimum at \(x_0\)."
"18100a-lecture-20-multicam_1_360p_16_9","Taylor's theorem","Full Lecture Transcript","In the exposition on Riemann integration, what is the definition of a partition, its norm, and a tagged partition, and how does the limit of the associated Riemann sums as the norm goes to zero give the Riemann integral?","A partition of \([a,b]\) is a finite ordered list of points \(x_0<a<x_1<\dots<x_n=b\). Its norm is \(\max_{1\le k\le n}(x_k-x_{k-1})\). A tagged partition adds one point \(c_k\) in each subinterval, \(x_{k-1}\le c_k\le x_k\). The Riemann sum for a continuous function \(f\) is \(S_f=\sum_{k=1}^n f(c_k)(x_k-x_{k-1})\). As the norm of the partition tends to zero, these sums are shown to converge to a single number; this limit is taken as the Riemann integral of \(f\) over \([a,b]\)."
"18100a-lecture-20-multicam_1_360p_16_9","second derivative test","Full Lecture Transcript","According to the discussion on strict relative minima, what is the precise definition of a strict relative minimum \(x_{0}\) for a function \(f\)?","There exists a \(\delta>0\) such that for every \(x\) with \(0<|x-x_{0}|<\delta\), one has \(f(x)>f(x_{0})\)."
"18100a-lecture-20-multicam_1_360p_16_9","second derivative test","Full Lecture Transcript","In the proof of the second derivative test, why does the continuity of \(f''\) on \((a,b)\) allow us to find a \(\delta_{0}>0\) such that \(f''(c)>0\) for all \(c\) with \(|c-x_{0}|<\delta_{0}\)?","Because \(f''(x_{0})>0\) and continuity of \(f''\) ensures there is a neighborhood of \(x_{0}\) where \(f''\) stays within a positive margin of its value at \(x_{0}\), making \(f''(c)\) positive for all \(c\) in that neighborhood."
"18100a-lecture-20-multicam_1_360p_16_9","second derivative test","Full Lecture Transcript","When applying Taylor’s theorem with remainder, what part of the argument guarantees the existence of a point \(c\) between \(x\) and \(x_{0}\) such that the remainder term equals \(\frac{f''(c)}{2}(x-x_{0})^{2}\)?","The argument repeatedly applies the Mean Value Theorem to the function \(g(s)=f(s)-f(x_{0})-f'(x_{0})(s-x_{0})\); iterating it yields a point \(c\) between \(x\) and \(x_{0}\) for which the second‑order remainder is \(\frac{f''(c)}{2}(x-x_{0})^{2}\)."
"18100a-lecture-20-multicam_1_360p_16_9","second derivative test","Full Lecture Transcript","Why does the term \(f'(x_{0})(x-x_{0})\) disappear in the Taylor expansion used in the proof?","The hypothesis of the test states \(f'(x_{0})=0\), so the linear term \(f'(x_{0})(x-x_{0})\) vanishes in the Taylor expansion."
"18100a-lecture-20-multicam_1_360p_16_9","second derivative test","Full Lecture Transcript","What does the positivity of \(f''(c)\) imply about the inequality \(f(x)>f(x_{0})\) for \(x\neq x_{0}\) within the chosen \(\delta\)?","Since \(f''(c)>0\) and \((x-x_{0})^{2}>0\) for \(x\neq x_{0}\), the remainder \(\frac{f''(c)}{2}(x-x_{0})^{2}\) is positive, giving \(f(x)=f(x_{0})+\text{positive}>f(x_{0})\)."
"18100a-lecture-20-multicam_1_360p_16_9","strict, relative min","Full Lecture Transcript","In the lecture, how is a *strict relative minimum* at a point \(x_{0}\) formally defined in terms of \(f(x)\) and \(f(x_{0})\)?","A strict relative minimum at \(x_{0}\) means that there exists a positive number \(\delta\) such that for every \(x\) with \(0<|x-x_{0}|<\delta\), the value of the function satisfies \(f(x)>f(x_{0})\)."
"18100a-lecture-20-multicam_1_360p_16_9","strict, relative min","Full Lecture Transcript","According to the second derivative test discussed, what are the two key conditions that must hold for a function \(f\) with continuous second derivative on \((a,b)\) in order to guarantee a strict relative minimum at \(x_{0}\)?","The two conditions are: (1) the first derivative at the point is zero, \(f'(x_{0})=0\); (2) the second derivative at the point is strictly positive, \(f''(x_{0})>0\)."
"18100a-lecture-20-multicam_1_360p_16_9","strict, relative min","Full Lecture Transcript","During the proof of the second derivative test, the lecture mentions the continuity of \(f''\) on \((a,b)\). What purpose does this continuity serve in establishing the existence of a suitable \(\delta>0\) used in the argument?","The continuity of \(f''\) guarantees that \(f''\) remains positive in a whole neighbourhood of \(x_{0}\).  This allows us to choose a \(\delta\) so that \(f''(c)>0\) for all \(c\) with \(|c-x_{0}|<\delta\), which is essential for the final inequality in the proof."
"18100a-lecture-20-multicam_1_360p_16_9","strict, relative min","Full Lecture Transcript","The lecture distinguishes between a strict relative minimum and a (non‑strict) relative minimum. What inequality encapsulates this distinction, and why does it make the strict case stronger?","The strict case requires \(f(x)>f(x_{0})\) for all nearby \(x\neq x_{0}\), whereas a non‑strict relative minimum only requires \(f(x)\ge f(x_{0})\).  The strict inequality therefore rules out the possibility of the function taking the same value at other points arbitrarily close to \(x_{0}\), making it a stronger statement."
"18100a-lecture-20-multicam_1_360p_16_9","strict, relative min","Full Lecture Transcript","In the example of the Taylor expansion where all derivatives at \(0\) vanish, how does the lecture describe the remainder term, and what does this example demonstrate about the adequacy of the Taylor polynomial as an approximation of the function near the expansion point?","The lecture notes that in this special function all derivatives at \(0\) are zero, so the Taylor polynomial at \(0\) is identically zero.  The entire function is contained in the remainder term, meaning the remainder is not small near \(0\).  This shows that the Taylor polynomial, though matching all derivatives at the expansion point, need not give a good approximation of the function away from that point."
"18100a-lecture-20-multicam_1_360p_16_9","𝑛th derivative","Full Lecture Transcript","In the lecture, the Taylor polynomial of a function at 0 is written down when all of its derivatives at 0 vanish. What is the form of this polynomial, and what does its remainder term represent?","The Taylor polynomial is the zero polynomial, \(p_{n}(x)=0\). Its remainder term \(R_{n}(x)\) equals the entire function, i.e. \(f(x)=R_{n}(x)\), because all derivatives at the expansion point are zero."
"18100a-lecture-20-multicam_1_360p_16_9","𝑛th derivative","Full Lecture Transcript","Why does the lecturer emphasize that one cannot simply discard the remainder term in Taylor’s theorem, even when the Taylor polynomial is identically zero?","Because the remainder can be as large as the whole function; if we ignore it we would conclude \(f(x)=0\) for all \(x\), which is false in general. The example shows the polynomial may approximate poorly outside the expansion point."
"18100a-lecture-20-multicam_1_360p_16_9","𝑛th derivative","Full Lecture Transcript","During the proof of Taylor’s theorem the lecturer constructs a function \(g(s)\) and repeatedly applies the Mean Value Theorem. What is the purpose of this iterative application?","The iterative use of the Mean Value Theorem on \(g\) and its successive derivatives produces a point \(c\in(a,b)\) for which \(g^{(n+1)}(c)=0\). This yields the exact form of the remainder: \(f(x)=p_{n}(x)+\dfrac{f^{(n+1)}(c)}{(n+1)!}(x-a)^{\,n+1}\)."
"18100a-lecture-20-multicam_1_360p_16_9","𝑛th derivative","Full Lecture Transcript","According to the definitions presented, what constitutes a partition of an interval \([a,b]\) and how is the norm of that partition specified?","A partition of \([a,b]\) is a finite, ordered set of points \(\{x_{0},x_{1},\dots ,x_{n}\}\) with \(x_{0}=a\), \(x_{n}=b\), and \(x_{0}<x_{1}<\dots <x_{n}\). The norm of the partition is \(\|\,\underline{x}\,\|=\max_{1\le k\le n}(x_{k}-x_{k-1})\)."
"18100a-lecture-20-multicam_1_360p_16_9","𝑛th derivative","Full Lecture Transcript","How is a Riemann sum defined for a continuous function on \([a,b]\) with respect to a tagged partition, and what role does the norm of the partition play when defining the Riemann integral?","For a continuous \(f\) and a tagged partition \((\underline{x},\underline{\xi})\) the Riemann sum is \(S_{f}(\underline{x},\underline{\xi})=\sum_{k=1}^{n} f(\xi_{k})\,(x_{k}-x_{k-1})\). The Riemann integral is the limit of these sums as \(\|\underline{x}\|\to0\); the norm controls the mesh size of the partition and ensures convergence to the integral."
"18100a-lecture-20-multicam_1_360p_16_9","critical point","Full Lecture Transcript","Why can the Taylor polynomial of a non‑zero function be identically zero at the point of expansion, and what does this imply about the remainder term in the Taylor expansion?","Because all derivatives of the function at the chosen point are zero, the Taylor polynomial, which is a sum of \(\frac{f^{(k)}(0)}{k!}x^{k}\) for \(k=0,\dots,n\), becomes the zero polynomial.  The remainder term then equals the entire function \(f(x)\); since \(f\) need not be zero, the remainder need not be small and cannot be ignored in a neighbourhood of the expansion point."
"18100a-lecture-20-multicam_1_360p_16_9","critical point","Full Lecture Transcript","In the proof that iterates the Mean Value Theorem to establish Taylor’s theorem, what is the definition of the auxiliary function \(g(s)\), and why does having \(g(x_{0})=g(x)=0\) allow us to apply the MVT repeatedly?","The auxiliary function is defined by\n   \[
   g(s)=f(s)-p_{n}(s)-M\,(s-x_{0})^{\,n+1},
   \]\nwith \(M\) chosen so that \(g(x_{0})=g(x)=0\).  Because \(g\) vanishes at the two endpoints of the interval \([x_{0},x]\), the Mean Value Theorem guarantees a point \(x_{1}\) where \(g'(x_{1})=0\).  Repeating this argument on successive derivatives yields a point \(c\in(x_{0},x)\) with \(g^{(n+1)}(c)=0\); this equality gives \(M=\frac{f^{(n+1)}(c)}{(n+1)!}\), which is precisely the remainder in Taylor’s theorem."
"18100a-lecture-20-multicam_1_360p_16_9","critical point","Full Lecture Transcript","State the strict second derivative test as presented, and explain why the continuity of \(f''\) on \((a,b)\) is essential in its proof.","The strict second derivative test says:\n   *If \(f\) has two continuous derivatives on \((a,b)\) and \(f'(x_{0})=0\) while \(f''(x_{0})>0\), then \(x_{0}\) is a strict local minimum of \(f\).*  Continuity of \(f''\) ensures that there exists \(\delta>0\) with \(f''(x)>0\) for all \(x\) in \((x_{0}-\delta,x_{0}+\delta)\).  This positivity allows the Taylor expansion with remainder to give \(f(x)>f(x_{0})\) whenever \(0<|x-x_{0}|<\delta\), establishing the strict minimum."
"18100a-lecture-20-multicam_1_360p_16_9","critical point","Full Lecture Transcript","Define a tagged partition \(\underline{x}\) of the interval \([a,b]\), and describe precisely what the norm \(\|\underline{x}\|\) represents.","A tagged partition of \([a,b]\) is an ordered finite set of points\n   \[
   \underline{x}=(x_{0},x_{1},\dots ,x_{n})\quad\text{with }a=x_{0}<x_{1}<\dots <x_{n}=b,
   \]\naccompanied by tags \(\underline{\xi}=(\xi_{1},\dots ,\xi_{n})\) satisfying \(x_{i-1}<\xi_{i}<x_{i}\) for each \(i\).  The norm of the partition is\n   \[
   \|\underline{x}\|=\max_{1\le i\le n}(x_{i}-x_{i-1}),
   \]\nthe length of the longest subinterval."
"18100a-lecture-20-multicam_1_360p_16_9","critical point","Full Lecture Transcript","Write the formula for the Riemann sum \(S_{F}(\underline{x},\underline{\xi})\) associated to a tagged partition, and explain in what way this sum approximates the integral of a continuous function.","For a continuous function \(f\) the Riemann sum relative to \((\underline{x},\underline{\xi})\) is\n   \[
   S_{f}(\underline{x},\underline{\xi})=\sum_{k=1}^{n} f(\xi_{k})\,(x_{k}-x_{k-1}).
   \]\nEach summand multiplies the value of \(f\) at a tag \(\xi_{k}\) by the length of the subinterval \([x_{k-1},x_{k}]\), which is a rectangle approximation to the area under the graph.  As the norm \(\|\underline{x}\|\) goes to zero, these sums converge to the unique number interpreted as the integral \(\int_{a}^{b}f(x)\,dx\)."
"18100a-lecture-20-multicam_1_360p_16_9","degree of a polynomial","Full Lecture Transcript","According to the discussion on Taylor polynomials, why cannot a function be represented solely by its Taylor polynomial near a point when all the derivatives of that function vanish at the point?","If all derivatives of the function at the expansion point are zero, the Taylor polynomial of any order is the zero polynomial. In this case the entire function is carried by the remainder term, so discarding the remainder would incorrectly conclude that \(f\equiv0\) near the point."
"18100a-lecture-20-multicam_1_360p_16_9","degree of a polynomial","Full Lecture Transcript","What property of a Taylor polynomial ensures it coincides with the function \(f\) up to \(n\)-th derivative at the expansion point \(x_{0}\)?","A Taylor polynomial of degree \(n\) agrees with the function \(f\) at the point \(x_{0}\) in the sense that for each integer \(k\) with \(0\le k\le n\) we have \[
        p^{(k)}_{n}(x_{0})=f^{(k)}(x_{0}).
        \] This agreement of derivatives up to order \(n\) is what makes the polynomial a local approximation of \(f\)."
"18100a-lecture-20-multicam_1_360p_16_9","degree of a polynomial","Full Lecture Transcript","In the proof that a Taylor remainder can be expressed via a higher derivative, what is the purpose of defining the auxiliary function \[
        g(s)=f(s)-p_{n}(s)-m\,(s-x_{0})^{\,n+1}
        \] \?-","The function \(g\) is constructed so that at the two points \(x_{0}\) and \(x\) it and all of its first \(n\) derivatives vanish: \(g(x_{0})=g(x)=g^{(1)}(x_{0})=\dots=g^{(n)}(x_{0})=0\). This allows the repeated application of Rolle’s theorem to \(g\) and to its successive derivatives, yielding a point \(c\) where \(g^{(n+1)}(c)=0\). Because \(g^{(n+1)}(s)=f^{(n+1)}(s)-(n+1)!\,m\), the existence of such a \(c\) furnishes the desired expression of the remainder in terms of a higher derivative of \(f\)."
"18100a-lecture-20-multicam_1_360p_16_9","degree of a polynomial","Full Lecture Transcript","In the context of the second derivative test, explain why the positivity of \(f''\) in a neighbourhood of a critical point \(x_{0}\) guarantees that \(f(x)>f(x_{0})\) for all \(x\) close to \(x_{0}\) but \(x\neq x_{0}\).","By Taylor’s theorem, for any \(x\) near \(x_{0}\) there exists \( \xi\) between \(x_{0}\) and \(x\) such that \[
        f(x)=f(x_{0})+\frac{f''(\xi)}{2}\,(x-x_{0})^{2},
        \] because the first derivative vanishes at the critical point. If \(f''(\xi)>0\) and \(x\neq x_{0}\), then \((x-x_{0})^{2}>0\) so the second term is strictly positive, forcing \(f(x)>f(x_{0})\). Thus the strict positivity of the second derivative in a neighbourhood guarantees a strict local minimum."
"18100a-lecture-20-multicam_1_360p_16_9","degree of a polynomial","Full Lecture Transcript","What is a tagged partition, and how does the norm of a partition influence the behaviour of Riemann sums as the partition is refined?","A tagged partition of \([a,b]\) consists of an ordered set of partition points \(a=x_{0}<x_{1}<\dots <x_{n}=b\) together with a chosen tag \(\xi_{i}\in[x_{i-1},x_{i}]\) for each subinterval. The norm of a partition is the length of the longest subinterval, \(\|\Pi\|=\max_{1\le i\le n}(x_{i}-x_{i-1})\). As the norm goes to zero, the corresponding Riemann sums \[
        S_{f}(\Pi,\xi)=\sum_{i=1}^{n}f(\xi_{i})\,(x_{i}-x_{i-1})
        \] for a continuous function \(f\) converge to a single limit, which is defined to be the Riemann integral of \(f\) on \([a,b]\)."
"18100a-lecture-20-multicam_1_360p_16_9","approximation","Full Lecture Transcript","What does the example of a function whose all derivatives at 0 vanish demonstrate about the remainder term in its Taylor expansion near 0?","It shows that the remainder can be the entire function; the remainder need not be small, so the Taylor polynomial alone may not approximate the function well near 0."
"18100a-lecture-20-multicam_1_360p_16_9","approximation","Full Lecture Transcript","In the proof, how is the quantity \(M\) defined and why is it crucial for expressing \(f(x)\) in terms of its Taylor polynomial?","M is defined as \(\displaystyle M = \frac{f(x)-p_{n}(x)}{(x-x_{0})^{\,n+1}}\); it becomes the coefficient of the remainder term, linking \(f(x)\) to its Taylor polynomial plus a factor involving the \((n+1)\)‑st derivative at some intermediate point."
"18100a-lecture-20-multicam_1_360p_16_9","approximation","Full Lecture Transcript","According to the lecture, what two conditions must a differentiable function satisfy at a point \(x_{0}\) to guarantee that \(x_{0}\) is a strict relative minimum?","The derivative must vanish at \(x_{0}\) (i.e., \(f'(x_{0})=0\)) and the second derivative must be positive at that point (i.e., \(f''(x_{0})>0\))."
"18100a-lecture-20-multicam_1_360p_16_9","approximation","Full Lecture Transcript","Define the norm of a partition and explain how it affects the convergence of Riemann sums.","The norm of a partition \(\|\underline{x}\|\) is the largest length of the subintervals \((x_{k}-x_{k-1})\); as this norm tends to zero, the corresponding Riemann sums tend to the Riemann integral of the function."
"18100a-lecture-20-multicam_1_360p_16_9","approximation","Full Lecture Transcript","What is the key difference between a tagged partition and a simple partition, and why is the tagged partition used when forming Riemann sums?","A tagged partition contains, for each subinterval \([x_{k-1},x_{k}]\), a chosen tag point \(\xi_{k}\) inside that subinterval; these tags are used to evaluate the function in the Riemann sum, whereas a simple partition only records the subinterval endpoints."
"18100a-lecture-20-multicam_1_360p_16_9","continuous derivatives","Full Lecture Transcript","When every derivative of a function \(f\) at the point \(x=0\) equals zero, what does the Taylor polynomial of any order \(n\) look like, and why does the function equal its remainder term near that point?","If all derivatives of \(f\) at \(0\) are zero, then the Taylor polynomial of any order \(n\) about \(x=0\) is identically the zero polynomial:\n\[
p_{n}(x)=\sum_{k=0}^{n}\frac{f^{(k)}(0)}{k!}\,x^{k}=0 .
\] Since the polynomial contributes nothing, the entire function \(f\) is represented by the remainder term alone near \(x=0\)."
"18100a-lecture-20-multicam_1_360p_16_9","continuous derivatives","Full Lecture Transcript","In the argument where the remainder term of a Taylor series is expressed via an \((n+1)\)-st derivative, how does repeatedly applying the mean‑value (or Rolle’s) theorem lead to the existence of a point \(c\) between \(x_{0}\) and \(x\) such that \(f^{(n+1)}(c)=\dfrac{(n+1)!}{(x-x_{0})^{\,n+1}}\cdot M\), where \(M\) is the coefficient in the remainder?","Define \(g(s)=f(s)-p_{n}(s)-M(s-x_{0})^{n+1}\).  By construction \(g(x_{0})=g(x)=0\).  Applying Rolle’s theorem gives a point \(x_{1}\) with \(g'(x_{1})=0\); again \(g'(x_{0})=g'(x)=0\), so another application yields \(x_{2}\) with \(g''(x_{2})=0\).  Continuing this process \(n+1\) times produces a point \(c=x_{n+1}\) between \(x_{0}\) and \(x\) with \(g^{(n+1)}(c)=0\).  Since \(g^{(n+1)}(s)=(n+1)!\,M\), we deduce\n\[
M=\frac{f^{(n+1)}(c)}{(n+1)!},
\] 
so \(f(x)=p_{n}(x)+\dfrac{f^{(n+1)}(c)}{(n+1)!}(x-x_{0})^{\,n+1}\)."
"18100a-lecture-20-multicam_1_360p_16_9","continuous derivatives","Full Lecture Transcript","State, as described, the strict second‑derivative test for a local minimum and carefully define what is meant by a strict relative minimum.","The strict second‑derivative test states: if \(f\) is twice continuously differentiable on \((a,b)\) and at a point \(x_{0}\in(a,b)\) one has \(f'(x_{0})=0\) and \(f''(x_{0})>0\), then \(f\) has a strict relative minimum at \(x_{0}\).  A strict relative minimum means there exists \(\delta>0\) such that for every \(x\) with \(0<|x-x_{0}|<\delta\), one has \(f(x)>f(x_{0})\); the inequality is strict for all points other than \(x_{0}\) itself."
"18100a-lecture-20-multicam_1_360p_16_9","continuous derivatives","Full Lecture Transcript","Define a tagged partition of the interval \([a,b]\) and explain how its norm is computed.","A tagged partition of \([a,b]\) consists of a finite sequence \(a=x_{0}<x_{1}<\dots <x_{n}=b\) together with tags \(x_{k}^{c}\) satisfying \(x_{k-1}<x_{k}^{c}\le x_{k}\).  The norm of the partition is\n\[
\|\underline{X}\|=\max_{1\le k\le n}(x_{k}-x_{k-1}),
\] the length of the longest subinterval."
"18100a-lecture-20-multicam_1_360p_16_9","continuous derivatives","Full Lecture Transcript","Provide the explicit formula for the Riemann sum \(S_{F}(\underline{X},\underline{X}^{c})\) associated to a tagged partition and describe what this sum represents in the context of integrating \(f\) over \([a,b]\).","Given a tagged partition \((\underline{X},\underline{X}^{c})\) of \([a,b]\), the associated Riemann sum is\n\[
S_{F}(\underline{X},\underline{X}^{c})=\sum_{k=1}^{n} f(\,x_{k}^{c}\,)(x_{k}-x_{k-1}).
\]  
This sum approximates the area under the graph of \(f\) over \([a,b]\); as the norm of the partition tends to zero, the sums converge (when they do) to the Riemann integral of \(f\) on \([a,b]\)."
"18100a-lecture-20-multicam_1_360p_16_9","L'Hôpital's rule","Full Lecture Transcript","In the lecture, why does the Taylor polynomial at \(0\) turn out to be the zero polynomial even though the function itself is not identically zero?","Because all derivatives of the function at \(0\) vanish, every coefficient in the Taylor expansion is zero. Thus the Taylor polynomial of any order at \(0\) is identically zero, while the remainder term actually equals the whole function near the point."
"18100a-lecture-20-multicam_1_360p_16_9","L'Hôpital's rule","Full Lecture Transcript","What is the purpose of the constant \(M_x=\dfrac{f(x)-p_n(x)}{(x-x_0)^{\,n+1}}\) that appears in the proof of Taylor’s theorem, and how is it eventually related to a higher derivative of \(f\)?","The constant \(M_x\) represents the average value of the remainder term per unit \((x-x_0)^{\,n+1}\). The proof shows that there exists a point \(c\) between \(x_0\) and \(x\) such that \(M_x=\dfrac{f^{(n+1)}(c)}{(n+1)!}\), thereby expressing the remainder in terms of a specific higher derivative of \(f\)."
"18100a-lecture-20-multicam_1_360p_16_9","L'Hôpital's rule","Full Lecture Transcript","According to the lecture, how does the mean value theorem apply to the function \(g(s)=f(s)-p_n(s)-M_x\,(s-x_0)^{\,n+1}\) at the endpoints \(x_0\) and \(x\), and what does this imply about the existence of a point \(c\) between them?","Because \(g(x_0)=g(x)=0\), Rolle’s theorem guarantees a point \(x_1\) between \(x_0\) and \(x\) with \(g'(x_1)=0\). Repeating this process \(n\) times yields a \(c\) such that \(g^{(n+1)}(c)=0\). Since the \((n+1)\)-th derivative of \(g\) is \(f^{(n+1)}(c)-(n+1)!M_x\), setting it to zero gives \(M_x=\dfrac{f^{(n+1)}(c)}{(n+1)!}\)."
"18100a-lecture-20-multicam_1_360p_16_9","L'Hôpital's rule","Full Lecture Transcript","Explain, as presented in the lecture, the difference between a relative minimum and a strict relative minimum for a function \(f\) at a point \(x_0\).","A relative minimum at \(x_0\) means that there exists a neighbourhood of \(x_0\) in which \(f(x)\ge f(x_0)\) for all \(x\). A strict relative minimum strengthens this by requiring \(f(x)>f(x_0)\) for every \(x\neq x_0\) sufficiently close to \(x_0\)."
"18100a-lecture-20-multicam_1_360p_16_9","L'Hôpital's rule","Full Lecture Transcript","What are the definitions of a partition and a tagged partition of an interval \([a,b]\) that were introduced in the lecture, and how is the norm of a partition defined?","A partition of \([a,b]\) is a finite ordered set \(x_0=a<x_1<\dots<x_n=b\). A tagged partition adds a tag \(\xi_k\) chosen in each subinterval \((x_{k-1},x_k)\). The norm of a partition is \(\max_{1\le k\le n}\{x_k-x_{k-1}\}\), i.e., the length of its largest subinterval."
"18100a-lecture-20-multicam_1_360p_16_9","higher-order derivative","Full Lecture Transcript","Why does the Taylor polynomial of the example function at \(0\) equal the zero polynomial?","All derivatives of the function at \(0\) are zero, so each coefficient in the Taylor series—being a derivative at \(0\)—vanishes, giving the zero polynomial."
"18100a-lecture-20-multicam_1_360p_16_9","higher-order derivative","Full Lecture Transcript","What is the purpose of the constant \(M\) introduced when expressing the remainder of the Taylor expansion?","The constant \(M\) serves as the coefficient in the remainder term \(M\,(x-x_{0})^{n+1}\) and will later be shown to equal \(\dfrac{f^{(n+1)}(c)}{(n+1)!}\) for some \(c\) between \(x_{0}\) and \(x\)."
"18100a-lecture-20-multicam_1_360p_16_9","higher-order derivative","Full Lecture Transcript","How does the argument guarantee the existence of a point \(c\) between \(x_{0}\) and \(x\) such that \(M=\dfrac{f^{(n+1)}(c)}{(n+1)!}\)?","A function \(g\) is constructed whose successive derivatives vanish at \(x_{0}\); repeated applications of the mean–value theorem ultimately yield a point where \(g^{(n+1)}(c)=0\). Expanding \(g^{(n+1)}\) shows this value equals \(\dfrac{f^{(n+1)}(c)}{(n+1)!}-M\), forcing \(M=\dfrac{f^{(n+1)}(c)}{(n+1)!}\)."
"18100a-lecture-20-multicam_1_360p_16_9","higher-order derivative","Full Lecture Transcript","According to the second‑derivative test presented, which additional inequality ensures that \(x_{0}\) is a strict relative minimum of \(f\)?","The inequality \(f''(x_{0})>0\) (together with \(f'(x_{0})=0\)) guarantees a strictly positive second derivative at \(x_{0}\), which makes the point a strict relative minimum."
"18100a-lecture-20-multicam_1_360p_16_9","higher-order derivative","Full Lecture Transcript","Why is the norm of a partition defined as the maximum length of its subintervals in the context of Riemann sums?","Defining the norm as the largest subinterval length ensures that shrinking the norm forces all subintervals to become small; this uniform control is needed so that the Riemann sums converge to a single limiting value, the integral."
"18100a-lecture-21-multicam_360p_16_9","Riemann sum","Full Lecture Transcript","In the lecture, the *modulus of continuity* of a continuous function \\(f\\colon [a,b]\\to\\mathbb{R}\\) is introduced.  Define this quantity precisely and describe the fundamental property of it that is repeatedly used later in the discussion.","For a continuous function \\(f:[a,b]\\to\\mathbb{R}\\) and a positive number \\(\\eta\\), the modulus of continuity is\n\n\\[\\omega_f(\\eta)=\\sup\\Bigl\\{\\,|f(x)-f(y)|:\\ x,y\\in[a,b],\\ |x-y|\\le\\eta\\Bigr\\}.\\]\n\nThe fundamental property used later is that \\(\\omega_f\\) is an upper bound on the oscillation of \\(f\\) over any subinterval of length at most \\(\\eta\\); in particular, if \\(\\eta\\) is small, then all values of \\(f\\) on any subinterval of length \\(\\le\\eta\\) are close to each other."
"18100a-lecture-21-multicam_360p_16_9","Riemann sum","Full Lecture Transcript","Why does the modulus of continuity \\(\\omega_f(\\eta)\\) tend to zero as \\(\\eta\\to 0^+\\) for every continuous function on a closed, bounded interval \\([a,b]\\)?  State the argument that leads to this result.","Because \\(f\\) is continuous on the compact interval \\([a,b]\\), it is uniformly continuous.  Thus for every \\(\\varepsilon>0\\) there exists \\(\\delta>0\\) such that \\(|x-y|<\\delta\\) implies \\(|f(x)-f(y)|<\\varepsilon\\).  By definition of \\(\\omega_f\\), this means \\(\\omega_f(\\eta)<\\varepsilon\\) whenever \\(\\eta<\\delta\\).  Hence \\(\\omega_f(\\eta)\\to0\\) as \\(\\eta\\to0^+\\)."
"18100a-lecture-21-multicam_360p_16_9","Riemann sum","Full Lecture Transcript","State the comparison theorem (referred to as Theorem 2 in the lecture) for Riemann sums when one partition \\(\\mathcal{P}'\\) is a refinement of another partition \\(\\mathcal{P}\\).  What explicit estimate does the theorem give for the difference of the two corresponding Riemann sums?","Let \\(\\mathcal{P}\\) and \\(\\mathcal{P}'\\) be tagged partitions of \\([a,b]\\) with \\(\\mathcal{P}\\subseteq\\mathcal{P}'\\) (so \\(\\mathcal{P}'\\) is a refinement of \\(\\mathcal{P}\\)).  Then for any continuous function \\(f\\):\n\n\\[\\bigl|S(f,\\mathcal{P}',\\mathbf{c}')-S(f,\\mathcal{P},\\mathbf{c})\\bigr|\\le\\omega_f\\!\bigl(\\lVert\\mathcal{P}\\rVert\\bigr)\,(b-a),\\]\n\nwhere \\(\\lVert\\mathcal{P}\\rVert\\) is the norm (length of the longest subinterval) of \\(\\mathcal{P}\\)."
"18100a-lecture-21-multicam_360p_16_9","Riemann sum","Full Lecture Transcript","Explain how Theorem 3 (the general comparison result for any two tagged partitions) is derived from Theorem 2.  What role does the construction of a common refinement play in obtaining the bound in Theorem 3?","To compare arbitrary partitions \\(\\mathcal{P}\\) and \\(\\mathcal{P}'\\), one first builds their common refinement \\(\\mathcal{Q}=\\mathcal{P}\\cup\\mathcal{P}'\\).  Applying Theorem 2 twice gives\n\n\\[\\bigl|S(f,\\mathcal{P},\\mathbf{c})-S(f,\\mathcal{Q},\\mathbf{q})\\bigr|
  \\le\\omega_f\\!\bigl(\\lVert\\mathcal{P}\\rVert\\bigr)(b-a),\\]\n\nand a similar inequality for \\(\\mathcal{P}'\\).  By the triangle inequality\n\n\\[\\bigl|S(f,\\mathcal{P},\\mathbf{c})-S(f,\\mathcal{P}',\\mathbf{c}')\\bigr|
  \\le\\bigl|S(f,\\mathcal{P},\\mathbf{c})-S(f,\\mathcal{Q},\\mathbf{q})\\bigr|
      +\\bigl|S(f,\\mathcal{Q},\\mathbf{q})-S(f,\\mathcal{P}',\\mathbf{c}')\\bigr|,\n\nwhich yields the bound quoted in Theorem 3."
"18100a-lecture-21-multicam_360p_16_9","absolute value","Full Lecture Transcript","Define what a partition of the interval \([a,b]\) is and explain how its norm is calculated.","A partition \(X\) of \([a,b]\) is a finite increasing sequence of points \(a=x_{0}<x_{1}<\dots<x_{n}=b\). The norm of the partition, denoted \(\|X\|\), is the length of the longest subinterval \(\max_{1\leq i\leq n}(x_{i}-x_{i-1})\)."
"18100a-lecture-21-multicam_360p_16_9","absolute value","Full Lecture Transcript","What is the modulus of continuity \(\omega_f(\eta)\) of a continuous function \(f\) on \([a,b]\), and why does \(\omega_f(\eta)\to 0\) as \(\eta\to 0\)?","The modulus of continuity of \(f\) is the function \(\omega_f:\mathbb{R}_{>0}\to\mathbb{R}_{\ge0}\) defined by\n\[
   \omega_f(\eta)=\sup_{\substack{x,y\in[a,b]\\ |x-y|\le\eta}}\bigl|f(x)-f(y)\bigr|.
   \]\nBecause \(f\) is uniformly continuous on the closed interval \([a,b]\), for every \(\varepsilon>0\) there exists \(\delta>0\) such that \(|x-y|<\delta\) implies \(|f(x)-f(y)|<\varepsilon\). Hence \(\omega_f(\eta)\le\varepsilon\) whenever \(\eta<\delta\), which shows \(\omega_f(\eta)\to0\) as \(\eta\to0\)."
"18100a-lecture-21-multicam_360p_16_9","absolute value","Full Lecture Transcript","State Theorem 2, which compares Riemann sums for two partitions when one partition is a refinement of the other.","Theorem 2 states: if \((X,\mathcal{C})\) and \((X',\mathcal{C}')\) are tagged partitions of \([a,b]\) and \(X'\) is a refinement of \(X\) (i.e., every point of \(X\) is also in \(X'\)), then for any continuous function \(f\) one has\n\[
   \bigl| S(f,X',\mathcal{C}')-S(f,X,\mathcal{C})\bigr|
   \le \omega_f(\|X\|)\,(b-a).
\]"
"18100a-lecture-21-multicam_360p_16_9","absolute value","Full Lecture Transcript","In the existence proof for the Riemann integral, why do we first fix a particular sequence of tagged partitions with norm going to zero, and how do we show its Riemann sums form a Cauchy sequence?","We choose a sequence of tagged partitions \( (Y_r,\mathcal{Z}_r) \) with \(\|Y_r\|\to0\) because such a sequence exists for any interval and its Riemann sums will generate a candidate limit. To prove that these sums form a Cauchy sequence we use Theorem 3, which gives the estimate\n\[
   \bigl| S(f,Y_r,\mathcal{Z}_r)-S(f,Y_s,\mathcal{Z}_s)\bigr|
   \le \bigl(\omega_f(\|Y_r\|)+\omega_f(\|Y_s\|)\bigr)(b-a).
\]\nSince \(\|Y_r\|\to0\) and \(\omega_f(\eta)\to0\), the right–hand side can be made arbitrarily small by taking \(r,s\) large; this shows the sequence of sums is Cauchy. Completeness of \(\mathbb{R}\) then ensures convergence to some limit \(I\), which will be the value of the integral."
"18100a-lecture-21-multicam_360p_16_9","absolute value","Full Lecture Transcript","Explain the linearity of the Riemann integral and outline the proof that \(\displaystyle\int_a^b(\alpha f+g)\,dx=\alpha\int_a^b f\,dx+\int_a^b g\,dx\) using properties of Riemann sums.","The Riemann integral is linear: for any continuous functions \(f,g\) on \([a,b]\) and any scalar \(\alpha\in\mathbb{R}\) we have\n\[
   \int_{a}^{b}(\alpha f+g)\,dx = \alpha\int_{a}^{b} f\,dx+\int_{a}^{b} g\,dx.
   \]\nThe proof uses Riemann sums: for any tagged partition \((X,\mathcal{C})\), the sum satisfies\n\[
   S(\alpha f+g,X,\mathcal{C})
   = \alpha S(f,X,\mathcal{C}) + S(g,X,\mathcal{C}),
   \]\nand all limits in the definition of the integral respect addition and scalar multiplication. Taking limits of the above identity as the norm of \(X\) tends to 0 yields the claimed linearity."
"18100a-lecture-21-multicam_360p_16_9","modulus of continuity","Full Lecture Transcript","In the lecture, how is the modulus of continuity \u03c9_f(\u03b7) defined for a continuous function f on a closed interval [a,b], and why does this quantity tend to 0 as \u03b7 approaches 0?","For a continuous f on [a,b] the modulus of continuity is defined by\\n\\n\\u03c9_f(\\u03b7) \\;=\\;\\sup\\{\\,|f(x)-f(y)|\\;:\\;x,y\\in[a,b],\\;|x-y|\\le\\u03b7\\}\\n\\nSince f is uniformly continuous on the closed interval, given any ε>0 there exists δ>0 such that |x-y|<δ implies |f(x)-f(y)|<ε.  Taking η<δ forces all pairs with |x-y|≤η to satisfy |f(x)-f(y)|<ε, so the supremum is <ε.  Hence ω_f(η)→0 as η→0."
"18100a-lecture-21-multicam_360p_16_9","modulus of continuity","Full Lecture Transcript","According to the discussion on Riemann sums, what is the key theorem that guarantees the existence of a unique real number which all sufficiently fine Riemann sums converge to for a continuous function f on [a,b]?","The theorem states that for every continuous f:[a,b]→ℝ there exists a unique real number I, called the Riemann integral of f over [a,b], such that for **any** sequence of tagged partitions (X_r,C_r) with ||X_r||→0 the corresponding Riemann sums S(f,X_r,C_r) converge to I."
"18100a-lecture-21-multicam_360p_16_9","modulus of continuity","Full Lecture Transcript","What estimate does the lecture give for the difference between two Riemann sums when one tagged partition is a refinement of the other, expressed in terms of the modulus of continuity and the length of the integration interval?","If (X,C) and (X',C') are tagged partitions of [a,b] with X′ a refinement of X, then\n\n|S(f,X',C')−S(f,X,C)|\\;\\le\\;\\omega_f(||X||)\\,(b−a).\n\nThus the difference between the two sums is bounded by the modulus of continuity evaluated at the norm of the coarser partition times the length of the interval."
"18100a-lecture-21-multicam_360p_16_9","modulus of continuity","Full Lecture Transcript","How does the property of uniform continuity of a function on [a,b] contribute to proving that \u03c9_f(\u03b7) → 0 as \u03b7 → 0?","Uniform continuity gives, for every ε>0, a δ>0 such that |x−y|<δ ⇒ |f(x)-f(y)|<ε.  When η<δ, any pair (x,y) with |x−y|≤η also satisfies |f(x)-f(y)|<ε.  Therefore the supremum of |f(x)-f(y)| over |x−y|≤η is <ε, showing ω_f(η) can be made arbitrarily small; consequently ω_f(η)→0 as η→0."
"18100a-lecture-21-multicam_360p_16_9","modulus of continuity","Full Lecture Transcript","Explain, based on the lecture, why the limit defining the Riemann integral does not depend on the particular sequence of tagged partitions chosen, assuming each sequence has norms going to 0.","The lecture uses an estimate that the absolute difference of two Riemann sums with partitions X and Y satisfies\n\n|S(f,X,C)−S(f,Y,D)|\\le\\omega_f(||X||)(b−a)+\\omega_f(||Y||)(b−a).\n\nSince both ||X|| and ||Y|| tend to zero, the right–hand side tends to 0.  Hence any two sequences of partitions with norms going to zero produce sums whose limits differ by at most an arbitrarily small quantity, forcing all such limits to be the same number.  Therefore the Riemann integral defined as the limit of Riemann sums is independent of the chosen sequence of partitions."
